# r20100916-04_0034500 | Inter-Dipole Distance:  3.00000000E+00 um
  11508 # Number of Dipoles
   1.0000   0.0000   0.0000 # a_1 vector
   0.0000   1.0000   0.0000 # a_2 vector
   1.       1.       1.     # d_x/d  d_y/d  d_z/d (normally 1 1 1 )
   0.5      0.5      0.5    # location in lattice of "target origin"
# um | a  4.20169963E+01 | p  3.43227857E+03 | s  1.33272000E+05 | v  3.10716000E+05
      1    1   43    0    1   1   1
      2    2   43    0    1   1   1
      3    1   44    0    1   1   1
      4    2   44    0    1   1   1
      5    1   45    0    1   1   1
      6    2   45    0    1   1   1
      7    1   42    1    1   1   1
      8    2   42    1    1   1   1
      9    1   43    1    1   1   1
     10    2   43    1    1   1   1
     11    1   44    1    1   1   1
     12    2   44    1    1   1   1
     13    1   45    1    1   1   1
     14    2   45    1    1   1   1
     15    1   46    1    1   1   1
     16    2   46    1    1   1   1
     17    1   41    2    1   1   1
     18    2   41    2    1   1   1
     19    1   42    2    1   1   1
     20    2   42    2    1   1   1
     21    1   43    2    1   1   1
     22    2   43    2    1   1   1
     23    0   44    2    1   1   1
     24    1   44    2    1   1   1
     25    2   44    2    1   1   1
     26    3   44    2    1   1   1
     27    1   45    2    1   1   1
     28    2   45    2    1   1   1
     29    1   46    2    1   1   1
     30    2   46    2    1   1   1
     31    1   47    2    1   1   1
     32    2   47    2    1   1   1
     33    1   48    2    1   1   1
     34    2   48    2    1   1   1
     35    1   40    3    1   1   1
     36    2   40    3    1   1   1
     37    1   41    3    1   1   1
     38    2   41    3    1   1   1
     39    1   42    3    1   1   1
     40    2   42    3    1   1   1
     41    1   43    3    1   1   1
     42    2   43    3    1   1   1
     43    0   44    3    1   1   1
     44    1   44    3    1   1   1
     45    2   44    3    1   1   1
     46    3   44    3    1   1   1
     47    1   45    3    1   1   1
     48    2   45    3    1   1   1
     49    1   46    3    1   1   1
     50    2   46    3    1   1   1
     51    1   47    3    1   1   1
     52    2   47    3    1   1   1
     53    1   48    3    1   1   1
     54    2   48    3    1   1   1
     55    1   49    3    1   1   1
     56    2   49    3    1   1   1
     57    1   38    4    1   1   1
     58    2   38    4    1   1   1
     59    1   39    4    1   1   1
     60    2   39    4    1   1   1
     61    1   40    4    1   1   1
     62    2   40    4    1   1   1
     63    1   41    4    1   1   1
     64    2   41    4    1   1   1
     65    1   42    4    1   1   1
     66    2   42    4    1   1   1
     67    1   43    4    1   1   1
     68    2   43    4    1   1   1
     69    0   44    4    1   1   1
     70    1   44    4    1   1   1
     71    2   44    4    1   1   1
     72    3   44    4    1   1   1
     73    0   45    4    1   1   1
     74    1   45    4    1   1   1
     75    2   45    4    1   1   1
     76    3   45    4    1   1   1
     77    1   46    4    1   1   1
     78    2   46    4    1   1   1
     79    1   47    4    1   1   1
     80    2   47    4    1   1   1
     81    1   48    4    1   1   1
     82    2   48    4    1   1   1
     83    1   49    4    1   1   1
     84    2   49    4    1   1   1
     85    1   50    4    1   1   1
     86    2   50    4    1   1   1
     87    1   38    5    1   1   1
     88    2   38    5    1   1   1
     89    1   39    5    1   1   1
     90    2   39    5    1   1   1
     91    1   40    5    1   1   1
     92    2   40    5    1   1   1
     93    1   41    5    1   1   1
     94    2   41    5    1   1   1
     95    1   42    5    1   1   1
     96    2   42    5    1   1   1
     97    1   43    5    1   1   1
     98    2   43    5    1   1   1
     99    0   44    5    1   1   1
    100    1   44    5    1   1   1
    101    2   44    5    1   1   1
    102    3   44    5    1   1   1
    103    0   45    5    1   1   1
    104    1   45    5    1   1   1
    105    2   45    5    1   1   1
    106    3   45    5    1   1   1
    107    1   46    5    1   1   1
    108    2   46    5    1   1   1
    109    1   47    5    1   1   1
    110    2   47    5    1   1   1
    111    1   48    5    1   1   1
    112    2   48    5    1   1   1
    113    1   49    5    1   1   1
    114    2   49    5    1   1   1
    115    1   50    5    1   1   1
    116    2   50    5    1   1   1
    117    1   39    6    1   1   1
    118    2   39    6    1   1   1
    119    1   40    6    1   1   1
    120    2   40    6    1   1   1
    121    1   41    6    1   1   1
    122    2   41    6    1   1   1
    123    1   42    6    1   1   1
    124    2   42    6    1   1   1
    125    1   43    6    1   1   1
    126    2   43    6    1   1   1
    127    0   44    6    1   1   1
    128    1   44    6    1   1   1
    129    2   44    6    1   1   1
    130    3   44    6    1   1   1
    131    0   45    6    1   1   1
    132    1   45    6    1   1   1
    133    2   45    6    1   1   1
    134    3   45    6    1   1   1
    135    1   46    6    1   1   1
    136    2   46    6    1   1   1
    137    1   47    6    1   1   1
    138    2   47    6    1   1   1
    139    1   48    6    1   1   1
    140    2   48    6    1   1   1
    141    1   49    6    1   1   1
    142    2   49    6    1   1   1
    143    1   50    6    1   1   1
    144    2   50    6    1   1   1
    145    1   51    6    1   1   1
    146    2   51    6    1   1   1
    147    1   37    7    1   1   1
    148    2   37    7    1   1   1
    149    1   39    7    1   1   1
    150    2   39    7    1   1   1
    151    1   40    7    1   1   1
    152    2   40    7    1   1   1
    153    1   41    7    1   1   1
    154    2   41    7    1   1   1
    155    1   42    7    1   1   1
    156    2   42    7    1   1   1
    157    1   43    7    1   1   1
    158    2   43    7    1   1   1
    159    0   44    7    1   1   1
    160    1   44    7    1   1   1
    161    2   44    7    1   1   1
    162    3   44    7    1   1   1
    163    0   45    7    1   1   1
    164    1   45    7    1   1   1
    165    2   45    7    1   1   1
    166    3   45    7    1   1   1
    167    1   46    7    1   1   1
    168    2   46    7    1   1   1
    169    1   47    7    1   1   1
    170    2   47    7    1   1   1
    171    1   48    7    1   1   1
    172    2   48    7    1   1   1
    173    1   49    7    1   1   1
    174    2   49    7    1   1   1
    175    1   50    7    1   1   1
    176    2   50    7    1   1   1
    177    1   37    8    1   1   1
    178    2   37    8    1   1   1
    179    1   38    8    1   1   1
    180    2   38    8    1   1   1
    181    1   39    8    1   1   1
    182    2   39    8    1   1   1
    183    1   40    8    1   1   1
    184    2   40    8    1   1   1
    185    1   41    8    1   1   1
    186    2   41    8    1   1   1
    187    1   42    8    1   1   1
    188    2   42    8    1   1   1
    189    1   43    8    1   1   1
    190    2   43    8    1   1   1
    191    0   44    8    1   1   1
    192    1   44    8    1   1   1
    193    2   44    8    1   1   1
    194    3   44    8    1   1   1
    195    0   45    8    1   1   1
    196    1   45    8    1   1   1
    197    2   45    8    1   1   1
    198    3   45    8    1   1   1
    199    1   46    8    1   1   1
    200    2   46    8    1   1   1
    201    1   47    8    1   1   1
    202    2   47    8    1   1   1
    203    1   48    8    1   1   1
    204    2   48    8    1   1   1
    205    1   49    8    1   1   1
    206    2   49    8    1   1   1
    207    1   50    8    1   1   1
    208    2   50    8    1   1   1
    209    1   51    8    1   1   1
    210    2   51    8    1   1   1
    211    1   38    9    1   1   1
    212    2   38    9    1   1   1
    213    1   39    9    1   1   1
    214    2   39    9    1   1   1
    215    1   40    9    1   1   1
    216    2   40    9    1   1   1
    217    1   41    9    1   1   1
    218    2   41    9    1   1   1
    219    1   42    9    1   1   1
    220    2   42    9    1   1   1
    221    1   43    9    1   1   1
    222    2   43    9    1   1   1
    223    0   44    9    1   1   1
    224    1   44    9    1   1   1
    225    2   44    9    1   1   1
    226    3   44    9    1   1   1
    227    0   45    9    1   1   1
    228    1   45    9    1   1   1
    229    2   45    9    1   1   1
    230    3   45    9    1   1   1
    231    1   46    9    1   1   1
    232    2   46    9    1   1   1
    233    1   47    9    1   1   1
    234    2   47    9    1   1   1
    235    1   48    9    1   1   1
    236    2   48    9    1   1   1
    237    1   49    9    1   1   1
    238    2   49    9    1   1   1
    239    1   50    9    1   1   1
    240    2   50    9    1   1   1
    241    1   51    9    1   1   1
    242    2   51    9    1   1   1
    243    1   39   10    1   1   1
    244    2   39   10    1   1   1
    245    1   40   10    1   1   1
    246    2   40   10    1   1   1
    247    1   41   10    1   1   1
    248    2   41   10    1   1   1
    249    1   42   10    1   1   1
    250    2   42   10    1   1   1
    251    1   43   10    1   1   1
    252    2   43   10    1   1   1
    253    0   44   10    1   1   1
    254    1   44   10    1   1   1
    255    2   44   10    1   1   1
    256    3   44   10    1   1   1
    257    0   45   10    1   1   1
    258    1   45   10    1   1   1
    259    2   45   10    1   1   1
    260    3   45   10    1   1   1
    261    1   46   10    1   1   1
    262    2   46   10    1   1   1
    263    1   47   10    1   1   1
    264    2   47   10    1   1   1
    265    1   48   10    1   1   1
    266    2   48   10    1   1   1
    267    1   49   10    1   1   1
    268    2   49   10    1   1   1
    269    1   50   10    1   1   1
    270    2   50   10    1   1   1
    271    0   36   11    1   1   1
    272    1   36   11    1   1   1
    273    2   36   11    1   1   1
    274    3   36   11    1   1   1
    275    0   37   11    1   1   1
    276    1   37   11    1   1   1
    277    2   37   11    1   1   1
    278    3   37   11    1   1   1
    279    0   38   11    1   1   1
    280    1   38   11    1   1   1
    281    2   38   11    1   1   1
    282    3   38   11    1   1   1
    283    1   40   11    1   1   1
    284    2   40   11    1   1   1
    285    1   41   11    1   1   1
    286    2   41   11    1   1   1
    287    1   42   11    1   1   1
    288    2   42   11    1   1   1
    289    1   43   11    1   1   1
    290    2   43   11    1   1   1
    291    0   44   11    1   1   1
    292    1   44   11    1   1   1
    293    2   44   11    1   1   1
    294    3   44   11    1   1   1
    295    0   45   11    1   1   1
    296    1   45   11    1   1   1
    297    2   45   11    1   1   1
    298    3   45   11    1   1   1
    299    1   46   11    1   1   1
    300    2   46   11    1   1   1
    301    1   47   11    1   1   1
    302    2   47   11    1   1   1
    303    1   48   11    1   1   1
    304    2   48   11    1   1   1
    305    1   49   11    1   1   1
    306    2   49   11    1   1   1
    307    0   51   11    1   1   1
    308    1   51   11    1   1   1
    309    2   51   11    1   1   1
    310    3   51   11    1   1   1
    311    0   52   11    1   1   1
    312    1   52   11    1   1   1
    313    2   52   11    1   1   1
    314    3   52   11    1   1   1
    315    0   36   12    1   1   1
    316    3   36   12    1   1   1
    317    0   37   12    1   1   1
    318    3   37   12    1   1   1
    319    0   38   12    1   1   1
    320    1   38   12    1   1   1
    321    2   38   12    1   1   1
    322    3   38   12    1   1   1
    323    0   39   12    1   1   1
    324    1   39   12    1   1   1
    325    2   39   12    1   1   1
    326    3   39   12    1   1   1
    327    1   40   12    1   1   1
    328    2   40   12    1   1   1
    329    1   41   12    1   1   1
    330    2   41   12    1   1   1
    331    1   42   12    1   1   1
    332    2   42   12    1   1   1
    333    1   43   12    1   1   1
    334    2   43   12    1   1   1
    335    0   44   12    1   1   1
    336    1   44   12    1   1   1
    337    2   44   12    1   1   1
    338    3   44   12    1   1   1
    339    0   45   12    1   1   1
    340    1   45   12    1   1   1
    341    2   45   12    1   1   1
    342    3   45   12    1   1   1
    343    1   46   12    1   1   1
    344    2   46   12    1   1   1
    345    1   47   12    1   1   1
    346    2   47   12    1   1   1
    347    1   48   12    1   1   1
    348    2   48   12    1   1   1
    349    0   49   12    1   1   1
    350    1   49   12    1   1   1
    351    2   49   12    1   1   1
    352    3   49   12    1   1   1
    353    0   50   12    1   1   1
    354    1   50   12    1   1   1
    355    2   50   12    1   1   1
    356    3   50   12    1   1   1
    357    0   51   12    1   1   1
    358    1   51   12    1   1   1
    359    2   51   12    1   1   1
    360    3   51   12    1   1   1
    361    0   52   12    1   1   1
    362    1   52   12    1   1   1
    363    2   52   12    1   1   1
    364    3   52   12    1   1   1
    365    1   38   13    1   1   1
    366    2   38   13    1   1   1
    367    0   39   13    1   1   1
    368    1   39   13    1   1   1
    369    2   39   13    1   1   1
    370    3   39   13    1   1   1
    371    1   40   13    1   1   1
    372    2   40   13    1   1   1
    373    1   41   13    1   1   1
    374    2   41   13    1   1   1
    375    1   42   13    1   1   1
    376    2   42   13    1   1   1
    377    1   43   13    1   1   1
    378    2   43   13    1   1   1
    379    0   44   13    1   1   1
    380    1   44   13    1   1   1
    381    2   44   13    1   1   1
    382    3   44   13    1   1   1
    383    0   45   13    1   1   1
    384    1   45   13    1   1   1
    385    2   45   13    1   1   1
    386    3   45   13    1   1   1
    387    1   46   13    1   1   1
    388    2   46   13    1   1   1
    389    1   47   13    1   1   1
    390    2   47   13    1   1   1
    391    1   48   13    1   1   1
    392    2   48   13    1   1   1
    393    0   49   13    1   1   1
    394    1   49   13    1   1   1
    395    2   49   13    1   1   1
    396    3   49   13    1   1   1
    397    0   50   13    1   1   1
    398    1   50   13    1   1   1
    399    2   50   13    1   1   1
    400    3   50   13    1   1   1
    401    1   51   13    1   1   1
    402    2   51   13    1   1   1
    403    0   52   13    1   1   1
    404    3   52   13    1   1   1
    405    0   36   14    1   1   1
    406    1   36   14    1   1   1
    407    2   36   14    1   1   1
    408    3   36   14    1   1   1
    409    0   37   14    1   1   1
    410    1   37   14    1   1   1
    411    2   37   14    1   1   1
    412    3   37   14    1   1   1
    413    0   38   14    1   1   1
    414    3   38   14    1   1   1
    415    0   39   14    1   1   1
    416    3   39   14    1   1   1
    417    1   40   14    1   1   1
    418    2   40   14    1   1   1
    419    1   41   14    1   1   1
    420    2   41   14    1   1   1
    421    1   42   14    1   1   1
    422    2   42   14    1   1   1
    423    1   43   14    1   1   1
    424    2   43   14    1   1   1
    425    0   44   14    1   1   1
    426    1   44   14    1   1   1
    427    2   44   14    1   1   1
    428    3   44   14    1   1   1
    429    0   45   14    1   1   1
    430    1   45   14    1   1   1
    431    2   45   14    1   1   1
    432    3   45   14    1   1   1
    433    1   46   14    1   1   1
    434    2   46   14    1   1   1
    435    1   47   14    1   1   1
    436    2   47   14    1   1   1
    437    1   48   14    1   1   1
    438    2   48   14    1   1   1
    439    0   49   14    1   1   1
    440    1   49   14    1   1   1
    441    2   49   14    1   1   1
    442    3   49   14    1   1   1
    443    0   50   14    1   1   1
    444    3   50   14    1   1   1
    445    0   51   14    1   1   1
    446    3   51   14    1   1   1
    447    0   52   14    1   1   1
    448    1   52   14    1   1   1
    449    2   52   14    1   1   1
    450    3   52   14    1   1   1
    451    1   53   14    1   1   1
    452    2   53   14    1   1   1
    453    0   36   15    1   1   1
    454    3   36   15    1   1   1
    455    0   37   15    1   1   1
    456    1   37   15    1   1   1
    457    2   37   15    1   1   1
    458    3   37   15    1   1   1
    459    0   38   15    1   1   1
    460    1   38   15    1   1   1
    461    2   38   15    1   1   1
    462    3   38   15    1   1   1
    463    0   39   15    1   1   1
    464    1   39   15    1   1   1
    465    2   39   15    1   1   1
    466    3   39   15    1   1   1
    467    0   40   15    1   1   1
    468    1   40   15    1   1   1
    469    2   40   15    1   1   1
    470    3   40   15    1   1   1
    471    1   41   15    1   1   1
    472    2   41   15    1   1   1
    473    1   42   15    1   1   1
    474    2   42   15    1   1   1
    475    1   43   15    1   1   1
    476    2   43   15    1   1   1
    477    0   44   15    1   1   1
    478    1   44   15    1   1   1
    479    2   44   15    1   1   1
    480    3   44   15    1   1   1
    481    0   45   15    1   1   1
    482    1   45   15    1   1   1
    483    2   45   15    1   1   1
    484    3   45   15    1   1   1
    485    1   46   15    1   1   1
    486    2   46   15    1   1   1
    487    1   47   15    1   1   1
    488    2   47   15    1   1   1
    489    1   48   15    1   1   1
    490    2   48   15    1   1   1
    491    0   49   15    1   1   1
    492    1   49   15    1   1   1
    493    2   49   15    1   1   1
    494    3   49   15    1   1   1
    495    0   50   15    1   1   1
    496    1   50   15    1   1   1
    497    2   50   15    1   1   1
    498    3   50   15    1   1   1
    499    0   51   15    1   1   1
    500    1   51   15    1   1   1
    501    2   51   15    1   1   1
    502    3   51   15    1   1   1
    503    0   52   15    1   1   1
    504    1   52   15    1   1   1
    505    2   52   15    1   1   1
    506    3   52   15    1   1   1
    507    0   38   16    1   1   1
    508    1   38   16    1   1   1
    509    2   38   16    1   1   1
    510    3   38   16    1   1   1
    511    0   39   16    1   1   1
    512    1   39   16    1   1   1
    513    2   39   16    1   1   1
    514    3   39   16    1   1   1
    515    0   40   16    1   1   1
    516    1   40   16    1   1   1
    517    2   40   16    1   1   1
    518    3   40   16    1   1   1
    519    1   41   16    1   1   1
    520    2   41   16    1   1   1
    521    1   42   16    1   1   1
    522    2   42   16    1   1   1
    523    1   43   16    1   1   1
    524    2   43   16    1   1   1
    525    0   44   16    1   1   1
    526    1   44   16    1   1   1
    527    2   44   16    1   1   1
    528    3   44   16    1   1   1
    529    0   45   16    1   1   1
    530    1   45   16    1   1   1
    531    2   45   16    1   1   1
    532    3   45   16    1   1   1
    533    1   46   16    1   1   1
    534    2   46   16    1   1   1
    535    1   47   16    1   1   1
    536    2   47   16    1   1   1
    537    1   48   16    1   1   1
    538    2   48   16    1   1   1
    539    0   49   16    1   1   1
    540    1   49   16    1   1   1
    541    2   49   16    1   1   1
    542    3   49   16    1   1   1
    543    0   50   16    1   1   1
    544    1   50   16    1   1   1
    545    2   50   16    1   1   1
    546    3   50   16    1   1   1
    547    0   51   16    1   1   1
    548    1   51   16    1   1   1
    549    2   51   16    1   1   1
    550    3   51   16    1   1   1
    551    0   37   17    1   1   1
    552    1   37   17    1   1   1
    553    2   37   17    1   1   1
    554    3   37   17    1   1   1
    555    0   38   17    1   1   1
    556    1   38   17    1   1   1
    557    2   38   17    1   1   1
    558    3   38   17    1   1   1
    559    0   39   17    1   1   1
    560    1   39   17    1   1   1
    561    2   39   17    1   1   1
    562    3   39   17    1   1   1
    563    0   40   17    1   1   1
    564    1   40   17    1   1   1
    565    2   40   17    1   1   1
    566    3   40   17    1   1   1
    567    1   41   17    1   1   1
    568    2   41   17    1   1   1
    569    1   42   17    1   1   1
    570    2   42   17    1   1   1
    571    1   43   17    1   1   1
    572    2   43   17    1   1   1
    573    0   44   17    1   1   1
    574    1   44   17    1   1   1
    575    2   44   17    1   1   1
    576    3   44   17    1   1   1
    577    0   45   17    1   1   1
    578    1   45   17    1   1   1
    579    2   45   17    1   1   1
    580    3   45   17    1   1   1
    581    1   46   17    1   1   1
    582    2   46   17    1   1   1
    583    1   47   17    1   1   1
    584    2   47   17    1   1   1
    585    0   48   17    1   1   1
    586    1   48   17    1   1   1
    587    2   48   17    1   1   1
    588    3   48   17    1   1   1
    589    0   49   17    1   1   1
    590    1   49   17    1   1   1
    591    2   49   17    1   1   1
    592    3   49   17    1   1   1
    593    0   50   17    1   1   1
    594    1   50   17    1   1   1
    595    2   50   17    1   1   1
    596    3   50   17    1   1   1
    597    0   51   17    1   1   1
    598    1   51   17    1   1   1
    599    2   51   17    1   1   1
    600    3   51   17    1   1   1
    601    0   52   17    1   1   1
    602    1   52   17    1   1   1
    603    2   52   17    1   1   1
    604    3   52   17    1   1   1
    605    0   36   18    1   1   1
    606    1   36   18    1   1   1
    607    2   36   18    1   1   1
    608    3   36   18    1   1   1
    609    0   37   18    1   1   1
    610    3   37   18    1   1   1
    611    0   38   18    1   1   1
    612    1   38   18    1   1   1
    613    2   38   18    1   1   1
    614    3   38   18    1   1   1
    615    0   39   18    1   1   1
    616    1   39   18    1   1   1
    617    2   39   18    1   1   1
    618    3   39   18    1   1   1
    619    0   40   18    1   1   1
    620    1   40   18    1   1   1
    621    2   40   18    1   1   1
    622    3   40   18    1   1   1
    623    0   41   18    1   1   1
    624    1   41   18    1   1   1
    625    2   41   18    1   1   1
    626    3   41   18    1   1   1
    627    1   42   18    1   1   1
    628    2   42   18    1   1   1
    629    1   43   18    1   1   1
    630    2   43   18    1   1   1
    631    0   44   18    1   1   1
    632    1   44   18    1   1   1
    633    2   44   18    1   1   1
    634    3   44   18    1   1   1
    635    0   45   18    1   1   1
    636    1   45   18    1   1   1
    637    2   45   18    1   1   1
    638    3   45   18    1   1   1
    639    1   46   18    1   1   1
    640    2   46   18    1   1   1
    641    1   47   18    1   1   1
    642    2   47   18    1   1   1
    643    0   48   18    1   1   1
    644    1   48   18    1   1   1
    645    2   48   18    1   1   1
    646    3   48   18    1   1   1
    647    0   49   18    1   1   1
    648    1   49   18    1   1   1
    649    2   49   18    1   1   1
    650    3   49   18    1   1   1
    651    0   50   18    1   1   1
    652    1   50   18    1   1   1
    653    2   50   18    1   1   1
    654    3   50   18    1   1   1
    655    0   51   18    1   1   1
    656    1   51   18    1   1   1
    657    2   51   18    1   1   1
    658    3   51   18    1   1   1
    659    0   52   18    1   1   1
    660    3   52   18    1   1   1
    661    0   53   18    1   1   1
    662    1   53   18    1   1   1
    663    2   53   18    1   1   1
    664    3   53   18    1   1   1
    665    0   36   19    1   1   1
    666    1   36   19    1   1   1
    667    2   36   19    1   1   1
    668    3   36   19    1   1   1
    669    0   37   19    1   1   1
    670    1   37   19    1   1   1
    671    2   37   19    1   1   1
    672    3   37   19    1   1   1
    673    0   38   19    1   1   1
    674    1   38   19    1   1   1
    675    2   38   19    1   1   1
    676    3   38   19    1   1   1
    677    0   39   19    1   1   1
    678    1   39   19    1   1   1
    679    2   39   19    1   1   1
    680    3   39   19    1   1   1
    681    0   40   19    1   1   1
    682    1   40   19    1   1   1
    683    2   40   19    1   1   1
    684    3   40   19    1   1   1
    685    0   41   19    1   1   1
    686    1   41   19    1   1   1
    687    2   41   19    1   1   1
    688    3   41   19    1   1   1
    689    1   42   19    1   1   1
    690    2   42   19    1   1   1
    691    1   43   19    1   1   1
    692    2   43   19    1   1   1
    693    0   44   19    1   1   1
    694    1   44   19    1   1   1
    695    2   44   19    1   1   1
    696    3   44   19    1   1   1
    697    0   45   19    1   1   1
    698    1   45   19    1   1   1
    699    2   45   19    1   1   1
    700    3   45   19    1   1   1
    701    1   46   19    1   1   1
    702    2   46   19    1   1   1
    703    1   47   19    1   1   1
    704    2   47   19    1   1   1
    705    0   48   19    1   1   1
    706    1   48   19    1   1   1
    707    2   48   19    1   1   1
    708    3   48   19    1   1   1
    709    0   49   19    1   1   1
    710    1   49   19    1   1   1
    711    2   49   19    1   1   1
    712    3   49   19    1   1   1
    713    0   50   19    1   1   1
    714    1   50   19    1   1   1
    715    2   50   19    1   1   1
    716    3   50   19    1   1   1
    717    0   51   19    1   1   1
    718    1   51   19    1   1   1
    719    2   51   19    1   1   1
    720    3   51   19    1   1   1
    721    0   52   19    1   1   1
    722    1   52   19    1   1   1
    723    2   52   19    1   1   1
    724    3   52   19    1   1   1
    725    0   53   19    1   1   1
    726    1   53   19    1   1   1
    727    2   53   19    1   1   1
    728    3   53   19    1   1   1
    729    0   36   20    1   1   1
    730    1   36   20    1   1   1
    731    2   36   20    1   1   1
    732    3   36   20    1   1   1
    733    0   37   20    1   1   1
    734    1   37   20    1   1   1
    735    2   37   20    1   1   1
    736    3   37   20    1   1   1
    737    0   38   20    1   1   1
    738    1   38   20    1   1   1
    739    2   38   20    1   1   1
    740    3   38   20    1   1   1
    741    0   39   20    1   1   1
    742    1   39   20    1   1   1
    743    2   39   20    1   1   1
    744    3   39   20    1   1   1
    745    0   40   20    1   1   1
    746    1   40   20    1   1   1
    747    2   40   20    1   1   1
    748    3   40   20    1   1   1
    749    0   41   20    1   1   1
    750    1   41   20    1   1   1
    751    2   41   20    1   1   1
    752    3   41   20    1   1   1
    753    1   42   20    1   1   1
    754    2   42   20    1   1   1
    755    1   43   20    1   1   1
    756    2   43   20    1   1   1
    757    0   44   20    1   1   1
    758    1   44   20    1   1   1
    759    2   44   20    1   1   1
    760    3   44   20    1   1   1
    761    0   45   20    1   1   1
    762    1   45   20    1   1   1
    763    2   45   20    1   1   1
    764    3   45   20    1   1   1
    765    1   46   20    1   1   1
    766    2   46   20    1   1   1
    767    0   47   20    1   1   1
    768    1   47   20    1   1   1
    769    2   47   20    1   1   1
    770    3   47   20    1   1   1
    771    0   48   20    1   1   1
    772    1   48   20    1   1   1
    773    2   48   20    1   1   1
    774    3   48   20    1   1   1
    775    0   49   20    1   1   1
    776    1   49   20    1   1   1
    777    2   49   20    1   1   1
    778    3   49   20    1   1   1
    779    0   50   20    1   1   1
    780    1   50   20    1   1   1
    781    2   50   20    1   1   1
    782    3   50   20    1   1   1
    783    0   51   20    1   1   1
    784    1   51   20    1   1   1
    785    2   51   20    1   1   1
    786    3   51   20    1   1   1
    787    0   52   20    1   1   1
    788    1   52   20    1   1   1
    789    2   52   20    1   1   1
    790    3   52   20    1   1   1
    791    0   53   20    1   1   1
    792    1   53   20    1   1   1
    793    2   53   20    1   1   1
    794    3   53   20    1   1   1
    795    0   37   21    1   1   1
    796    3   37   21    1   1   1
    797    0   38   21    1   1   1
    798    3   38   21    1   1   1
    799    0   39   21    1   1   1
    800    1   39   21    1   1   1
    801    2   39   21    1   1   1
    802    3   39   21    1   1   1
    803    0   40   21    1   1   1
    804    1   40   21    1   1   1
    805    2   40   21    1   1   1
    806    3   40   21    1   1   1
    807    0   41   21    1   1   1
    808    1   41   21    1   1   1
    809    2   41   21    1   1   1
    810    3   41   21    1   1   1
    811    1   42   21    1   1   1
    812    2   42   21    1   1   1
    813    1   43   21    1   1   1
    814    2   43   21    1   1   1
    815    0   44   21    1   1   1
    816    1   44   21    1   1   1
    817    2   44   21    1   1   1
    818    3   44   21    1   1   1
    819    0   45   21    1   1   1
    820    1   45   21    1   1   1
    821    2   45   21    1   1   1
    822    3   45   21    1   1   1
    823    1   46   21    1   1   1
    824    2   46   21    1   1   1
    825    0   47   21    1   1   1
    826    1   47   21    1   1   1
    827    2   47   21    1   1   1
    828    3   47   21    1   1   1
    829    0   48   21    1   1   1
    830    1   48   21    1   1   1
    831    2   48   21    1   1   1
    832    3   48   21    1   1   1
    833    0   49   21    1   1   1
    834    1   49   21    1   1   1
    835    2   49   21    1   1   1
    836    3   49   21    1   1   1
    837    0   50   21    1   1   1
    838    1   50   21    1   1   1
    839    2   50   21    1   1   1
    840    3   50   21    1   1   1
    841    0   51   21    1   1   1
    842    3   51   21    1   1   1
    843    0   52   21    1   1   1
    844    3   52   21    1   1   1
    845    1    6   22    1   1   1
    846    2    6   22    1   1   1
    847    1    7   22    1   1   1
    848    2    7   22    1   1   1
    849    1   10   22    1   1   1
    850    2   10   22    1   1   1
    851    1   11   22    1   1   1
    852    2   11   22    1   1   1
    853    0   37   22    1   1   1
    854    1   37   22    1   1   1
    855    2   37   22    1   1   1
    856    3   37   22    1   1   1
    857    0   38   22    1   1   1
    858    1   38   22    1   1   1
    859    2   38   22    1   1   1
    860    3   38   22    1   1   1
    861    0   39   22    1   1   1
    862    1   39   22    1   1   1
    863    2   39   22    1   1   1
    864    3   39   22    1   1   1
    865    0   40   22    1   1   1
    866    1   40   22    1   1   1
    867    2   40   22    1   1   1
    868    3   40   22    1   1   1
    869    0   41   22    1   1   1
    870    1   41   22    1   1   1
    871    2   41   22    1   1   1
    872    3   41   22    1   1   1
    873    0   42   22    1   1   1
    874    1   42   22    1   1   1
    875    2   42   22    1   1   1
    876    3   42   22    1   1   1
    877    1   43   22    1   1   1
    878    2   43   22    1   1   1
    879    0   44   22    1   1   1
    880    1   44   22    1   1   1
    881    2   44   22    1   1   1
    882    3   44   22    1   1   1
    883    0   45   22    1   1   1
    884    1   45   22    1   1   1
    885    2   45   22    1   1   1
    886    3   45   22    1   1   1
    887    1   46   22    1   1   1
    888    2   46   22    1   1   1
    889    0   47   22    1   1   1
    890    1   47   22    1   1   1
    891    2   47   22    1   1   1
    892    3   47   22    1   1   1
    893    0   48   22    1   1   1
    894    1   48   22    1   1   1
    895    2   48   22    1   1   1
    896    3   48   22    1   1   1
    897    0   49   22    1   1   1
    898    1   49   22    1   1   1
    899    2   49   22    1   1   1
    900    3   49   22    1   1   1
    901    0   50   22    1   1   1
    902    1   50   22    1   1   1
    903    2   50   22    1   1   1
    904    3   50   22    1   1   1
    905    0   51   22    1   1   1
    906    1   51   22    1   1   1
    907    2   51   22    1   1   1
    908    3   51   22    1   1   1
    909    0   52   22    1   1   1
    910    1   52   22    1   1   1
    911    2   52   22    1   1   1
    912    3   52   22    1   1   1
    913    1   78   22    1   1   1
    914    2   78   22    1   1   1
    915    1   79   22    1   1   1
    916    2   79   22    1   1   1
    917    1   82   22    1   1   1
    918    2   82   22    1   1   1
    919    1   83   22    1   1   1
    920    2   83   22    1   1   1
    921    1    4   23    1   1   1
    922    2    4   23    1   1   1
    923    1    5   23    1   1   1
    924    2    5   23    1   1   1
    925    1    6   23    1   1   1
    926    2    6   23    1   1   1
    927    1    7   23    1   1   1
    928    2    7   23    1   1   1
    929    1    8   23    1   1   1
    930    2    8   23    1   1   1
    931    1    9   23    1   1   1
    932    2    9   23    1   1   1
    933    1   10   23    1   1   1
    934    2   10   23    1   1   1
    935    1   11   23    1   1   1
    936    2   11   23    1   1   1
    937    0   37   23    1   1   1
    938    3   37   23    1   1   1
    939    0   38   23    1   1   1
    940    1   38   23    1   1   1
    941    2   38   23    1   1   1
    942    3   38   23    1   1   1
    943    0   39   23    1   1   1
    944    1   39   23    1   1   1
    945    2   39   23    1   1   1
    946    3   39   23    1   1   1
    947    0   40   23    1   1   1
    948    1   40   23    1   1   1
    949    2   40   23    1   1   1
    950    3   40   23    1   1   1
    951    0   41   23    1   1   1
    952    1   41   23    1   1   1
    953    2   41   23    1   1   1
    954    3   41   23    1   1   1
    955    0   42   23    1   1   1
    956    1   42   23    1   1   1
    957    2   42   23    1   1   1
    958    3   42   23    1   1   1
    959    1   43   23    1   1   1
    960    2   43   23    1   1   1
    961    0   44   23    1   1   1
    962    1   44   23    1   1   1
    963    2   44   23    1   1   1
    964    3   44   23    1   1   1
    965    0   45   23    1   1   1
    966    1   45   23    1   1   1
    967    2   45   23    1   1   1
    968    3   45   23    1   1   1
    969    1   46   23    1   1   1
    970    2   46   23    1   1   1
    971    0   47   23    1   1   1
    972    1   47   23    1   1   1
    973    2   47   23    1   1   1
    974    3   47   23    1   1   1
    975    0   48   23    1   1   1
    976    1   48   23    1   1   1
    977    2   48   23    1   1   1
    978    3   48   23    1   1   1
    979    0   49   23    1   1   1
    980    1   49   23    1   1   1
    981    2   49   23    1   1   1
    982    3   49   23    1   1   1
    983    0   50   23    1   1   1
    984    1   50   23    1   1   1
    985    2   50   23    1   1   1
    986    3   50   23    1   1   1
    987    0   51   23    1   1   1
    988    1   51   23    1   1   1
    989    2   51   23    1   1   1
    990    3   51   23    1   1   1
    991    0   52   23    1   1   1
    992    3   52   23    1   1   1
    993    1   77   23    1   1   1
    994    2   77   23    1   1   1
    995    1   78   23    1   1   1
    996    2   78   23    1   1   1
    997    1   79   23    1   1   1
    998    2   79   23    1   1   1
    999    1   80   23    1   1   1
   1000    2   80   23    1   1   1
   1001    1   81   23    1   1   1
   1002    2   81   23    1   1   1
   1003    1   82   23    1   1   1
   1004    2   82   23    1   1   1
   1005    1   83   23    1   1   1
   1006    2   83   23    1   1   1
   1007    1   84   23    1   1   1
   1008    2   84   23    1   1   1
   1009    1    2   24    1   1   1
   1010    2    2   24    1   1   1
   1011    1    3   24    1   1   1
   1012    2    3   24    1   1   1
   1013    1    4   24    1   1   1
   1014    2    4   24    1   1   1
   1015    1    5   24    1   1   1
   1016    2    5   24    1   1   1
   1017    1    6   24    1   1   1
   1018    2    6   24    1   1   1
   1019    1    7   24    1   1   1
   1020    2    7   24    1   1   1
   1021    1    8   24    1   1   1
   1022    2    8   24    1   1   1
   1023    1    9   24    1   1   1
   1024    2    9   24    1   1   1
   1025    1   10   24    1   1   1
   1026    2   10   24    1   1   1
   1027    1   11   24    1   1   1
   1028    2   11   24    1   1   1
   1029    1   12   24    1   1   1
   1030    2   12   24    1   1   1
   1031    0   14   24    1   1   1
   1032    1   14   24    1   1   1
   1033    2   14   24    1   1   1
   1034    3   14   24    1   1   1
   1035    0   15   24    1   1   1
   1036    3   15   24    1   1   1
   1037    0   36   24    1   1   1
   1038    1   36   24    1   1   1
   1039    2   36   24    1   1   1
   1040    3   36   24    1   1   1
   1041    0   37   24    1   1   1
   1042    1   37   24    1   1   1
   1043    2   37   24    1   1   1
   1044    3   37   24    1   1   1
   1045    0   38   24    1   1   1
   1046    3   38   24    1   1   1
   1047    0   39   24    1   1   1
   1048    1   39   24    1   1   1
   1049    2   39   24    1   1   1
   1050    3   39   24    1   1   1
   1051    0   40   24    1   1   1
   1052    1   40   24    1   1   1
   1053    2   40   24    1   1   1
   1054    3   40   24    1   1   1
   1055    0   41   24    1   1   1
   1056    1   41   24    1   1   1
   1057    2   41   24    1   1   1
   1058    3   41   24    1   1   1
   1059    0   42   24    1   1   1
   1060    1   42   24    1   1   1
   1061    2   42   24    1   1   1
   1062    3   42   24    1   1   1
   1063    1   43   24    1   1   1
   1064    2   43   24    1   1   1
   1065    0   44   24    1   1   1
   1066    1   44   24    1   1   1
   1067    2   44   24    1   1   1
   1068    3   44   24    1   1   1
   1069    0   45   24    1   1   1
   1070    1   45   24    1   1   1
   1071    2   45   24    1   1   1
   1072    3   45   24    1   1   1
   1073    1   46   24    1   1   1
   1074    2   46   24    1   1   1
   1075    0   47   24    1   1   1
   1076    1   47   24    1   1   1
   1077    2   47   24    1   1   1
   1078    3   47   24    1   1   1
   1079    0   48   24    1   1   1
   1080    1   48   24    1   1   1
   1081    2   48   24    1   1   1
   1082    3   48   24    1   1   1
   1083    0   49   24    1   1   1
   1084    1   49   24    1   1   1
   1085    2   49   24    1   1   1
   1086    3   49   24    1   1   1
   1087    0   50   24    1   1   1
   1088    1   50   24    1   1   1
   1089    2   50   24    1   1   1
   1090    3   50   24    1   1   1
   1091    0   51   24    1   1   1
   1092    3   51   24    1   1   1
   1093    0   52   24    1   1   1
   1094    1   52   24    1   1   1
   1095    2   52   24    1   1   1
   1096    3   52   24    1   1   1
   1097    0   53   24    1   1   1
   1098    1   53   24    1   1   1
   1099    2   53   24    1   1   1
   1100    3   53   24    1   1   1
   1101    0   74   24    1   1   1
   1102    1   74   24    1   1   1
   1103    2   74   24    1   1   1
   1104    3   74   24    1   1   1
   1105    0   75   24    1   1   1
   1106    1   75   24    1   1   1
   1107    2   75   24    1   1   1
   1108    3   75   24    1   1   1
   1109    1   77   24    1   1   1
   1110    2   77   24    1   1   1
   1111    1   78   24    1   1   1
   1112    2   78   24    1   1   1
   1113    1   79   24    1   1   1
   1114    2   79   24    1   1   1
   1115    1   80   24    1   1   1
   1116    2   80   24    1   1   1
   1117    1   81   24    1   1   1
   1118    2   81   24    1   1   1
   1119    1   82   24    1   1   1
   1120    2   82   24    1   1   1
   1121    1   83   24    1   1   1
   1122    2   83   24    1   1   1
   1123    1   84   24    1   1   1
   1124    2   84   24    1   1   1
   1125    1   85   24    1   1   1
   1126    2   85   24    1   1   1
   1127    1   86   24    1   1   1
   1128    2   86   24    1   1   1
   1129    1   87   24    1   1   1
   1130    2   87   24    1   1   1
   1131    1    0   25    1   1   1
   1132    2    0   25    1   1   1
   1133    1    1   25    1   1   1
   1134    2    1   25    1   1   1
   1135    1    2   25    1   1   1
   1136    2    2   25    1   1   1
   1137    1    3   25    1   1   1
   1138    2    3   25    1   1   1
   1139    1    4   25    1   1   1
   1140    2    4   25    1   1   1
   1141    1    5   25    1   1   1
   1142    2    5   25    1   1   1
   1143    1    6   25    1   1   1
   1144    2    6   25    1   1   1
   1145    1    7   25    1   1   1
   1146    2    7   25    1   1   1
   1147    1    8   25    1   1   1
   1148    2    8   25    1   1   1
   1149    1    9   25    1   1   1
   1150    2    9   25    1   1   1
   1151    1   10   25    1   1   1
   1152    2   10   25    1   1   1
   1153    1   11   25    1   1   1
   1154    2   11   25    1   1   1
   1155    1   12   25    1   1   1
   1156    2   12   25    1   1   1
   1157    0   14   25    1   1   1
   1158    1   14   25    1   1   1
   1159    2   14   25    1   1   1
   1160    3   14   25    1   1   1
   1161    0   15   25    1   1   1
   1162    3   15   25    1   1   1
   1163    0   16   25    1   1   1
   1164    3   16   25    1   1   1
   1165    0   17   25    1   1   1
   1166    1   17   25    1   1   1
   1167    2   17   25    1   1   1
   1168    3   17   25    1   1   1
   1169    0   36   25    1   1   1
   1170    3   36   25    1   1   1
   1171    0   37   25    1   1   1
   1172    3   37   25    1   1   1
   1173    0   38   25    1   1   1
   1174    1   38   25    1   1   1
   1175    2   38   25    1   1   1
   1176    3   38   25    1   1   1
   1177    0   39   25    1   1   1
   1178    1   39   25    1   1   1
   1179    2   39   25    1   1   1
   1180    3   39   25    1   1   1
   1181    0   40   25    1   1   1
   1182    1   40   25    1   1   1
   1183    2   40   25    1   1   1
   1184    3   40   25    1   1   1
   1185    0   41   25    1   1   1
   1186    1   41   25    1   1   1
   1187    2   41   25    1   1   1
   1188    3   41   25    1   1   1
   1189    0   42   25    1   1   1
   1190    1   42   25    1   1   1
   1191    2   42   25    1   1   1
   1192    3   42   25    1   1   1
   1193    1   43   25    1   1   1
   1194    2   43   25    1   1   1
   1195    0   44   25    1   1   1
   1196    1   44   25    1   1   1
   1197    2   44   25    1   1   1
   1198    3   44   25    1   1   1
   1199    1   45   25    1   1   1
   1200    2   45   25    1   1   1
   1201    1   46   25    1   1   1
   1202    2   46   25    1   1   1
   1203    0   47   25    1   1   1
   1204    1   47   25    1   1   1
   1205    2   47   25    1   1   1
   1206    3   47   25    1   1   1
   1207    0   48   25    1   1   1
   1208    1   48   25    1   1   1
   1209    2   48   25    1   1   1
   1210    3   48   25    1   1   1
   1211    0   49   25    1   1   1
   1212    1   49   25    1   1   1
   1213    2   49   25    1   1   1
   1214    3   49   25    1   1   1
   1215    0   50   25    1   1   1
   1216    1   50   25    1   1   1
   1217    2   50   25    1   1   1
   1218    3   50   25    1   1   1
   1219    0   51   25    1   1   1
   1220    1   51   25    1   1   1
   1221    2   51   25    1   1   1
   1222    3   51   25    1   1   1
   1223    0   52   25    1   1   1
   1224    3   52   25    1   1   1
   1225    0   53   25    1   1   1
   1226    3   53   25    1   1   1
   1227    0   72   25    1   1   1
   1228    1   72   25    1   1   1
   1229    2   72   25    1   1   1
   1230    3   72   25    1   1   1
   1231    0   74   25    1   1   1
   1232    1   74   25    1   1   1
   1233    2   74   25    1   1   1
   1234    3   74   25    1   1   1
   1235    0   75   25    1   1   1
   1236    1   75   25    1   1   1
   1237    2   75   25    1   1   1
   1238    3   75   25    1   1   1
   1239    1   77   25    1   1   1
   1240    2   77   25    1   1   1
   1241    1   78   25    1   1   1
   1242    2   78   25    1   1   1
   1243    1   79   25    1   1   1
   1244    2   79   25    1   1   1
   1245    1   80   25    1   1   1
   1246    2   80   25    1   1   1
   1247    1   81   25    1   1   1
   1248    2   81   25    1   1   1
   1249    1   82   25    1   1   1
   1250    2   82   25    1   1   1
   1251    1   83   25    1   1   1
   1252    2   83   25    1   1   1
   1253    1   84   25    1   1   1
   1254    2   84   25    1   1   1
   1255    1   85   25    1   1   1
   1256    2   85   25    1   1   1
   1257    1   86   25    1   1   1
   1258    2   86   25    1   1   1
   1259    1   87   25    1   1   1
   1260    2   87   25    1   1   1
   1261    1   88   25    1   1   1
   1262    2   88   25    1   1   1
   1263    1   89   25    1   1   1
   1264    2   89   25    1   1   1
   1265    1    1   26    1   1   1
   1266    2    1   26    1   1   1
   1267    0    2   26    1   1   1
   1268    1    2   26    1   1   1
   1269    2    2   26    1   1   1
   1270    3    2   26    1   1   1
   1271    0    3   26    1   1   1
   1272    1    3   26    1   1   1
   1273    2    3   26    1   1   1
   1274    3    3   26    1   1   1
   1275    1    4   26    1   1   1
   1276    2    4   26    1   1   1
   1277    1    5   26    1   1   1
   1278    2    5   26    1   1   1
   1279    1    6   26    1   1   1
   1280    2    6   26    1   1   1
   1281    1    7   26    1   1   1
   1282    2    7   26    1   1   1
   1283    1    8   26    1   1   1
   1284    2    8   26    1   1   1
   1285    1    9   26    1   1   1
   1286    2    9   26    1   1   1
   1287    1   10   26    1   1   1
   1288    2   10   26    1   1   1
   1289    1   11   26    1   1   1
   1290    2   11   26    1   1   1
   1291    1   12   26    1   1   1
   1292    2   12   26    1   1   1
   1293    0   14   26    1   1   1
   1294    1   14   26    1   1   1
   1295    2   14   26    1   1   1
   1296    3   14   26    1   1   1
   1297    0   15   26    1   1   1
   1298    1   15   26    1   1   1
   1299    2   15   26    1   1   1
   1300    3   15   26    1   1   1
   1301    0   16   26    1   1   1
   1302    3   16   26    1   1   1
   1303    0   17   26    1   1   1
   1304    1   17   26    1   1   1
   1305    2   17   26    1   1   1
   1306    3   17   26    1   1   1
   1307    0   18   26    1   1   1
   1308    1   18   26    1   1   1
   1309    2   18   26    1   1   1
   1310    3   18   26    1   1   1
   1311    0   36   26    1   1   1
   1312    1   36   26    1   1   1
   1313    2   36   26    1   1   1
   1314    3   36   26    1   1   1
   1315    0   37   26    1   1   1
   1316    3   37   26    1   1   1
   1317    0   38   26    1   1   1
   1318    3   38   26    1   1   1
   1319    0   39   26    1   1   1
   1320    1   39   26    1   1   1
   1321    2   39   26    1   1   1
   1322    3   39   26    1   1   1
   1323    0   40   26    1   1   1
   1324    1   40   26    1   1   1
   1325    2   40   26    1   1   1
   1326    3   40   26    1   1   1
   1327    0   41   26    1   1   1
   1328    1   41   26    1   1   1
   1329    2   41   26    1   1   1
   1330    3   41   26    1   1   1
   1331    0   42   26    1   1   1
   1332    1   42   26    1   1   1
   1333    2   42   26    1   1   1
   1334    3   42   26    1   1   1
   1335    1   43   26    1   1   1
   1336    2   43   26    1   1   1
   1337    0   44   26    1   1   1
   1338    1   44   26    1   1   1
   1339    2   44   26    1   1   1
   1340    3   44   26    1   1   1
   1341    0   45   26    1   1   1
   1342    1   45   26    1   1   1
   1343    2   45   26    1   1   1
   1344    3   45   26    1   1   1
   1345    1   46   26    1   1   1
   1346    2   46   26    1   1   1
   1347    0   47   26    1   1   1
   1348    1   47   26    1   1   1
   1349    2   47   26    1   1   1
   1350    3   47   26    1   1   1
   1351    0   48   26    1   1   1
   1352    1   48   26    1   1   1
   1353    2   48   26    1   1   1
   1354    3   48   26    1   1   1
   1355    0   49   26    1   1   1
   1356    1   49   26    1   1   1
   1357    2   49   26    1   1   1
   1358    3   49   26    1   1   1
   1359    0   50   26    1   1   1
   1360    1   50   26    1   1   1
   1361    2   50   26    1   1   1
   1362    3   50   26    1   1   1
   1363    0   51   26    1   1   1
   1364    3   51   26    1   1   1
   1365    0   52   26    1   1   1
   1366    3   52   26    1   1   1
   1367    0   53   26    1   1   1
   1368    1   53   26    1   1   1
   1369    2   53   26    1   1   1
   1370    3   53   26    1   1   1
   1371    0   68   26    1   1   1
   1372    1   68   26    1   1   1
   1373    2   68   26    1   1   1
   1374    3   68   26    1   1   1
   1375    0   71   26    1   1   1
   1376    1   71   26    1   1   1
   1377    2   71   26    1   1   1
   1378    3   71   26    1   1   1
   1379    0   72   26    1   1   1
   1380    1   72   26    1   1   1
   1381    2   72   26    1   1   1
   1382    3   72   26    1   1   1
   1383    0   73   26    1   1   1
   1384    3   73   26    1   1   1
   1385    0   74   26    1   1   1
   1386    1   74   26    1   1   1
   1387    2   74   26    1   1   1
   1388    3   74   26    1   1   1
   1389    0   75   26    1   1   1
   1390    1   75   26    1   1   1
   1391    2   75   26    1   1   1
   1392    3   75   26    1   1   1
   1393    1   76   26    1   1   1
   1394    2   76   26    1   1   1
   1395    1   77   26    1   1   1
   1396    2   77   26    1   1   1
   1397    1   78   26    1   1   1
   1398    2   78   26    1   1   1
   1399    1   79   26    1   1   1
   1400    2   79   26    1   1   1
   1401    1   80   26    1   1   1
   1402    2   80   26    1   1   1
   1403    1   81   26    1   1   1
   1404    2   81   26    1   1   1
   1405    1   82   26    1   1   1
   1406    2   82   26    1   1   1
   1407    1   83   26    1   1   1
   1408    2   83   26    1   1   1
   1409    1   84   26    1   1   1
   1410    2   84   26    1   1   1
   1411    1   85   26    1   1   1
   1412    2   85   26    1   1   1
   1413    0   86   26    1   1   1
   1414    1   86   26    1   1   1
   1415    2   86   26    1   1   1
   1416    3   86   26    1   1   1
   1417    0   87   26    1   1   1
   1418    1   87   26    1   1   1
   1419    2   87   26    1   1   1
   1420    3   87   26    1   1   1
   1421    1   88   26    1   1   1
   1422    2   88   26    1   1   1
   1423    1    1   27    1   1   1
   1424    2    1   27    1   1   1
   1425    1    2   27    1   1   1
   1426    2    2   27    1   1   1
   1427    0    3   27    1   1   1
   1428    1    3   27    1   1   1
   1429    2    3   27    1   1   1
   1430    3    3   27    1   1   1
   1431    0    4   27    1   1   1
   1432    1    4   27    1   1   1
   1433    2    4   27    1   1   1
   1434    3    4   27    1   1   1
   1435    0    5   27    1   1   1
   1436    1    5   27    1   1   1
   1437    2    5   27    1   1   1
   1438    3    5   27    1   1   1
   1439    1    6   27    1   1   1
   1440    2    6   27    1   1   1
   1441    1    7   27    1   1   1
   1442    2    7   27    1   1   1
   1443    1    8   27    1   1   1
   1444    2    8   27    1   1   1
   1445    1    9   27    1   1   1
   1446    2    9   27    1   1   1
   1447    1   10   27    1   1   1
   1448    2   10   27    1   1   1
   1449    1   11   27    1   1   1
   1450    2   11   27    1   1   1
   1451    1   12   27    1   1   1
   1452    2   12   27    1   1   1
   1453    1   13   27    1   1   1
   1454    2   13   27    1   1   1
   1455    0   14   27    1   1   1
   1456    1   14   27    1   1   1
   1457    2   14   27    1   1   1
   1458    3   14   27    1   1   1
   1459    0   15   27    1   1   1
   1460    1   15   27    1   1   1
   1461    2   15   27    1   1   1
   1462    3   15   27    1   1   1
   1463    0   16   27    1   1   1
   1464    3   16   27    1   1   1
   1465    0   17   27    1   1   1
   1466    1   17   27    1   1   1
   1467    2   17   27    1   1   1
   1468    3   17   27    1   1   1
   1469    0   18   27    1   1   1
   1470    1   18   27    1   1   1
   1471    2   18   27    1   1   1
   1472    3   18   27    1   1   1
   1473    0   19   27    1   1   1
   1474    1   19   27    1   1   1
   1475    2   19   27    1   1   1
   1476    3   19   27    1   1   1
   1477    0   20   27    1   1   1
   1478    3   20   27    1   1   1
   1479    0   21   27    1   1   1
   1480    1   21   27    1   1   1
   1481    2   21   27    1   1   1
   1482    3   21   27    1   1   1
   1483    0   22   27    1   1   1
   1484    1   22   27    1   1   1
   1485    2   22   27    1   1   1
   1486    3   22   27    1   1   1
   1487    0   36   27    1   1   1
   1488    1   36   27    1   1   1
   1489    2   36   27    1   1   1
   1490    3   36   27    1   1   1
   1491    0   37   27    1   1   1
   1492    1   37   27    1   1   1
   1493    2   37   27    1   1   1
   1494    3   37   27    1   1   1
   1495    0   38   27    1   1   1
   1496    1   38   27    1   1   1
   1497    2   38   27    1   1   1
   1498    3   38   27    1   1   1
   1499    0   39   27    1   1   1
   1500    1   39   27    1   1   1
   1501    2   39   27    1   1   1
   1502    3   39   27    1   1   1
   1503    0   40   27    1   1   1
   1504    1   40   27    1   1   1
   1505    2   40   27    1   1   1
   1506    3   40   27    1   1   1
   1507    0   41   27    1   1   1
   1508    1   41   27    1   1   1
   1509    2   41   27    1   1   1
   1510    3   41   27    1   1   1
   1511    0   42   27    1   1   1
   1512    1   42   27    1   1   1
   1513    2   42   27    1   1   1
   1514    3   42   27    1   1   1
   1515    1   43   27    1   1   1
   1516    2   43   27    1   1   1
   1517    0   44   27    1   1   1
   1518    1   44   27    1   1   1
   1519    2   44   27    1   1   1
   1520    3   44   27    1   1   1
   1521    0   45   27    1   1   1
   1522    1   45   27    1   1   1
   1523    2   45   27    1   1   1
   1524    3   45   27    1   1   1
   1525    1   46   27    1   1   1
   1526    2   46   27    1   1   1
   1527    0   47   27    1   1   1
   1528    1   47   27    1   1   1
   1529    2   47   27    1   1   1
   1530    3   47   27    1   1   1
   1531    0   48   27    1   1   1
   1532    1   48   27    1   1   1
   1533    2   48   27    1   1   1
   1534    3   48   27    1   1   1
   1535    0   49   27    1   1   1
   1536    1   49   27    1   1   1
   1537    2   49   27    1   1   1
   1538    3   49   27    1   1   1
   1539    0   50   27    1   1   1
   1540    3   50   27    1   1   1
   1541    0   51   27    1   1   1
   1542    1   51   27    1   1   1
   1543    2   51   27    1   1   1
   1544    3   51   27    1   1   1
   1545    0   52   27    1   1   1
   1546    1   52   27    1   1   1
   1547    2   52   27    1   1   1
   1548    3   52   27    1   1   1
   1549    0   53   27    1   1   1
   1550    1   53   27    1   1   1
   1551    2   53   27    1   1   1
   1552    3   53   27    1   1   1
   1553    0   67   27    1   1   1
   1554    1   67   27    1   1   1
   1555    2   67   27    1   1   1
   1556    3   67   27    1   1   1
   1557    0   68   27    1   1   1
   1558    1   68   27    1   1   1
   1559    2   68   27    1   1   1
   1560    3   68   27    1   1   1
   1561    0   71   27    1   1   1
   1562    1   71   27    1   1   1
   1563    2   71   27    1   1   1
   1564    3   71   27    1   1   1
   1565    0   72   27    1   1   1
   1566    1   72   27    1   1   1
   1567    2   72   27    1   1   1
   1568    3   72   27    1   1   1
   1569    0   73   27    1   1   1
   1570    3   73   27    1   1   1
   1571    0   74   27    1   1   1
   1572    1   74   27    1   1   1
   1573    2   74   27    1   1   1
   1574    3   74   27    1   1   1
   1575    0   75   27    1   1   1
   1576    1   75   27    1   1   1
   1577    2   75   27    1   1   1
   1578    3   75   27    1   1   1
   1579    1   76   27    1   1   1
   1580    2   76   27    1   1   1
   1581    1   77   27    1   1   1
   1582    2   77   27    1   1   1
   1583    1   78   27    1   1   1
   1584    2   78   27    1   1   1
   1585    1   79   27    1   1   1
   1586    2   79   27    1   1   1
   1587    1   80   27    1   1   1
   1588    2   80   27    1   1   1
   1589    1   81   27    1   1   1
   1590    2   81   27    1   1   1
   1591    1   82   27    1   1   1
   1592    2   82   27    1   1   1
   1593    1   83   27    1   1   1
   1594    2   83   27    1   1   1
   1595    0   84   27    1   1   1
   1596    1   84   27    1   1   1
   1597    2   84   27    1   1   1
   1598    3   84   27    1   1   1
   1599    0   85   27    1   1   1
   1600    1   85   27    1   1   1
   1601    2   85   27    1   1   1
   1602    3   85   27    1   1   1
   1603    1   86   27    1   1   1
   1604    2   86   27    1   1   1
   1605    1   87   27    1   1   1
   1606    2   87   27    1   1   1
   1607    1   88   27    1   1   1
   1608    2   88   27    1   1   1
   1609    1    1   28    1   1   1
   1610    2    1   28    1   1   1
   1611    1    2   28    1   1   1
   1612    2    2   28    1   1   1
   1613    1    3   28    1   1   1
   1614    2    3   28    1   1   1
   1615    1    4   28    1   1   1
   1616    2    4   28    1   1   1
   1617    0    5   28    1   1   1
   1618    1    5   28    1   1   1
   1619    2    5   28    1   1   1
   1620    3    5   28    1   1   1
   1621    0    6   28    1   1   1
   1622    1    6   28    1   1   1
   1623    2    6   28    1   1   1
   1624    3    6   28    1   1   1
   1625    1    7   28    1   1   1
   1626    2    7   28    1   1   1
   1627    1    8   28    1   1   1
   1628    2    8   28    1   1   1
   1629    1    9   28    1   1   1
   1630    2    9   28    1   1   1
   1631    1   10   28    1   1   1
   1632    2   10   28    1   1   1
   1633    1   11   28    1   1   1
   1634    2   11   28    1   1   1
   1635    1   12   28    1   1   1
   1636    2   12   28    1   1   1
   1637    1   13   28    1   1   1
   1638    2   13   28    1   1   1
   1639    1   14   28    1   1   1
   1640    2   14   28    1   1   1
   1641    0   15   28    1   1   1
   1642    1   15   28    1   1   1
   1643    2   15   28    1   1   1
   1644    3   15   28    1   1   1
   1645    1   16   28    1   1   1
   1646    2   16   28    1   1   1
   1647    0   17   28    1   1   1
   1648    1   17   28    1   1   1
   1649    2   17   28    1   1   1
   1650    3   17   28    1   1   1
   1651    0   18   28    1   1   1
   1652    1   18   28    1   1   1
   1653    2   18   28    1   1   1
   1654    3   18   28    1   1   1
   1655    0   19   28    1   1   1
   1656    1   19   28    1   1   1
   1657    2   19   28    1   1   1
   1658    3   19   28    1   1   1
   1659    0   20   28    1   1   1
   1660    3   20   28    1   1   1
   1661    0   21   28    1   1   1
   1662    1   21   28    1   1   1
   1663    2   21   28    1   1   1
   1664    3   21   28    1   1   1
   1665    0   22   28    1   1   1
   1666    1   22   28    1   1   1
   1667    2   22   28    1   1   1
   1668    3   22   28    1   1   1
   1669    0   36   28    1   1   1
   1670    1   36   28    1   1   1
   1671    2   36   28    1   1   1
   1672    3   36   28    1   1   1
   1673    0   37   28    1   1   1
   1674    1   37   28    1   1   1
   1675    2   37   28    1   1   1
   1676    3   37   28    1   1   1
   1677    0   38   28    1   1   1
   1678    1   38   28    1   1   1
   1679    2   38   28    1   1   1
   1680    3   38   28    1   1   1
   1681    0   39   28    1   1   1
   1682    1   39   28    1   1   1
   1683    2   39   28    1   1   1
   1684    3   39   28    1   1   1
   1685    0   40   28    1   1   1
   1686    1   40   28    1   1   1
   1687    2   40   28    1   1   1
   1688    3   40   28    1   1   1
   1689    0   41   28    1   1   1
   1690    1   41   28    1   1   1
   1691    2   41   28    1   1   1
   1692    3   41   28    1   1   1
   1693    0   42   28    1   1   1
   1694    1   42   28    1   1   1
   1695    2   42   28    1   1   1
   1696    3   42   28    1   1   1
   1697    1   43   28    1   1   1
   1698    2   43   28    1   1   1
   1699    0   44   28    1   1   1
   1700    1   44   28    1   1   1
   1701    2   44   28    1   1   1
   1702    3   44   28    1   1   1
   1703    0   45   28    1   1   1
   1704    1   45   28    1   1   1
   1705    2   45   28    1   1   1
   1706    3   45   28    1   1   1
   1707    1   46   28    1   1   1
   1708    2   46   28    1   1   1
   1709    0   47   28    1   1   1
   1710    1   47   28    1   1   1
   1711    2   47   28    1   1   1
   1712    3   47   28    1   1   1
   1713    0   48   28    1   1   1
   1714    1   48   28    1   1   1
   1715    2   48   28    1   1   1
   1716    3   48   28    1   1   1
   1717    0   49   28    1   1   1
   1718    1   49   28    1   1   1
   1719    2   49   28    1   1   1
   1720    3   49   28    1   1   1
   1721    0   50   28    1   1   1
   1722    1   50   28    1   1   1
   1723    2   50   28    1   1   1
   1724    3   50   28    1   1   1
   1725    0   51   28    1   1   1
   1726    1   51   28    1   1   1
   1727    2   51   28    1   1   1
   1728    3   51   28    1   1   1
   1729    0   52   28    1   1   1
   1730    1   52   28    1   1   1
   1731    2   52   28    1   1   1
   1732    3   52   28    1   1   1
   1733    0   53   28    1   1   1
   1734    1   53   28    1   1   1
   1735    2   53   28    1   1   1
   1736    3   53   28    1   1   1
   1737    0   67   28    1   1   1
   1738    1   67   28    1   1   1
   1739    2   67   28    1   1   1
   1740    3   67   28    1   1   1
   1741    0   68   28    1   1   1
   1742    1   68   28    1   1   1
   1743    2   68   28    1   1   1
   1744    3   68   28    1   1   1
   1745    0   70   28    1   1   1
   1746    1   70   28    1   1   1
   1747    2   70   28    1   1   1
   1748    3   70   28    1   1   1
   1749    0   72   28    1   1   1
   1750    1   72   28    1   1   1
   1751    2   72   28    1   1   1
   1752    3   72   28    1   1   1
   1753    1   73   28    1   1   1
   1754    2   73   28    1   1   1
   1755    0   74   28    1   1   1
   1756    1   74   28    1   1   1
   1757    2   74   28    1   1   1
   1758    3   74   28    1   1   1
   1759    1   75   28    1   1   1
   1760    2   75   28    1   1   1
   1761    1   76   28    1   1   1
   1762    2   76   28    1   1   1
   1763    1   77   28    1   1   1
   1764    2   77   28    1   1   1
   1765    1   78   28    1   1   1
   1766    2   78   28    1   1   1
   1767    1   79   28    1   1   1
   1768    2   79   28    1   1   1
   1769    1   80   28    1   1   1
   1770    2   80   28    1   1   1
   1771    1   81   28    1   1   1
   1772    2   81   28    1   1   1
   1773    1   82   28    1   1   1
   1774    2   82   28    1   1   1
   1775    0   83   28    1   1   1
   1776    1   83   28    1   1   1
   1777    2   83   28    1   1   1
   1778    3   83   28    1   1   1
   1779    0   84   28    1   1   1
   1780    1   84   28    1   1   1
   1781    2   84   28    1   1   1
   1782    3   84   28    1   1   1
   1783    1   85   28    1   1   1
   1784    2   85   28    1   1   1
   1785    1   86   28    1   1   1
   1786    2   86   28    1   1   1
   1787    1   87   28    1   1   1
   1788    2   87   28    1   1   1
   1789    1   88   28    1   1   1
   1790    2   88   28    1   1   1
   1791    1    1   29    1   1   1
   1792    2    1   29    1   1   1
   1793    1    2   29    1   1   1
   1794    2    2   29    1   1   1
   1795    1    3   29    1   1   1
   1796    2    3   29    1   1   1
   1797    1    4   29    1   1   1
   1798    2    4   29    1   1   1
   1799    1    5   29    1   1   1
   1800    2    5   29    1   1   1
   1801    1    6   29    1   1   1
   1802    2    6   29    1   1   1
   1803    0    7   29    1   1   1
   1804    1    7   29    1   1   1
   1805    2    7   29    1   1   1
   1806    3    7   29    1   1   1
   1807    0    8   29    1   1   1
   1808    1    8   29    1   1   1
   1809    2    8   29    1   1   1
   1810    3    8   29    1   1   1
   1811    1    9   29    1   1   1
   1812    2    9   29    1   1   1
   1813    1   10   29    1   1   1
   1814    2   10   29    1   1   1
   1815    1   11   29    1   1   1
   1816    2   11   29    1   1   1
   1817    1   12   29    1   1   1
   1818    2   12   29    1   1   1
   1819    1   13   29    1   1   1
   1820    2   13   29    1   1   1
   1821    1   14   29    1   1   1
   1822    2   14   29    1   1   1
   1823    1   15   29    1   1   1
   1824    2   15   29    1   1   1
   1825    0   16   29    1   1   1
   1826    1   16   29    1   1   1
   1827    2   16   29    1   1   1
   1828    3   16   29    1   1   1
   1829    0   17   29    1   1   1
   1830    1   17   29    1   1   1
   1831    2   17   29    1   1   1
   1832    3   17   29    1   1   1
   1833    0   18   29    1   1   1
   1834    1   18   29    1   1   1
   1835    2   18   29    1   1   1
   1836    3   18   29    1   1   1
   1837    0   19   29    1   1   1
   1838    1   19   29    1   1   1
   1839    2   19   29    1   1   1
   1840    3   19   29    1   1   1
   1841    0   20   29    1   1   1
   1842    1   20   29    1   1   1
   1843    2   20   29    1   1   1
   1844    3   20   29    1   1   1
   1845    0   21   29    1   1   1
   1846    1   21   29    1   1   1
   1847    2   21   29    1   1   1
   1848    3   21   29    1   1   1
   1849    0   22   29    1   1   1
   1850    1   22   29    1   1   1
   1851    2   22   29    1   1   1
   1852    3   22   29    1   1   1
   1853    0   23   29    1   1   1
   1854    3   23   29    1   1   1
   1855    0   38   29    1   1   1
   1856    3   38   29    1   1   1
   1857    0   39   29    1   1   1
   1858    3   39   29    1   1   1
   1859    0   40   29    1   1   1
   1860    1   40   29    1   1   1
   1861    2   40   29    1   1   1
   1862    3   40   29    1   1   1
   1863    0   41   29    1   1   1
   1864    1   41   29    1   1   1
   1865    2   41   29    1   1   1
   1866    3   41   29    1   1   1
   1867    0   42   29    1   1   1
   1868    1   42   29    1   1   1
   1869    2   42   29    1   1   1
   1870    3   42   29    1   1   1
   1871    1   43   29    1   1   1
   1872    2   43   29    1   1   1
   1873    0   44   29    1   1   1
   1874    1   44   29    1   1   1
   1875    2   44   29    1   1   1
   1876    3   44   29    1   1   1
   1877    1   45   29    1   1   1
   1878    2   45   29    1   1   1
   1879    1   46   29    1   1   1
   1880    2   46   29    1   1   1
   1881    0   47   29    1   1   1
   1882    1   47   29    1   1   1
   1883    2   47   29    1   1   1
   1884    3   47   29    1   1   1
   1885    0   48   29    1   1   1
   1886    1   48   29    1   1   1
   1887    2   48   29    1   1   1
   1888    3   48   29    1   1   1
   1889    0   49   29    1   1   1
   1890    1   49   29    1   1   1
   1891    2   49   29    1   1   1
   1892    3   49   29    1   1   1
   1893    0   50   29    1   1   1
   1894    3   50   29    1   1   1
   1895    0   51   29    1   1   1
   1896    3   51   29    1   1   1
   1897    0   65   29    1   1   1
   1898    1   65   29    1   1   1
   1899    2   65   29    1   1   1
   1900    3   65   29    1   1   1
   1901    0   67   29    1   1   1
   1902    1   67   29    1   1   1
   1903    2   67   29    1   1   1
   1904    3   67   29    1   1   1
   1905    0   68   29    1   1   1
   1906    1   68   29    1   1   1
   1907    2   68   29    1   1   1
   1908    3   68   29    1   1   1
   1909    0   70   29    1   1   1
   1910    1   70   29    1   1   1
   1911    2   70   29    1   1   1
   1912    3   70   29    1   1   1
   1913    0   71   29    1   1   1
   1914    1   71   29    1   1   1
   1915    2   71   29    1   1   1
   1916    3   71   29    1   1   1
   1917    0   72   29    1   1   1
   1918    1   72   29    1   1   1
   1919    2   72   29    1   1   1
   1920    3   72   29    1   1   1
   1921    1   73   29    1   1   1
   1922    2   73   29    1   1   1
   1923    1   74   29    1   1   1
   1924    2   74   29    1   1   1
   1925    1   75   29    1   1   1
   1926    2   75   29    1   1   1
   1927    1   76   29    1   1   1
   1928    2   76   29    1   1   1
   1929    1   77   29    1   1   1
   1930    2   77   29    1   1   1
   1931    1   78   29    1   1   1
   1932    2   78   29    1   1   1
   1933    1   79   29    1   1   1
   1934    2   79   29    1   1   1
   1935    1   80   29    1   1   1
   1936    2   80   29    1   1   1
   1937    0   81   29    1   1   1
   1938    1   81   29    1   1   1
   1939    2   81   29    1   1   1
   1940    3   81   29    1   1   1
   1941    0   82   29    1   1   1
   1942    1   82   29    1   1   1
   1943    2   82   29    1   1   1
   1944    3   82   29    1   1   1
   1945    1   83   29    1   1   1
   1946    2   83   29    1   1   1
   1947    1   84   29    1   1   1
   1948    2   84   29    1   1   1
   1949    1   85   29    1   1   1
   1950    2   85   29    1   1   1
   1951    1   86   29    1   1   1
   1952    2   86   29    1   1   1
   1953    1   87   29    1   1   1
   1954    2   87   29    1   1   1
   1955    1   88   29    1   1   1
   1956    2   88   29    1   1   1
   1957    1    1   30    1   1   1
   1958    2    1   30    1   1   1
   1959    1    2   30    1   1   1
   1960    2    2   30    1   1   1
   1961    1    3   30    1   1   1
   1962    2    3   30    1   1   1
   1963    1    4   30    1   1   1
   1964    2    4   30    1   1   1
   1965    1    5   30    1   1   1
   1966    2    5   30    1   1   1
   1967    1    6   30    1   1   1
   1968    2    6   30    1   1   1
   1969    1    7   30    1   1   1
   1970    2    7   30    1   1   1
   1971    1    8   30    1   1   1
   1972    2    8   30    1   1   1
   1973    0    9   30    1   1   1
   1974    1    9   30    1   1   1
   1975    2    9   30    1   1   1
   1976    3    9   30    1   1   1
   1977    0   10   30    1   1   1
   1978    1   10   30    1   1   1
   1979    2   10   30    1   1   1
   1980    3   10   30    1   1   1
   1981    1   11   30    1   1   1
   1982    2   11   30    1   1   1
   1983    1   12   30    1   1   1
   1984    2   12   30    1   1   1
   1985    1   13   30    1   1   1
   1986    2   13   30    1   1   1
   1987    1   14   30    1   1   1
   1988    2   14   30    1   1   1
   1989    1   15   30    1   1   1
   1990    2   15   30    1   1   1
   1991    1   16   30    1   1   1
   1992    2   16   30    1   1   1
   1993    0   17   30    1   1   1
   1994    1   17   30    1   1   1
   1995    2   17   30    1   1   1
   1996    3   17   30    1   1   1
   1997    0   18   30    1   1   1
   1998    1   18   30    1   1   1
   1999    2   18   30    1   1   1
   2000    3   18   30    1   1   1
   2001    0   19   30    1   1   1
   2002    1   19   30    1   1   1
   2003    2   19   30    1   1   1
   2004    3   19   30    1   1   1
   2005    0   20   30    1   1   1
   2006    1   20   30    1   1   1
   2007    2   20   30    1   1   1
   2008    3   20   30    1   1   1
   2009    0   21   30    1   1   1
   2010    1   21   30    1   1   1
   2011    2   21   30    1   1   1
   2012    3   21   30    1   1   1
   2013    0   22   30    1   1   1
   2014    1   22   30    1   1   1
   2015    2   22   30    1   1   1
   2016    3   22   30    1   1   1
   2017    0   23   30    1   1   1
   2018    3   23   30    1   1   1
   2019    0   24   30    1   1   1
   2020    1   24   30    1   1   1
   2021    2   24   30    1   1   1
   2022    3   24   30    1   1   1
   2023    0   26   30    1   1   1
   2024    1   26   30    1   1   1
   2025    2   26   30    1   1   1
   2026    3   26   30    1   1   1
   2027    0   27   30    1   1   1
   2028    3   27   30    1   1   1
   2029    0   38   30    1   1   1
   2030    1   38   30    1   1   1
   2031    2   38   30    1   1   1
   2032    3   38   30    1   1   1
   2033    0   39   30    1   1   1
   2034    1   39   30    1   1   1
   2035    2   39   30    1   1   1
   2036    3   39   30    1   1   1
   2037    0   40   30    1   1   1
   2038    1   40   30    1   1   1
   2039    2   40   30    1   1   1
   2040    3   40   30    1   1   1
   2041    0   41   30    1   1   1
   2042    1   41   30    1   1   1
   2043    2   41   30    1   1   1
   2044    3   41   30    1   1   1
   2045    0   42   30    1   1   1
   2046    1   42   30    1   1   1
   2047    2   42   30    1   1   1
   2048    3   42   30    1   1   1
   2049    1   43   30    1   1   1
   2050    2   43   30    1   1   1
   2051    0   44   30    1   1   1
   2052    1   44   30    1   1   1
   2053    2   44   30    1   1   1
   2054    3   44   30    1   1   1
   2055    0   45   30    1   1   1
   2056    1   45   30    1   1   1
   2057    2   45   30    1   1   1
   2058    3   45   30    1   1   1
   2059    1   46   30    1   1   1
   2060    2   46   30    1   1   1
   2061    0   47   30    1   1   1
   2062    1   47   30    1   1   1
   2063    2   47   30    1   1   1
   2064    3   47   30    1   1   1
   2065    0   48   30    1   1   1
   2066    1   48   30    1   1   1
   2067    2   48   30    1   1   1
   2068    3   48   30    1   1   1
   2069    0   49   30    1   1   1
   2070    1   49   30    1   1   1
   2071    2   49   30    1   1   1
   2072    3   49   30    1   1   1
   2073    0   50   30    1   1   1
   2074    1   50   30    1   1   1
   2075    2   50   30    1   1   1
   2076    3   50   30    1   1   1
   2077    0   51   30    1   1   1
   2078    1   51   30    1   1   1
   2079    2   51   30    1   1   1
   2080    3   51   30    1   1   1
   2081    0   63   30    1   1   1
   2082    1   63   30    1   1   1
   2083    2   63   30    1   1   1
   2084    3   63   30    1   1   1
   2085    0   65   30    1   1   1
   2086    1   65   30    1   1   1
   2087    2   65   30    1   1   1
   2088    3   65   30    1   1   1
   2089    0   66   30    1   1   1
   2090    3   66   30    1   1   1
   2091    0   67   30    1   1   1
   2092    1   67   30    1   1   1
   2093    2   67   30    1   1   1
   2094    3   67   30    1   1   1
   2095    0   68   30    1   1   1
   2096    1   68   30    1   1   1
   2097    2   68   30    1   1   1
   2098    3   68   30    1   1   1
   2099    0   69   30    1   1   1
   2100    1   69   30    1   1   1
   2101    2   69   30    1   1   1
   2102    3   69   30    1   1   1
   2103    1   70   30    1   1   1
   2104    2   70   30    1   1   1
   2105    1   71   30    1   1   1
   2106    2   71   30    1   1   1
   2107    1   72   30    1   1   1
   2108    2   72   30    1   1   1
   2109    1   73   30    1   1   1
   2110    2   73   30    1   1   1
   2111    1   74   30    1   1   1
   2112    2   74   30    1   1   1
   2113    1   75   30    1   1   1
   2114    2   75   30    1   1   1
   2115    1   76   30    1   1   1
   2116    2   76   30    1   1   1
   2117    1   77   30    1   1   1
   2118    2   77   30    1   1   1
   2119    1   78   30    1   1   1
   2120    2   78   30    1   1   1
   2121    0   79   30    1   1   1
   2122    1   79   30    1   1   1
   2123    2   79   30    1   1   1
   2124    3   79   30    1   1   1
   2125    0   80   30    1   1   1
   2126    1   80   30    1   1   1
   2127    2   80   30    1   1   1
   2128    3   80   30    1   1   1
   2129    0   81   30    1   1   1
   2130    1   81   30    1   1   1
   2131    2   81   30    1   1   1
   2132    3   81   30    1   1   1
   2133    1   82   30    1   1   1
   2134    2   82   30    1   1   1
   2135    1   83   30    1   1   1
   2136    2   83   30    1   1   1
   2137    1   84   30    1   1   1
   2138    2   84   30    1   1   1
   2139    1   85   30    1   1   1
   2140    2   85   30    1   1   1
   2141    1   86   30    1   1   1
   2142    2   86   30    1   1   1
   2143    1   87   30    1   1   1
   2144    2   87   30    1   1   1
   2145    1   88   30    1   1   1
   2146    2   88   30    1   1   1
   2147    1    1   31    1   1   1
   2148    2    1   31    1   1   1
   2149    1    2   31    1   1   1
   2150    2    2   31    1   1   1
   2151    1    3   31    1   1   1
   2152    2    3   31    1   1   1
   2153    1    4   31    1   1   1
   2154    2    4   31    1   1   1
   2155    1    5   31    1   1   1
   2156    2    5   31    1   1   1
   2157    1    6   31    1   1   1
   2158    2    6   31    1   1   1
   2159    1    7   31    1   1   1
   2160    2    7   31    1   1   1
   2161    1    8   31    1   1   1
   2162    2    8   31    1   1   1
   2163    1    9   31    1   1   1
   2164    2    9   31    1   1   1
   2165    0   10   31    1   1   1
   2166    1   10   31    1   1   1
   2167    2   10   31    1   1   1
   2168    3   10   31    1   1   1
   2169    0   11   31    1   1   1
   2170    1   11   31    1   1   1
   2171    2   11   31    1   1   1
   2172    3   11   31    1   1   1
   2173    0   12   31    1   1   1
   2174    1   12   31    1   1   1
   2175    2   12   31    1   1   1
   2176    3   12   31    1   1   1
   2177    1   13   31    1   1   1
   2178    2   13   31    1   1   1
   2179    1   14   31    1   1   1
   2180    2   14   31    1   1   1
   2181    1   15   31    1   1   1
   2182    2   15   31    1   1   1
   2183    1   16   31    1   1   1
   2184    2   16   31    1   1   1
   2185    1   17   31    1   1   1
   2186    2   17   31    1   1   1
   2187    0   18   31    1   1   1
   2188    1   18   31    1   1   1
   2189    2   18   31    1   1   1
   2190    3   18   31    1   1   1
   2191    0   19   31    1   1   1
   2192    1   19   31    1   1   1
   2193    2   19   31    1   1   1
   2194    3   19   31    1   1   1
   2195    0   20   31    1   1   1
   2196    1   20   31    1   1   1
   2197    2   20   31    1   1   1
   2198    3   20   31    1   1   1
   2199    0   21   31    1   1   1
   2200    1   21   31    1   1   1
   2201    2   21   31    1   1   1
   2202    3   21   31    1   1   1
   2203    1   22   31    1   1   1
   2204    2   22   31    1   1   1
   2205    0   23   31    1   1   1
   2206    1   23   31    1   1   1
   2207    2   23   31    1   1   1
   2208    3   23   31    1   1   1
   2209    0   24   31    1   1   1
   2210    1   24   31    1   1   1
   2211    2   24   31    1   1   1
   2212    3   24   31    1   1   1
   2213    0   25   31    1   1   1
   2214    3   25   31    1   1   1
   2215    0   26   31    1   1   1
   2216    1   26   31    1   1   1
   2217    2   26   31    1   1   1
   2218    3   26   31    1   1   1
   2219    0   27   31    1   1   1
   2220    3   27   31    1   1   1
   2221    0   28   31    1   1   1
   2222    1   28   31    1   1   1
   2223    2   28   31    1   1   1
   2224    3   28   31    1   1   1
   2225    0   29   31    1   1   1
   2226    1   29   31    1   1   1
   2227    2   29   31    1   1   1
   2228    3   29   31    1   1   1
   2229    0   38   31    1   1   1
   2230    1   38   31    1   1   1
   2231    2   38   31    1   1   1
   2232    3   38   31    1   1   1
   2233    0   39   31    1   1   1
   2234    1   39   31    1   1   1
   2235    2   39   31    1   1   1
   2236    3   39   31    1   1   1
   2237    0   40   31    1   1   1
   2238    1   40   31    1   1   1
   2239    2   40   31    1   1   1
   2240    3   40   31    1   1   1
   2241    0   41   31    1   1   1
   2242    1   41   31    1   1   1
   2243    2   41   31    1   1   1
   2244    3   41   31    1   1   1
   2245    0   42   31    1   1   1
   2246    1   42   31    1   1   1
   2247    2   42   31    1   1   1
   2248    3   42   31    1   1   1
   2249    1   43   31    1   1   1
   2250    2   43   31    1   1   1
   2251    0   44   31    1   1   1
   2252    1   44   31    1   1   1
   2253    2   44   31    1   1   1
   2254    3   44   31    1   1   1
   2255    0   45   31    1   1   1
   2256    1   45   31    1   1   1
   2257    2   45   31    1   1   1
   2258    3   45   31    1   1   1
   2259    1   46   31    1   1   1
   2260    2   46   31    1   1   1
   2261    0   47   31    1   1   1
   2262    1   47   31    1   1   1
   2263    2   47   31    1   1   1
   2264    3   47   31    1   1   1
   2265    0   48   31    1   1   1
   2266    1   48   31    1   1   1
   2267    2   48   31    1   1   1
   2268    3   48   31    1   1   1
   2269    0   49   31    1   1   1
   2270    1   49   31    1   1   1
   2271    2   49   31    1   1   1
   2272    3   49   31    1   1   1
   2273    0   50   31    1   1   1
   2274    1   50   31    1   1   1
   2275    2   50   31    1   1   1
   2276    3   50   31    1   1   1
   2277    0   51   31    1   1   1
   2278    1   51   31    1   1   1
   2279    2   51   31    1   1   1
   2280    3   51   31    1   1   1
   2281    0   60   31    1   1   1
   2282    1   60   31    1   1   1
   2283    2   60   31    1   1   1
   2284    3   60   31    1   1   1
   2285    0   61   31    1   1   1
   2286    1   61   31    1   1   1
   2287    2   61   31    1   1   1
   2288    3   61   31    1   1   1
   2289    0   62   31    1   1   1
   2290    3   62   31    1   1   1
   2291    0   63   31    1   1   1
   2292    1   63   31    1   1   1
   2293    2   63   31    1   1   1
   2294    3   63   31    1   1   1
   2295    0   64   31    1   1   1
   2296    3   64   31    1   1   1
   2297    0   65   31    1   1   1
   2298    1   65   31    1   1   1
   2299    2   65   31    1   1   1
   2300    3   65   31    1   1   1
   2301    0   66   31    1   1   1
   2302    1   66   31    1   1   1
   2303    2   66   31    1   1   1
   2304    3   66   31    1   1   1
   2305    1   67   31    1   1   1
   2306    2   67   31    1   1   1
   2307    0   68   31    1   1   1
   2308    1   68   31    1   1   1
   2309    2   68   31    1   1   1
   2310    3   68   31    1   1   1
   2311    1   69   31    1   1   1
   2312    2   69   31    1   1   1
   2313    1   70   31    1   1   1
   2314    2   70   31    1   1   1
   2315    1   71   31    1   1   1
   2316    2   71   31    1   1   1
   2317    1   72   31    1   1   1
   2318    2   72   31    1   1   1
   2319    1   73   31    1   1   1
   2320    2   73   31    1   1   1
   2321    1   74   31    1   1   1
   2322    2   74   31    1   1   1
   2323    1   75   31    1   1   1
   2324    2   75   31    1   1   1
   2325    1   76   31    1   1   1
   2326    2   76   31    1   1   1
   2327    1   77   31    1   1   1
   2328    2   77   31    1   1   1
   2329    0   78   31    1   1   1
   2330    1   78   31    1   1   1
   2331    2   78   31    1   1   1
   2332    3   78   31    1   1   1
   2333    0   79   31    1   1   1
   2334    1   79   31    1   1   1
   2335    2   79   31    1   1   1
   2336    3   79   31    1   1   1
   2337    1   80   31    1   1   1
   2338    2   80   31    1   1   1
   2339    1   81   31    1   1   1
   2340    2   81   31    1   1   1
   2341    1   82   31    1   1   1
   2342    2   82   31    1   1   1
   2343    1   83   31    1   1   1
   2344    2   83   31    1   1   1
   2345    1   84   31    1   1   1
   2346    2   84   31    1   1   1
   2347    1   85   31    1   1   1
   2348    2   85   31    1   1   1
   2349    1   86   31    1   1   1
   2350    2   86   31    1   1   1
   2351    1   87   31    1   1   1
   2352    2   87   31    1   1   1
   2353    1   88   31    1   1   1
   2354    2   88   31    1   1   1
   2355    1    1   32    1   1   1
   2356    2    1   32    1   1   1
   2357    1    2   32    1   1   1
   2358    2    2   32    1   1   1
   2359    1    3   32    1   1   1
   2360    2    3   32    1   1   1
   2361    1    4   32    1   1   1
   2362    2    4   32    1   1   1
   2363    1    5   32    1   1   1
   2364    2    5   32    1   1   1
   2365    1    6   32    1   1   1
   2366    2    6   32    1   1   1
   2367    1    7   32    1   1   1
   2368    2    7   32    1   1   1
   2369    1    8   32    1   1   1
   2370    2    8   32    1   1   1
   2371    1    9   32    1   1   1
   2372    2    9   32    1   1   1
   2373    1   10   32    1   1   1
   2374    2   10   32    1   1   1
   2375    1   11   32    1   1   1
   2376    2   11   32    1   1   1
   2377    0   12   32    1   1   1
   2378    1   12   32    1   1   1
   2379    2   12   32    1   1   1
   2380    3   12   32    1   1   1
   2381    0   13   32    1   1   1
   2382    1   13   32    1   1   1
   2383    2   13   32    1   1   1
   2384    3   13   32    1   1   1
   2385    1   14   32    1   1   1
   2386    2   14   32    1   1   1
   2387    1   15   32    1   1   1
   2388    2   15   32    1   1   1
   2389    1   16   32    1   1   1
   2390    2   16   32    1   1   1
   2391    1   17   32    1   1   1
   2392    2   17   32    1   1   1
   2393    1   18   32    1   1   1
   2394    2   18   32    1   1   1
   2395    0   19   32    1   1   1
   2396    1   19   32    1   1   1
   2397    2   19   32    1   1   1
   2398    3   19   32    1   1   1
   2399    0   20   32    1   1   1
   2400    1   20   32    1   1   1
   2401    2   20   32    1   1   1
   2402    3   20   32    1   1   1
   2403    0   21   32    1   1   1
   2404    1   21   32    1   1   1
   2405    2   21   32    1   1   1
   2406    3   21   32    1   1   1
   2407    0   22   32    1   1   1
   2408    1   22   32    1   1   1
   2409    2   22   32    1   1   1
   2410    3   22   32    1   1   1
   2411    0   23   32    1   1   1
   2412    1   23   32    1   1   1
   2413    2   23   32    1   1   1
   2414    3   23   32    1   1   1
   2415    0   24   32    1   1   1
   2416    1   24   32    1   1   1
   2417    2   24   32    1   1   1
   2418    3   24   32    1   1   1
   2419    0   25   32    1   1   1
   2420    3   25   32    1   1   1
   2421    0   26   32    1   1   1
   2422    1   26   32    1   1   1
   2423    2   26   32    1   1   1
   2424    3   26   32    1   1   1
   2425    0   27   32    1   1   1
   2426    3   27   32    1   1   1
   2427    0   28   32    1   1   1
   2428    1   28   32    1   1   1
   2429    2   28   32    1   1   1
   2430    3   28   32    1   1   1
   2431    0   29   32    1   1   1
   2432    1   29   32    1   1   1
   2433    2   29   32    1   1   1
   2434    3   29   32    1   1   1
   2435    0   37   32    1   1   1
   2436    3   37   32    1   1   1
   2437    0   38   32    1   1   1
   2438    3   38   32    1   1   1
   2439    0   39   32    1   1   1
   2440    1   39   32    1   1   1
   2441    2   39   32    1   1   1
   2442    3   39   32    1   1   1
   2443    0   40   32    1   1   1
   2444    1   40   32    1   1   1
   2445    2   40   32    1   1   1
   2446    3   40   32    1   1   1
   2447    0   41   32    1   1   1
   2448    1   41   32    1   1   1
   2449    2   41   32    1   1   1
   2450    3   41   32    1   1   1
   2451    1   42   32    1   1   1
   2452    2   42   32    1   1   1
   2453    1   43   32    1   1   1
   2454    2   43   32    1   1   1
   2455    0   44   32    1   1   1
   2456    1   44   32    1   1   1
   2457    2   44   32    1   1   1
   2458    3   44   32    1   1   1
   2459    0   45   32    1   1   1
   2460    1   45   32    1   1   1
   2461    2   45   32    1   1   1
   2462    3   45   32    1   1   1
   2463    1   46   32    1   1   1
   2464    2   46   32    1   1   1
   2465    0   47   32    1   1   1
   2466    1   47   32    1   1   1
   2467    2   47   32    1   1   1
   2468    3   47   32    1   1   1
   2469    0   48   32    1   1   1
   2470    1   48   32    1   1   1
   2471    2   48   32    1   1   1
   2472    3   48   32    1   1   1
   2473    0   49   32    1   1   1
   2474    1   49   32    1   1   1
   2475    2   49   32    1   1   1
   2476    3   49   32    1   1   1
   2477    0   50   32    1   1   1
   2478    1   50   32    1   1   1
   2479    2   50   32    1   1   1
   2480    3   50   32    1   1   1
   2481    0   51   32    1   1   1
   2482    3   51   32    1   1   1
   2483    0   52   32    1   1   1
   2484    3   52   32    1   1   1
   2485    0   60   32    1   1   1
   2486    1   60   32    1   1   1
   2487    2   60   32    1   1   1
   2488    3   60   32    1   1   1
   2489    0   61   32    1   1   1
   2490    1   61   32    1   1   1
   2491    2   61   32    1   1   1
   2492    3   61   32    1   1   1
   2493    0   62   32    1   1   1
   2494    3   62   32    1   1   1
   2495    0   63   32    1   1   1
   2496    1   63   32    1   1   1
   2497    2   63   32    1   1   1
   2498    3   63   32    1   1   1
   2499    0   64   32    1   1   1
   2500    3   64   32    1   1   1
   2501    0   65   32    1   1   1
   2502    1   65   32    1   1   1
   2503    2   65   32    1   1   1
   2504    3   65   32    1   1   1
   2505    0   66   32    1   1   1
   2506    1   66   32    1   1   1
   2507    2   66   32    1   1   1
   2508    3   66   32    1   1   1
   2509    0   67   32    1   1   1
   2510    1   67   32    1   1   1
   2511    2   67   32    1   1   1
   2512    3   67   32    1   1   1
   2513    1   68   32    1   1   1
   2514    2   68   32    1   1   1
   2515    1   69   32    1   1   1
   2516    2   69   32    1   1   1
   2517    1   70   32    1   1   1
   2518    2   70   32    1   1   1
   2519    1   71   32    1   1   1
   2520    2   71   32    1   1   1
   2521    1   72   32    1   1   1
   2522    2   72   32    1   1   1
   2523    1   73   32    1   1   1
   2524    2   73   32    1   1   1
   2525    1   74   32    1   1   1
   2526    2   74   32    1   1   1
   2527    0   75   32    1   1   1
   2528    1   75   32    1   1   1
   2529    2   75   32    1   1   1
   2530    3   75   32    1   1   1
   2531    0   76   32    1   1   1
   2532    1   76   32    1   1   1
   2533    2   76   32    1   1   1
   2534    3   76   32    1   1   1
   2535    0   77   32    1   1   1
   2536    1   77   32    1   1   1
   2537    2   77   32    1   1   1
   2538    3   77   32    1   1   1
   2539    1   78   32    1   1   1
   2540    2   78   32    1   1   1
   2541    1   79   32    1   1   1
   2542    2   79   32    1   1   1
   2543    1   80   32    1   1   1
   2544    2   80   32    1   1   1
   2545    1   81   32    1   1   1
   2546    2   81   32    1   1   1
   2547    1   82   32    1   1   1
   2548    2   82   32    1   1   1
   2549    1   83   32    1   1   1
   2550    2   83   32    1   1   1
   2551    1   84   32    1   1   1
   2552    2   84   32    1   1   1
   2553    1   85   32    1   1   1
   2554    2   85   32    1   1   1
   2555    1   86   32    1   1   1
   2556    2   86   32    1   1   1
   2557    1   87   32    1   1   1
   2558    2   87   32    1   1   1
   2559    1    2   33    1   1   1
   2560    2    2   33    1   1   1
   2561    1    3   33    1   1   1
   2562    2    3   33    1   1   1
   2563    1    4   33    1   1   1
   2564    2    4   33    1   1   1
   2565    1    5   33    1   1   1
   2566    2    5   33    1   1   1
   2567    1    6   33    1   1   1
   2568    2    6   33    1   1   1
   2569    1    7   33    1   1   1
   2570    2    7   33    1   1   1
   2571    1    8   33    1   1   1
   2572    2    8   33    1   1   1
   2573    1    9   33    1   1   1
   2574    2    9   33    1   1   1
   2575    1   10   33    1   1   1
   2576    2   10   33    1   1   1
   2577    1   11   33    1   1   1
   2578    2   11   33    1   1   1
   2579    1   12   33    1   1   1
   2580    2   12   33    1   1   1
   2581    0   13   33    1   1   1
   2582    1   13   33    1   1   1
   2583    2   13   33    1   1   1
   2584    3   13   33    1   1   1
   2585    0   14   33    1   1   1
   2586    1   14   33    1   1   1
   2587    2   14   33    1   1   1
   2588    3   14   33    1   1   1
   2589    0   15   33    1   1   1
   2590    1   15   33    1   1   1
   2591    2   15   33    1   1   1
   2592    3   15   33    1   1   1
   2593    1   16   33    1   1   1
   2594    2   16   33    1   1   1
   2595    1   17   33    1   1   1
   2596    2   17   33    1   1   1
   2597    1   18   33    1   1   1
   2598    2   18   33    1   1   1
   2599    1   19   33    1   1   1
   2600    2   19   33    1   1   1
   2601    0   20   33    1   1   1
   2602    1   20   33    1   1   1
   2603    2   20   33    1   1   1
   2604    3   20   33    1   1   1
   2605    0   21   33    1   1   1
   2606    1   21   33    1   1   1
   2607    2   21   33    1   1   1
   2608    3   21   33    1   1   1
   2609    0   22   33    1   1   1
   2610    1   22   33    1   1   1
   2611    2   22   33    1   1   1
   2612    3   22   33    1   1   1
   2613    0   23   33    1   1   1
   2614    1   23   33    1   1   1
   2615    2   23   33    1   1   1
   2616    3   23   33    1   1   1
   2617    0   24   33    1   1   1
   2618    1   24   33    1   1   1
   2619    2   24   33    1   1   1
   2620    3   24   33    1   1   1
   2621    0   25   33    1   1   1
   2622    3   25   33    1   1   1
   2623    0   26   33    1   1   1
   2624    1   26   33    1   1   1
   2625    2   26   33    1   1   1
   2626    3   26   33    1   1   1
   2627    0   27   33    1   1   1
   2628    3   27   33    1   1   1
   2629    0   28   33    1   1   1
   2630    1   28   33    1   1   1
   2631    2   28   33    1   1   1
   2632    3   28   33    1   1   1
   2633    0   29   33    1   1   1
   2634    1   29   33    1   1   1
   2635    2   29   33    1   1   1
   2636    3   29   33    1   1   1
   2637    0   37   33    1   1   1
   2638    1   37   33    1   1   1
   2639    2   37   33    1   1   1
   2640    3   37   33    1   1   1
   2641    0   38   33    1   1   1
   2642    1   38   33    1   1   1
   2643    2   38   33    1   1   1
   2644    3   38   33    1   1   1
   2645    0   39   33    1   1   1
   2646    1   39   33    1   1   1
   2647    2   39   33    1   1   1
   2648    3   39   33    1   1   1
   2649    0   40   33    1   1   1
   2650    1   40   33    1   1   1
   2651    2   40   33    1   1   1
   2652    3   40   33    1   1   1
   2653    0   41   33    1   1   1
   2654    1   41   33    1   1   1
   2655    2   41   33    1   1   1
   2656    3   41   33    1   1   1
   2657    1   42   33    1   1   1
   2658    2   42   33    1   1   1
   2659    1   43   33    1   1   1
   2660    2   43   33    1   1   1
   2661    0   44   33    1   1   1
   2662    1   44   33    1   1   1
   2663    2   44   33    1   1   1
   2664    3   44   33    1   1   1
   2665    1   45   33    1   1   1
   2666    2   45   33    1   1   1
   2667    1   46   33    1   1   1
   2668    2   46   33    1   1   1
   2669    0   47   33    1   1   1
   2670    1   47   33    1   1   1
   2671    2   47   33    1   1   1
   2672    3   47   33    1   1   1
   2673    0   48   33    1   1   1
   2674    1   48   33    1   1   1
   2675    2   48   33    1   1   1
   2676    3   48   33    1   1   1
   2677    0   49   33    1   1   1
   2678    1   49   33    1   1   1
   2679    2   49   33    1   1   1
   2680    3   49   33    1   1   1
   2681    0   50   33    1   1   1
   2682    1   50   33    1   1   1
   2683    2   50   33    1   1   1
   2684    3   50   33    1   1   1
   2685    0   51   33    1   1   1
   2686    3   51   33    1   1   1
   2687    0   52   33    1   1   1
   2688    1   52   33    1   1   1
   2689    2   52   33    1   1   1
   2690    3   52   33    1   1   1
   2691    0   60   33    1   1   1
   2692    1   60   33    1   1   1
   2693    2   60   33    1   1   1
   2694    3   60   33    1   1   1
   2695    0   61   33    1   1   1
   2696    1   61   33    1   1   1
   2697    2   61   33    1   1   1
   2698    3   61   33    1   1   1
   2699    0   62   33    1   1   1
   2700    3   62   33    1   1   1
   2701    0   63   33    1   1   1
   2702    1   63   33    1   1   1
   2703    2   63   33    1   1   1
   2704    3   63   33    1   1   1
   2705    0   64   33    1   1   1
   2706    3   64   33    1   1   1
   2707    0   65   33    1   1   1
   2708    1   65   33    1   1   1
   2709    2   65   33    1   1   1
   2710    3   65   33    1   1   1
   2711    0   66   33    1   1   1
   2712    1   66   33    1   1   1
   2713    2   66   33    1   1   1
   2714    3   66   33    1   1   1
   2715    0   67   33    1   1   1
   2716    1   67   33    1   1   1
   2717    2   67   33    1   1   1
   2718    3   67   33    1   1   1
   2719    1   68   33    1   1   1
   2720    2   68   33    1   1   1
   2721    1   69   33    1   1   1
   2722    2   69   33    1   1   1
   2723    1   70   33    1   1   1
   2724    2   70   33    1   1   1
   2725    1   71   33    1   1   1
   2726    2   71   33    1   1   1
   2727    1   72   33    1   1   1
   2728    2   72   33    1   1   1
   2729    0   73   33    1   1   1
   2730    1   73   33    1   1   1
   2731    2   73   33    1   1   1
   2732    3   73   33    1   1   1
   2733    0   74   33    1   1   1
   2734    1   74   33    1   1   1
   2735    2   74   33    1   1   1
   2736    3   74   33    1   1   1
   2737    0   75   33    1   1   1
   2738    1   75   33    1   1   1
   2739    2   75   33    1   1   1
   2740    3   75   33    1   1   1
   2741    0   76   33    1   1   1
   2742    1   76   33    1   1   1
   2743    2   76   33    1   1   1
   2744    3   76   33    1   1   1
   2745    1   77   33    1   1   1
   2746    2   77   33    1   1   1
   2747    1   78   33    1   1   1
   2748    2   78   33    1   1   1
   2749    1   79   33    1   1   1
   2750    2   79   33    1   1   1
   2751    1   80   33    1   1   1
   2752    2   80   33    1   1   1
   2753    1   81   33    1   1   1
   2754    2   81   33    1   1   1
   2755    1   82   33    1   1   1
   2756    2   82   33    1   1   1
   2757    1   83   33    1   1   1
   2758    2   83   33    1   1   1
   2759    1   84   33    1   1   1
   2760    2   84   33    1   1   1
   2761    1   85   33    1   1   1
   2762    2   85   33    1   1   1
   2763    1   86   33    1   1   1
   2764    2   86   33    1   1   1
   2765    1   87   33    1   1   1
   2766    2   87   33    1   1   1
   2767    1    4   34    1   1   1
   2768    2    4   34    1   1   1
   2769    1    5   34    1   1   1
   2770    2    5   34    1   1   1
   2771    1    6   34    1   1   1
   2772    2    6   34    1   1   1
   2773    1    7   34    1   1   1
   2774    2    7   34    1   1   1
   2775    1    8   34    1   1   1
   2776    2    8   34    1   1   1
   2777    1    9   34    1   1   1
   2778    2    9   34    1   1   1
   2779    1   10   34    1   1   1
   2780    2   10   34    1   1   1
   2781    1   11   34    1   1   1
   2782    2   11   34    1   1   1
   2783    1   12   34    1   1   1
   2784    2   12   34    1   1   1
   2785    1   13   34    1   1   1
   2786    2   13   34    1   1   1
   2787    1   14   34    1   1   1
   2788    2   14   34    1   1   1
   2789    0   15   34    1   1   1
   2790    1   15   34    1   1   1
   2791    2   15   34    1   1   1
   2792    3   15   34    1   1   1
   2793    0   16   34    1   1   1
   2794    1   16   34    1   1   1
   2795    2   16   34    1   1   1
   2796    3   16   34    1   1   1
   2797    0   17   34    1   1   1
   2798    1   17   34    1   1   1
   2799    2   17   34    1   1   1
   2800    3   17   34    1   1   1
   2801    1   18   34    1   1   1
   2802    2   18   34    1   1   1
   2803    1   19   34    1   1   1
   2804    2   19   34    1   1   1
   2805    1   20   34    1   1   1
   2806    2   20   34    1   1   1
   2807    0   21   34    1   1   1
   2808    1   21   34    1   1   1
   2809    2   21   34    1   1   1
   2810    3   21   34    1   1   1
   2811    0   22   34    1   1   1
   2812    1   22   34    1   1   1
   2813    2   22   34    1   1   1
   2814    3   22   34    1   1   1
   2815    0   23   34    1   1   1
   2816    1   23   34    1   1   1
   2817    2   23   34    1   1   1
   2818    3   23   34    1   1   1
   2819    0   24   34    1   1   1
   2820    1   24   34    1   1   1
   2821    2   24   34    1   1   1
   2822    3   24   34    1   1   1
   2823    0   25   34    1   1   1
   2824    1   25   34    1   1   1
   2825    2   25   34    1   1   1
   2826    3   25   34    1   1   1
   2827    0   26   34    1   1   1
   2828    1   26   34    1   1   1
   2829    2   26   34    1   1   1
   2830    3   26   34    1   1   1
   2831    0   27   34    1   1   1
   2832    1   27   34    1   1   1
   2833    2   27   34    1   1   1
   2834    3   27   34    1   1   1
   2835    0   28   34    1   1   1
   2836    1   28   34    1   1   1
   2837    2   28   34    1   1   1
   2838    3   28   34    1   1   1
   2839    0   29   34    1   1   1
   2840    3   29   34    1   1   1
   2841    0   30   34    1   1   1
   2842    1   30   34    1   1   1
   2843    2   30   34    1   1   1
   2844    3   30   34    1   1   1
   2845    0   37   34    1   1   1
   2846    1   37   34    1   1   1
   2847    2   37   34    1   1   1
   2848    3   37   34    1   1   1
   2849    0   38   34    1   1   1
   2850    1   38   34    1   1   1
   2851    2   38   34    1   1   1
   2852    3   38   34    1   1   1
   2853    0   39   34    1   1   1
   2854    1   39   34    1   1   1
   2855    2   39   34    1   1   1
   2856    3   39   34    1   1   1
   2857    0   40   34    1   1   1
   2858    1   40   34    1   1   1
   2859    2   40   34    1   1   1
   2860    3   40   34    1   1   1
   2861    0   41   34    1   1   1
   2862    1   41   34    1   1   1
   2863    2   41   34    1   1   1
   2864    3   41   34    1   1   1
   2865    1   42   34    1   1   1
   2866    2   42   34    1   1   1
   2867    1   43   34    1   1   1
   2868    2   43   34    1   1   1
   2869    0   44   34    1   1   1
   2870    1   44   34    1   1   1
   2871    2   44   34    1   1   1
   2872    3   44   34    1   1   1
   2873    0   45   34    1   1   1
   2874    1   45   34    1   1   1
   2875    2   45   34    1   1   1
   2876    3   45   34    1   1   1
   2877    1   46   34    1   1   1
   2878    2   46   34    1   1   1
   2879    1   47   34    1   1   1
   2880    2   47   34    1   1   1
   2881    0   48   34    1   1   1
   2882    1   48   34    1   1   1
   2883    2   48   34    1   1   1
   2884    3   48   34    1   1   1
   2885    0   49   34    1   1   1
   2886    1   49   34    1   1   1
   2887    2   49   34    1   1   1
   2888    3   49   34    1   1   1
   2889    0   50   34    1   1   1
   2890    1   50   34    1   1   1
   2891    2   50   34    1   1   1
   2892    3   50   34    1   1   1
   2893    0   51   34    1   1   1
   2894    1   51   34    1   1   1
   2895    2   51   34    1   1   1
   2896    3   51   34    1   1   1
   2897    0   52   34    1   1   1
   2898    1   52   34    1   1   1
   2899    2   52   34    1   1   1
   2900    3   52   34    1   1   1
   2901    0   59   34    1   1   1
   2902    1   59   34    1   1   1
   2903    2   59   34    1   1   1
   2904    3   59   34    1   1   1
   2905    0   60   34    1   1   1
   2906    3   60   34    1   1   1
   2907    0   61   34    1   1   1
   2908    1   61   34    1   1   1
   2909    2   61   34    1   1   1
   2910    3   61   34    1   1   1
   2911    0   62   34    1   1   1
   2912    1   62   34    1   1   1
   2913    2   62   34    1   1   1
   2914    3   62   34    1   1   1
   2915    0   63   34    1   1   1
   2916    1   63   34    1   1   1
   2917    2   63   34    1   1   1
   2918    3   63   34    1   1   1
   2919    0   64   34    1   1   1
   2920    1   64   34    1   1   1
   2921    2   64   34    1   1   1
   2922    3   64   34    1   1   1
   2923    0   65   34    1   1   1
   2924    1   65   34    1   1   1
   2925    2   65   34    1   1   1
   2926    3   65   34    1   1   1
   2927    1   66   34    1   1   1
   2928    2   66   34    1   1   1
   2929    1   67   34    1   1   1
   2930    2   67   34    1   1   1
   2931    1   68   34    1   1   1
   2932    2   68   34    1   1   1
   2933    1   69   34    1   1   1
   2934    2   69   34    1   1   1
   2935    1   70   34    1   1   1
   2936    2   70   34    1   1   1
   2937    1   71   34    1   1   1
   2938    2   71   34    1   1   1
   2939    0   72   34    1   1   1
   2940    1   72   34    1   1   1
   2941    2   72   34    1   1   1
   2942    3   72   34    1   1   1
   2943    0   73   34    1   1   1
   2944    1   73   34    1   1   1
   2945    2   73   34    1   1   1
   2946    3   73   34    1   1   1
   2947    0   74   34    1   1   1
   2948    1   74   34    1   1   1
   2949    2   74   34    1   1   1
   2950    3   74   34    1   1   1
   2951    1   75   34    1   1   1
   2952    2   75   34    1   1   1
   2953    1   76   34    1   1   1
   2954    2   76   34    1   1   1
   2955    1   77   34    1   1   1
   2956    2   77   34    1   1   1
   2957    1   78   34    1   1   1
   2958    2   78   34    1   1   1
   2959    1   79   34    1   1   1
   2960    2   79   34    1   1   1
   2961    1   80   34    1   1   1
   2962    2   80   34    1   1   1
   2963    1   81   34    1   1   1
   2964    2   81   34    1   1   1
   2965    1   82   34    1   1   1
   2966    2   82   34    1   1   1
   2967    1   83   34    1   1   1
   2968    2   83   34    1   1   1
   2969    1   84   34    1   1   1
   2970    2   84   34    1   1   1
   2971    1   85   34    1   1   1
   2972    2   85   34    1   1   1
   2973    1    3   35    1   1   1
   2974    2    3   35    1   1   1
   2975    1    4   35    1   1   1
   2976    2    4   35    1   1   1
   2977    1    5   35    1   1   1
   2978    2    5   35    1   1   1
   2979    1    6   35    1   1   1
   2980    2    6   35    1   1   1
   2981    1    7   35    1   1   1
   2982    2    7   35    1   1   1
   2983    1    8   35    1   1   1
   2984    2    8   35    1   1   1
   2985    1    9   35    1   1   1
   2986    2    9   35    1   1   1
   2987    1   10   35    1   1   1
   2988    2   10   35    1   1   1
   2989    1   11   35    1   1   1
   2990    2   11   35    1   1   1
   2991    1   12   35    1   1   1
   2992    2   12   35    1   1   1
   2993    1   13   35    1   1   1
   2994    2   13   35    1   1   1
   2995    1   14   35    1   1   1
   2996    2   14   35    1   1   1
   2997    1   15   35    1   1   1
   2998    2   15   35    1   1   1
   2999    1   16   35    1   1   1
   3000    2   16   35    1   1   1
   3001    0   17   35    1   1   1
   3002    1   17   35    1   1   1
   3003    2   17   35    1   1   1
   3004    3   17   35    1   1   1
   3005    0   18   35    1   1   1
   3006    1   18   35    1   1   1
   3007    2   18   35    1   1   1
   3008    3   18   35    1   1   1
   3009    1   19   35    1   1   1
   3010    2   19   35    1   1   1
   3011    1   20   35    1   1   1
   3012    2   20   35    1   1   1
   3013    1   21   35    1   1   1
   3014    2   21   35    1   1   1
   3015    0   22   35    1   1   1
   3016    1   22   35    1   1   1
   3017    2   22   35    1   1   1
   3018    3   22   35    1   1   1
   3019    0   23   35    1   1   1
   3020    1   23   35    1   1   1
   3021    2   23   35    1   1   1
   3022    3   23   35    1   1   1
   3023    0   24   35    1   1   1
   3024    1   24   35    1   1   1
   3025    2   24   35    1   1   1
   3026    3   24   35    1   1   1
   3027    0   25   35    1   1   1
   3028    1   25   35    1   1   1
   3029    2   25   35    1   1   1
   3030    3   25   35    1   1   1
   3031    0   26   35    1   1   1
   3032    1   26   35    1   1   1
   3033    2   26   35    1   1   1
   3034    3   26   35    1   1   1
   3035    0   27   35    1   1   1
   3036    1   27   35    1   1   1
   3037    2   27   35    1   1   1
   3038    3   27   35    1   1   1
   3039    0   28   35    1   1   1
   3040    1   28   35    1   1   1
   3041    2   28   35    1   1   1
   3042    3   28   35    1   1   1
   3043    0   29   35    1   1   1
   3044    1   29   35    1   1   1
   3045    2   29   35    1   1   1
   3046    3   29   35    1   1   1
   3047    0   30   35    1   1   1
   3048    1   30   35    1   1   1
   3049    2   30   35    1   1   1
   3050    3   30   35    1   1   1
   3051    0   31   35    1   1   1
   3052    1   31   35    1   1   1
   3053    2   31   35    1   1   1
   3054    3   31   35    1   1   1
   3055    0   32   35    1   1   1
   3056    3   32   35    1   1   1
   3057    0   33   35    1   1   1
   3058    1   33   35    1   1   1
   3059    2   33   35    1   1   1
   3060    3   33   35    1   1   1
   3061    0   34   35    1   1   1
   3062    1   34   35    1   1   1
   3063    2   34   35    1   1   1
   3064    3   34   35    1   1   1
   3065    0   37   35    1   1   1
   3066    3   37   35    1   1   1
   3067    0   38   35    1   1   1
   3068    1   38   35    1   1   1
   3069    2   38   35    1   1   1
   3070    3   38   35    1   1   1
   3071    0   39   35    1   1   1
   3072    1   39   35    1   1   1
   3073    2   39   35    1   1   1
   3074    3   39   35    1   1   1
   3075    0   40   35    1   1   1
   3076    1   40   35    1   1   1
   3077    2   40   35    1   1   1
   3078    3   40   35    1   1   1
   3079    0   41   35    1   1   1
   3080    1   41   35    1   1   1
   3081    2   41   35    1   1   1
   3082    3   41   35    1   1   1
   3083    1   42   35    1   1   1
   3084    2   42   35    1   1   1
   3085    1   43   35    1   1   1
   3086    2   43   35    1   1   1
   3087    0   44   35    1   1   1
   3088    1   44   35    1   1   1
   3089    2   44   35    1   1   1
   3090    3   44   35    1   1   1
   3091    1   45   35    1   1   1
   3092    2   45   35    1   1   1
   3093    1   46   35    1   1   1
   3094    2   46   35    1   1   1
   3095    1   47   35    1   1   1
   3096    2   47   35    1   1   1
   3097    0   48   35    1   1   1
   3098    1   48   35    1   1   1
   3099    2   48   35    1   1   1
   3100    3   48   35    1   1   1
   3101    0   49   35    1   1   1
   3102    1   49   35    1   1   1
   3103    2   49   35    1   1   1
   3104    3   49   35    1   1   1
   3105    0   50   35    1   1   1
   3106    1   50   35    1   1   1
   3107    2   50   35    1   1   1
   3108    3   50   35    1   1   1
   3109    0   51   35    1   1   1
   3110    1   51   35    1   1   1
   3111    2   51   35    1   1   1
   3112    3   51   35    1   1   1
   3113    0   52   35    1   1   1
   3114    3   52   35    1   1   1
   3115    0   55   35    1   1   1
   3116    1   55   35    1   1   1
   3117    2   55   35    1   1   1
   3118    3   55   35    1   1   1
   3119    0   56   35    1   1   1
   3120    1   56   35    1   1   1
   3121    2   56   35    1   1   1
   3122    3   56   35    1   1   1
   3123    0   57   35    1   1   1
   3124    3   57   35    1   1   1
   3125    0   58   35    1   1   1
   3126    1   58   35    1   1   1
   3127    2   58   35    1   1   1
   3128    3   58   35    1   1   1
   3129    0   59   35    1   1   1
   3130    1   59   35    1   1   1
   3131    2   59   35    1   1   1
   3132    3   59   35    1   1   1
   3133    0   60   35    1   1   1
   3134    3   60   35    1   1   1
   3135    0   61   35    1   1   1
   3136    1   61   35    1   1   1
   3137    2   61   35    1   1   1
   3138    3   61   35    1   1   1
   3139    0   62   35    1   1   1
   3140    1   62   35    1   1   1
   3141    2   62   35    1   1   1
   3142    3   62   35    1   1   1
   3143    0   63   35    1   1   1
   3144    1   63   35    1   1   1
   3145    2   63   35    1   1   1
   3146    3   63   35    1   1   1
   3147    0   64   35    1   1   1
   3148    1   64   35    1   1   1
   3149    2   64   35    1   1   1
   3150    3   64   35    1   1   1
   3151    0   65   35    1   1   1
   3152    1   65   35    1   1   1
   3153    2   65   35    1   1   1
   3154    3   65   35    1   1   1
   3155    1   66   35    1   1   1
   3156    2   66   35    1   1   1
   3157    1   67   35    1   1   1
   3158    2   67   35    1   1   1
   3159    1   68   35    1   1   1
   3160    2   68   35    1   1   1
   3161    1   69   35    1   1   1
   3162    2   69   35    1   1   1
   3163    1   70   35    1   1   1
   3164    2   70   35    1   1   1
   3165    0   71   35    1   1   1
   3166    1   71   35    1   1   1
   3167    2   71   35    1   1   1
   3168    3   71   35    1   1   1
   3169    0   72   35    1   1   1
   3170    1   72   35    1   1   1
   3171    2   72   35    1   1   1
   3172    3   72   35    1   1   1
   3173    1   73   35    1   1   1
   3174    2   73   35    1   1   1
   3175    1   74   35    1   1   1
   3176    2   74   35    1   1   1
   3177    1   75   35    1   1   1
   3178    2   75   35    1   1   1
   3179    1   76   35    1   1   1
   3180    2   76   35    1   1   1
   3181    1   77   35    1   1   1
   3182    2   77   35    1   1   1
   3183    1   78   35    1   1   1
   3184    2   78   35    1   1   1
   3185    1   79   35    1   1   1
   3186    2   79   35    1   1   1
   3187    1   80   35    1   1   1
   3188    2   80   35    1   1   1
   3189    1   81   35    1   1   1
   3190    2   81   35    1   1   1
   3191    1   82   35    1   1   1
   3192    2   82   35    1   1   1
   3193    1   83   35    1   1   1
   3194    2   83   35    1   1   1
   3195    1   84   35    1   1   1
   3196    2   84   35    1   1   1
   3197    1   85   35    1   1   1
   3198    2   85   35    1   1   1
   3199    1   86   35    1   1   1
   3200    2   86   35    1   1   1
   3201    1    3   36    1   1   1
   3202    2    3   36    1   1   1
   3203    0    8   36    1   1   1
   3204    1    8   36    1   1   1
   3205    2    8   36    1   1   1
   3206    3    8   36    1   1   1
   3207    0    9   36    1   1   1
   3208    1    9   36    1   1   1
   3209    2    9   36    1   1   1
   3210    3    9   36    1   1   1
   3211    0   10   36    1   1   1
   3212    1   10   36    1   1   1
   3213    2   10   36    1   1   1
   3214    3   10   36    1   1   1
   3215    0   11   36    1   1   1
   3216    1   11   36    1   1   1
   3217    2   11   36    1   1   1
   3218    3   11   36    1   1   1
   3219    1   12   36    1   1   1
   3220    2   12   36    1   1   1
   3221    1   13   36    1   1   1
   3222    2   13   36    1   1   1
   3223    1   14   36    1   1   1
   3224    2   14   36    1   1   1
   3225    1   15   36    1   1   1
   3226    2   15   36    1   1   1
   3227    1   16   36    1   1   1
   3228    2   16   36    1   1   1
   3229    1   17   36    1   1   1
   3230    2   17   36    1   1   1
   3231    1   18   36    1   1   1
   3232    2   18   36    1   1   1
   3233    0   19   36    1   1   1
   3234    1   19   36    1   1   1
   3235    2   19   36    1   1   1
   3236    3   19   36    1   1   1
   3237    0   20   36    1   1   1
   3238    1   20   36    1   1   1
   3239    2   20   36    1   1   1
   3240    3   20   36    1   1   1
   3241    1   21   36    1   1   1
   3242    2   21   36    1   1   1
   3243    1   22   36    1   1   1
   3244    2   22   36    1   1   1
   3245    1   23   36    1   1   1
   3246    2   23   36    1   1   1
   3247    0   24   36    1   1   1
   3248    1   24   36    1   1   1
   3249    2   24   36    1   1   1
   3250    3   24   36    1   1   1
   3251    0   25   36    1   1   1
   3252    1   25   36    1   1   1
   3253    2   25   36    1   1   1
   3254    3   25   36    1   1   1
   3255    0   26   36    1   1   1
   3256    1   26   36    1   1   1
   3257    2   26   36    1   1   1
   3258    3   26   36    1   1   1
   3259    0   27   36    1   1   1
   3260    1   27   36    1   1   1
   3261    2   27   36    1   1   1
   3262    3   27   36    1   1   1
   3263    0   28   36    1   1   1
   3264    1   28   36    1   1   1
   3265    2   28   36    1   1   1
   3266    3   28   36    1   1   1
   3267    0   29   36    1   1   1
   3268    1   29   36    1   1   1
   3269    2   29   36    1   1   1
   3270    3   29   36    1   1   1
   3271    0   30   36    1   1   1
   3272    1   30   36    1   1   1
   3273    2   30   36    1   1   1
   3274    3   30   36    1   1   1
   3275    0   31   36    1   1   1
   3276    1   31   36    1   1   1
   3277    2   31   36    1   1   1
   3278    3   31   36    1   1   1
   3279    0   32   36    1   1   1
   3280    3   32   36    1   1   1
   3281    0   33   36    1   1   1
   3282    1   33   36    1   1   1
   3283    2   33   36    1   1   1
   3284    3   33   36    1   1   1
   3285    0   34   36    1   1   1
   3286    1   34   36    1   1   1
   3287    2   34   36    1   1   1
   3288    3   34   36    1   1   1
   3289    0   35   36    1   1   1
   3290    3   35   36    1   1   1
   3291    0   38   36    1   1   1
   3292    1   38   36    1   1   1
   3293    2   38   36    1   1   1
   3294    3   38   36    1   1   1
   3295    0   39   36    1   1   1
   3296    1   39   36    1   1   1
   3297    2   39   36    1   1   1
   3298    3   39   36    1   1   1
   3299    0   40   36    1   1   1
   3300    1   40   36    1   1   1
   3301    2   40   36    1   1   1
   3302    3   40   36    1   1   1
   3303    0   41   36    1   1   1
   3304    1   41   36    1   1   1
   3305    2   41   36    1   1   1
   3306    3   41   36    1   1   1
   3307    1   42   36    1   1   1
   3308    2   42   36    1   1   1
   3309    1   43   36    1   1   1
   3310    2   43   36    1   1   1
   3311    0   44   36    1   1   1
   3312    1   44   36    1   1   1
   3313    2   44   36    1   1   1
   3314    3   44   36    1   1   1
   3315    0   45   36    1   1   1
   3316    1   45   36    1   1   1
   3317    2   45   36    1   1   1
   3318    3   45   36    1   1   1
   3319    1   46   36    1   1   1
   3320    2   46   36    1   1   1
   3321    1   47   36    1   1   1
   3322    2   47   36    1   1   1
   3323    0   48   36    1   1   1
   3324    1   48   36    1   1   1
   3325    2   48   36    1   1   1
   3326    3   48   36    1   1   1
   3327    0   49   36    1   1   1
   3328    1   49   36    1   1   1
   3329    2   49   36    1   1   1
   3330    3   49   36    1   1   1
   3331    0   50   36    1   1   1
   3332    1   50   36    1   1   1
   3333    2   50   36    1   1   1
   3334    3   50   36    1   1   1
   3335    0   51   36    1   1   1
   3336    1   51   36    1   1   1
   3337    2   51   36    1   1   1
   3338    3   51   36    1   1   1
   3339    0   54   36    1   1   1
   3340    3   54   36    1   1   1
   3341    0   55   36    1   1   1
   3342    1   55   36    1   1   1
   3343    2   55   36    1   1   1
   3344    3   55   36    1   1   1
   3345    0   56   36    1   1   1
   3346    1   56   36    1   1   1
   3347    2   56   36    1   1   1
   3348    3   56   36    1   1   1
   3349    0   57   36    1   1   1
   3350    3   57   36    1   1   1
   3351    0   58   36    1   1   1
   3352    1   58   36    1   1   1
   3353    2   58   36    1   1   1
   3354    3   58   36    1   1   1
   3355    0   59   36    1   1   1
   3356    1   59   36    1   1   1
   3357    2   59   36    1   1   1
   3358    3   59   36    1   1   1
   3359    0   60   36    1   1   1
   3360    1   60   36    1   1   1
   3361    2   60   36    1   1   1
   3362    3   60   36    1   1   1
   3363    0   61   36    1   1   1
   3364    1   61   36    1   1   1
   3365    2   61   36    1   1   1
   3366    3   61   36    1   1   1
   3367    0   62   36    1   1   1
   3368    1   62   36    1   1   1
   3369    2   62   36    1   1   1
   3370    3   62   36    1   1   1
   3371    0   63   36    1   1   1
   3372    1   63   36    1   1   1
   3373    2   63   36    1   1   1
   3374    3   63   36    1   1   1
   3375    0   64   36    1   1   1
   3376    1   64   36    1   1   1
   3377    2   64   36    1   1   1
   3378    3   64   36    1   1   1
   3379    1   65   36    1   1   1
   3380    2   65   36    1   1   1
   3381    1   66   36    1   1   1
   3382    2   66   36    1   1   1
   3383    1   67   36    1   1   1
   3384    2   67   36    1   1   1
   3385    0   68   36    1   1   1
   3386    1   68   36    1   1   1
   3387    2   68   36    1   1   1
   3388    3   68   36    1   1   1
   3389    0   69   36    1   1   1
   3390    1   69   36    1   1   1
   3391    2   69   36    1   1   1
   3392    3   69   36    1   1   1
   3393    0   70   36    1   1   1
   3394    1   70   36    1   1   1
   3395    2   70   36    1   1   1
   3396    3   70   36    1   1   1
   3397    1   71   36    1   1   1
   3398    2   71   36    1   1   1
   3399    1   72   36    1   1   1
   3400    2   72   36    1   1   1
   3401    1   73   36    1   1   1
   3402    2   73   36    1   1   1
   3403    1   74   36    1   1   1
   3404    2   74   36    1   1   1
   3405    1   75   36    1   1   1
   3406    2   75   36    1   1   1
   3407    1   76   36    1   1   1
   3408    2   76   36    1   1   1
   3409    1   77   36    1   1   1
   3410    2   77   36    1   1   1
   3411    0   78   36    1   1   1
   3412    1   78   36    1   1   1
   3413    2   78   36    1   1   1
   3414    3   78   36    1   1   1
   3415    0   79   36    1   1   1
   3416    1   79   36    1   1   1
   3417    2   79   36    1   1   1
   3418    3   79   36    1   1   1
   3419    0   80   36    1   1   1
   3420    1   80   36    1   1   1
   3421    2   80   36    1   1   1
   3422    3   80   36    1   1   1
   3423    0   81   36    1   1   1
   3424    1   81   36    1   1   1
   3425    2   81   36    1   1   1
   3426    3   81   36    1   1   1
   3427    1   85   36    1   1   1
   3428    2   85   36    1   1   1
   3429    1   86   36    1   1   1
   3430    2   86   36    1   1   1
   3431    0    6   37    1   1   1
   3432    1    6   37    1   1   1
   3433    2    6   37    1   1   1
   3434    3    6   37    1   1   1
   3435    0    7   37    1   1   1
   3436    1    7   37    1   1   1
   3437    2    7   37    1   1   1
   3438    3    7   37    1   1   1
   3439    0    8   37    1   1   1
   3440    1    8   37    1   1   1
   3441    2    8   37    1   1   1
   3442    3    8   37    1   1   1
   3443    0    9   37    1   1   1
   3444    1    9   37    1   1   1
   3445    2    9   37    1   1   1
   3446    3    9   37    1   1   1
   3447    0   10   37    1   1   1
   3448    3   10   37    1   1   1
   3449    1   11   37    1   1   1
   3450    2   11   37    1   1   1
   3451    0   12   37    1   1   1
   3452    1   12   37    1   1   1
   3453    2   12   37    1   1   1
   3454    3   12   37    1   1   1
   3455    0   13   37    1   1   1
   3456    1   13   37    1   1   1
   3457    2   13   37    1   1   1
   3458    3   13   37    1   1   1
   3459    0   14   37    1   1   1
   3460    1   14   37    1   1   1
   3461    2   14   37    1   1   1
   3462    3   14   37    1   1   1
   3463    0   15   37    1   1   1
   3464    1   15   37    1   1   1
   3465    2   15   37    1   1   1
   3466    3   15   37    1   1   1
   3467    1   16   37    1   1   1
   3468    2   16   37    1   1   1
   3469    1   17   37    1   1   1
   3470    2   17   37    1   1   1
   3471    1   18   37    1   1   1
   3472    2   18   37    1   1   1
   3473    1   19   37    1   1   1
   3474    2   19   37    1   1   1
   3475    0   20   37    1   1   1
   3476    1   20   37    1   1   1
   3477    2   20   37    1   1   1
   3478    3   20   37    1   1   1
   3479    0   21   37    1   1   1
   3480    1   21   37    1   1   1
   3481    2   21   37    1   1   1
   3482    3   21   37    1   1   1
   3483    0   22   37    1   1   1
   3484    1   22   37    1   1   1
   3485    2   22   37    1   1   1
   3486    3   22   37    1   1   1
   3487    1   23   37    1   1   1
   3488    2   23   37    1   1   1
   3489    1   24   37    1   1   1
   3490    2   24   37    1   1   1
   3491    0   25   37    1   1   1
   3492    1   25   37    1   1   1
   3493    2   25   37    1   1   1
   3494    3   25   37    1   1   1
   3495    0   26   37    1   1   1
   3496    1   26   37    1   1   1
   3497    2   26   37    1   1   1
   3498    3   26   37    1   1   1
   3499    0   27   37    1   1   1
   3500    1   27   37    1   1   1
   3501    2   27   37    1   1   1
   3502    3   27   37    1   1   1
   3503    0   28   37    1   1   1
   3504    1   28   37    1   1   1
   3505    2   28   37    1   1   1
   3506    3   28   37    1   1   1
   3507    0   29   37    1   1   1
   3508    1   29   37    1   1   1
   3509    2   29   37    1   1   1
   3510    3   29   37    1   1   1
   3511    0   30   37    1   1   1
   3512    1   30   37    1   1   1
   3513    2   30   37    1   1   1
   3514    3   30   37    1   1   1
   3515    0   31   37    1   1   1
   3516    1   31   37    1   1   1
   3517    2   31   37    1   1   1
   3518    3   31   37    1   1   1
   3519    0   32   37    1   1   1
   3520    1   32   37    1   1   1
   3521    2   32   37    1   1   1
   3522    3   32   37    1   1   1
   3523    0   33   37    1   1   1
   3524    1   33   37    1   1   1
   3525    2   33   37    1   1   1
   3526    3   33   37    1   1   1
   3527    0   34   37    1   1   1
   3528    1   34   37    1   1   1
   3529    2   34   37    1   1   1
   3530    3   34   37    1   1   1
   3531    0   35   37    1   1   1
   3532    1   35   37    1   1   1
   3533    2   35   37    1   1   1
   3534    3   35   37    1   1   1
   3535    1   39   37    1   1   1
   3536    2   39   37    1   1   1
   3537    0   40   37    1   1   1
   3538    1   40   37    1   1   1
   3539    2   40   37    1   1   1
   3540    3   40   37    1   1   1
   3541    0   41   37    1   1   1
   3542    1   41   37    1   1   1
   3543    2   41   37    1   1   1
   3544    3   41   37    1   1   1
   3545    1   42   37    1   1   1
   3546    2   42   37    1   1   1
   3547    1   43   37    1   1   1
   3548    2   43   37    1   1   1
   3549    0   44   37    1   1   1
   3550    1   44   37    1   1   1
   3551    2   44   37    1   1   1
   3552    3   44   37    1   1   1
   3553    1   45   37    1   1   1
   3554    2   45   37    1   1   1
   3555    1   46   37    1   1   1
   3556    2   46   37    1   1   1
   3557    1   47   37    1   1   1
   3558    2   47   37    1   1   1
   3559    0   48   37    1   1   1
   3560    1   48   37    1   1   1
   3561    2   48   37    1   1   1
   3562    3   48   37    1   1   1
   3563    0   49   37    1   1   1
   3564    1   49   37    1   1   1
   3565    2   49   37    1   1   1
   3566    3   49   37    1   1   1
   3567    1   50   37    1   1   1
   3568    2   50   37    1   1   1
   3569    0   54   37    1   1   1
   3570    1   54   37    1   1   1
   3571    2   54   37    1   1   1
   3572    3   54   37    1   1   1
   3573    0   55   37    1   1   1
   3574    1   55   37    1   1   1
   3575    2   55   37    1   1   1
   3576    3   55   37    1   1   1
   3577    0   56   37    1   1   1
   3578    1   56   37    1   1   1
   3579    2   56   37    1   1   1
   3580    3   56   37    1   1   1
   3581    0   57   37    1   1   1
   3582    1   57   37    1   1   1
   3583    2   57   37    1   1   1
   3584    3   57   37    1   1   1
   3585    0   58   37    1   1   1
   3586    1   58   37    1   1   1
   3587    2   58   37    1   1   1
   3588    3   58   37    1   1   1
   3589    0   59   37    1   1   1
   3590    1   59   37    1   1   1
   3591    2   59   37    1   1   1
   3592    3   59   37    1   1   1
   3593    0   60   37    1   1   1
   3594    1   60   37    1   1   1
   3595    2   60   37    1   1   1
   3596    3   60   37    1   1   1
   3597    0   61   37    1   1   1
   3598    1   61   37    1   1   1
   3599    2   61   37    1   1   1
   3600    3   61   37    1   1   1
   3601    0   62   37    1   1   1
   3602    1   62   37    1   1   1
   3603    2   62   37    1   1   1
   3604    3   62   37    1   1   1
   3605    1   63   37    1   1   1
   3606    2   63   37    1   1   1
   3607    1   64   37    1   1   1
   3608    2   64   37    1   1   1
   3609    1   65   37    1   1   1
   3610    2   65   37    1   1   1
   3611    1   66   37    1   1   1
   3612    2   66   37    1   1   1
   3613    0   67   37    1   1   1
   3614    1   67   37    1   1   1
   3615    2   67   37    1   1   1
   3616    3   67   37    1   1   1
   3617    0   68   37    1   1   1
   3618    1   68   37    1   1   1
   3619    2   68   37    1   1   1
   3620    3   68   37    1   1   1
   3621    0   69   37    1   1   1
   3622    1   69   37    1   1   1
   3623    2   69   37    1   1   1
   3624    3   69   37    1   1   1
   3625    1   70   37    1   1   1
   3626    2   70   37    1   1   1
   3627    1   71   37    1   1   1
   3628    2   71   37    1   1   1
   3629    1   72   37    1   1   1
   3630    2   72   37    1   1   1
   3631    1   73   37    1   1   1
   3632    2   73   37    1   1   1
   3633    0   74   37    1   1   1
   3634    1   74   37    1   1   1
   3635    2   74   37    1   1   1
   3636    3   74   37    1   1   1
   3637    0   75   37    1   1   1
   3638    1   75   37    1   1   1
   3639    2   75   37    1   1   1
   3640    3   75   37    1   1   1
   3641    0   76   37    1   1   1
   3642    1   76   37    1   1   1
   3643    2   76   37    1   1   1
   3644    3   76   37    1   1   1
   3645    0   77   37    1   1   1
   3646    1   77   37    1   1   1
   3647    2   77   37    1   1   1
   3648    3   77   37    1   1   1
   3649    1   78   37    1   1   1
   3650    2   78   37    1   1   1
   3651    0   80   37    1   1   1
   3652    1   80   37    1   1   1
   3653    2   80   37    1   1   1
   3654    3   80   37    1   1   1
   3655    0   81   37    1   1   1
   3656    1   81   37    1   1   1
   3657    2   81   37    1   1   1
   3658    3   81   37    1   1   1
   3659    0   82   37    1   1   1
   3660    1   82   37    1   1   1
   3661    2   82   37    1   1   1
   3662    3   82   37    1   1   1
   3663    0    6   38    1   1   1
   3664    1    6   38    1   1   1
   3665    2    6   38    1   1   1
   3666    3    6   38    1   1   1
   3667    0    7   38    1   1   1
   3668    3    7   38    1   1   1
   3669    0    9   38    1   1   1
   3670    3    9   38    1   1   1
   3671    0   10   38    1   1   1
   3672    1   10   38    1   1   1
   3673    2   10   38    1   1   1
   3674    3   10   38    1   1   1
   3675    0   11   38    1   1   1
   3676    1   11   38    1   1   1
   3677    2   11   38    1   1   1
   3678    3   11   38    1   1   1
   3679    0   12   38    1   1   1
   3680    1   12   38    1   1   1
   3681    2   12   38    1   1   1
   3682    3   12   38    1   1   1
   3683    0   13   38    1   1   1
   3684    1   13   38    1   1   1
   3685    2   13   38    1   1   1
   3686    3   13   38    1   1   1
   3687    0   14   38    1   1   1
   3688    1   14   38    1   1   1
   3689    2   14   38    1   1   1
   3690    3   14   38    1   1   1
   3691    0   15   38    1   1   1
   3692    1   15   38    1   1   1
   3693    2   15   38    1   1   1
   3694    3   15   38    1   1   1
   3695    0   16   38    1   1   1
   3696    1   16   38    1   1   1
   3697    2   16   38    1   1   1
   3698    3   16   38    1   1   1
   3699    0   17   38    1   1   1
   3700    1   17   38    1   1   1
   3701    2   17   38    1   1   1
   3702    3   17   38    1   1   1
   3703    0   18   38    1   1   1
   3704    1   18   38    1   1   1
   3705    2   18   38    1   1   1
   3706    3   18   38    1   1   1
   3707    1   19   38    1   1   1
   3708    2   19   38    1   1   1
   3709    1   20   38    1   1   1
   3710    2   20   38    1   1   1
   3711    1   21   38    1   1   1
   3712    2   21   38    1   1   1
   3713    1   22   38    1   1   1
   3714    2   22   38    1   1   1
   3715    0   23   38    1   1   1
   3716    1   23   38    1   1   1
   3717    2   23   38    1   1   1
   3718    3   23   38    1   1   1
   3719    0   24   38    1   1   1
   3720    1   24   38    1   1   1
   3721    2   24   38    1   1   1
   3722    3   24   38    1   1   1
   3723    1   25   38    1   1   1
   3724    2   25   38    1   1   1
   3725    1   26   38    1   1   1
   3726    2   26   38    1   1   1
   3727    0   27   38    1   1   1
   3728    1   27   38    1   1   1
   3729    2   27   38    1   1   1
   3730    3   27   38    1   1   1
   3731    0   28   38    1   1   1
   3732    1   28   38    1   1   1
   3733    2   28   38    1   1   1
   3734    3   28   38    1   1   1
   3735    0   29   38    1   1   1
   3736    1   29   38    1   1   1
   3737    2   29   38    1   1   1
   3738    3   29   38    1   1   1
   3739    0   30   38    1   1   1
   3740    1   30   38    1   1   1
   3741    2   30   38    1   1   1
   3742    3   30   38    1   1   1
   3743    0   31   38    1   1   1
   3744    1   31   38    1   1   1
   3745    2   31   38    1   1   1
   3746    3   31   38    1   1   1
   3747    0   32   38    1   1   1
   3748    1   32   38    1   1   1
   3749    2   32   38    1   1   1
   3750    3   32   38    1   1   1
   3751    0   33   38    1   1   1
   3752    1   33   38    1   1   1
   3753    2   33   38    1   1   1
   3754    3   33   38    1   1   1
   3755    0   34   38    1   1   1
   3756    1   34   38    1   1   1
   3757    2   34   38    1   1   1
   3758    3   34   38    1   1   1
   3759    0   35   38    1   1   1
   3760    1   35   38    1   1   1
   3761    2   35   38    1   1   1
   3762    3   35   38    1   1   1
   3763    1   38   38    1   1   1
   3764    2   38   38    1   1   1
   3765    1   39   38    1   1   1
   3766    2   39   38    1   1   1
   3767    0   40   38    1   1   1
   3768    1   40   38    1   1   1
   3769    2   40   38    1   1   1
   3770    3   40   38    1   1   1
   3771    1   41   38    1   1   1
   3772    2   41   38    1   1   1
   3773    1   42   38    1   1   1
   3774    2   42   38    1   1   1
   3775    1   43   38    1   1   1
   3776    2   43   38    1   1   1
   3777    0   44   38    1   1   1
   3778    1   44   38    1   1   1
   3779    2   44   38    1   1   1
   3780    3   44   38    1   1   1
   3781    0   45   38    1   1   1
   3782    1   45   38    1   1   1
   3783    2   45   38    1   1   1
   3784    3   45   38    1   1   1
   3785    1   46   38    1   1   1
   3786    2   46   38    1   1   1
   3787    1   47   38    1   1   1
   3788    2   47   38    1   1   1
   3789    1   48   38    1   1   1
   3790    2   48   38    1   1   1
   3791    1   49   38    1   1   1
   3792    2   49   38    1   1   1
   3793    1   50   38    1   1   1
   3794    2   50   38    1   1   1
   3795    0   54   38    1   1   1
   3796    1   54   38    1   1   1
   3797    2   54   38    1   1   1
   3798    3   54   38    1   1   1
   3799    0   55   38    1   1   1
   3800    1   55   38    1   1   1
   3801    2   55   38    1   1   1
   3802    3   55   38    1   1   1
   3803    0   56   38    1   1   1
   3804    1   56   38    1   1   1
   3805    2   56   38    1   1   1
   3806    3   56   38    1   1   1
   3807    0   57   38    1   1   1
   3808    1   57   38    1   1   1
   3809    2   57   38    1   1   1
   3810    3   57   38    1   1   1
   3811    0   58   38    1   1   1
   3812    1   58   38    1   1   1
   3813    2   58   38    1   1   1
   3814    3   58   38    1   1   1
   3815    0   59   38    1   1   1
   3816    1   59   38    1   1   1
   3817    2   59   38    1   1   1
   3818    3   59   38    1   1   1
   3819    0   60   38    1   1   1
   3820    1   60   38    1   1   1
   3821    2   60   38    1   1   1
   3822    3   60   38    1   1   1
   3823    0   61   38    1   1   1
   3824    1   61   38    1   1   1
   3825    2   61   38    1   1   1
   3826    3   61   38    1   1   1
   3827    1   62   38    1   1   1
   3828    2   62   38    1   1   1
   3829    1   63   38    1   1   1
   3830    2   63   38    1   1   1
   3831    1   64   38    1   1   1
   3832    2   64   38    1   1   1
   3833    0   65   38    1   1   1
   3834    1   65   38    1   1   1
   3835    2   65   38    1   1   1
   3836    3   65   38    1   1   1
   3837    0   66   38    1   1   1
   3838    1   66   38    1   1   1
   3839    2   66   38    1   1   1
   3840    3   66   38    1   1   1
   3841    1   67   38    1   1   1
   3842    2   67   38    1   1   1
   3843    1   68   38    1   1   1
   3844    2   68   38    1   1   1
   3845    1   69   38    1   1   1
   3846    2   69   38    1   1   1
   3847    1   70   38    1   1   1
   3848    2   70   38    1   1   1
   3849    0   71   38    1   1   1
   3850    1   71   38    1   1   1
   3851    2   71   38    1   1   1
   3852    3   71   38    1   1   1
   3853    0   72   38    1   1   1
   3854    1   72   38    1   1   1
   3855    2   72   38    1   1   1
   3856    3   72   38    1   1   1
   3857    0   73   38    1   1   1
   3858    1   73   38    1   1   1
   3859    2   73   38    1   1   1
   3860    3   73   38    1   1   1
   3861    0   74   38    1   1   1
   3862    1   74   38    1   1   1
   3863    2   74   38    1   1   1
   3864    3   74   38    1   1   1
   3865    0   75   38    1   1   1
   3866    1   75   38    1   1   1
   3867    2   75   38    1   1   1
   3868    3   75   38    1   1   1
   3869    0   76   38    1   1   1
   3870    1   76   38    1   1   1
   3871    2   76   38    1   1   1
   3872    3   76   38    1   1   1
   3873    0   77   38    1   1   1
   3874    1   77   38    1   1   1
   3875    2   77   38    1   1   1
   3876    3   77   38    1   1   1
   3877    0   78   38    1   1   1
   3878    1   78   38    1   1   1
   3879    2   78   38    1   1   1
   3880    3   78   38    1   1   1
   3881    0   79   38    1   1   1
   3882    1   79   38    1   1   1
   3883    2   79   38    1   1   1
   3884    3   79   38    1   1   1
   3885    0   80   38    1   1   1
   3886    3   80   38    1   1   1
   3887    0   81   38    1   1   1
   3888    3   81   38    1   1   1
   3889    0   82   38    1   1   1
   3890    3   82   38    1   1   1
   3891    0    9   39    1   1   1
   3892    1    9   39    1   1   1
   3893    2    9   39    1   1   1
   3894    3    9   39    1   1   1
   3895    0   10   39    1   1   1
   3896    1   10   39    1   1   1
   3897    2   10   39    1   1   1
   3898    3   10   39    1   1   1
   3899    0   11   39    1   1   1
   3900    1   11   39    1   1   1
   3901    2   11   39    1   1   1
   3902    3   11   39    1   1   1
   3903    0   12   39    1   1   1
   3904    1   12   39    1   1   1
   3905    2   12   39    1   1   1
   3906    3   12   39    1   1   1
   3907    0   13   39    1   1   1
   3908    1   13   39    1   1   1
   3909    2   13   39    1   1   1
   3910    3   13   39    1   1   1
   3911    0   14   39    1   1   1
   3912    1   14   39    1   1   1
   3913    2   14   39    1   1   1
   3914    3   14   39    1   1   1
   3915    0   15   39    1   1   1
   3916    1   15   39    1   1   1
   3917    2   15   39    1   1   1
   3918    3   15   39    1   1   1
   3919    0   16   39    1   1   1
   3920    1   16   39    1   1   1
   3921    2   16   39    1   1   1
   3922    3   16   39    1   1   1
   3923    0   17   39    1   1   1
   3924    1   17   39    1   1   1
   3925    2   17   39    1   1   1
   3926    3   17   39    1   1   1
   3927    0   18   39    1   1   1
   3928    1   18   39    1   1   1
   3929    2   18   39    1   1   1
   3930    3   18   39    1   1   1
   3931    0   19   39    1   1   1
   3932    1   19   39    1   1   1
   3933    2   19   39    1   1   1
   3934    3   19   39    1   1   1
   3935    0   20   39    1   1   1
   3936    1   20   39    1   1   1
   3937    2   20   39    1   1   1
   3938    3   20   39    1   1   1
   3939    1   21   39    1   1   1
   3940    2   21   39    1   1   1
   3941    1   22   39    1   1   1
   3942    2   22   39    1   1   1
   3943    1   23   39    1   1   1
   3944    2   23   39    1   1   1
   3945    0   24   39    1   1   1
   3946    1   24   39    1   1   1
   3947    2   24   39    1   1   1
   3948    3   24   39    1   1   1
   3949    0   25   39    1   1   1
   3950    1   25   39    1   1   1
   3951    2   25   39    1   1   1
   3952    3   25   39    1   1   1
   3953    1   26   39    1   1   1
   3954    2   26   39    1   1   1
   3955    1   27   39    1   1   1
   3956    2   27   39    1   1   1
   3957    1   28   39    1   1   1
   3958    2   28   39    1   1   1
   3959    0   29   39    1   1   1
   3960    1   29   39    1   1   1
   3961    2   29   39    1   1   1
   3962    3   29   39    1   1   1
   3963    0   30   39    1   1   1
   3964    1   30   39    1   1   1
   3965    2   30   39    1   1   1
   3966    3   30   39    1   1   1
   3967    0   31   39    1   1   1
   3968    1   31   39    1   1   1
   3969    2   31   39    1   1   1
   3970    3   31   39    1   1   1
   3971    0   32   39    1   1   1
   3972    1   32   39    1   1   1
   3973    2   32   39    1   1   1
   3974    3   32   39    1   1   1
   3975    0   33   39    1   1   1
   3976    1   33   39    1   1   1
   3977    2   33   39    1   1   1
   3978    3   33   39    1   1   1
   3979    0   34   39    1   1   1
   3980    1   34   39    1   1   1
   3981    2   34   39    1   1   1
   3982    3   34   39    1   1   1
   3983    0   35   39    1   1   1
   3984    1   35   39    1   1   1
   3985    2   35   39    1   1   1
   3986    3   35   39    1   1   1
   3987    1   37   39    1   1   1
   3988    2   37   39    1   1   1
   3989    1   39   39    1   1   1
   3990    2   39   39    1   1   1
   3991    1   40   39    1   1   1
   3992    2   40   39    1   1   1
   3993    1   41   39    1   1   1
   3994    2   41   39    1   1   1
   3995    1   42   39    1   1   1
   3996    2   42   39    1   1   1
   3997    1   43   39    1   1   1
   3998    2   43   39    1   1   1
   3999    0   44   39    1   1   1
   4000    1   44   39    1   1   1
   4001    2   44   39    1   1   1
   4002    3   44   39    1   1   1
   4003    0   45   39    1   1   1
   4004    1   45   39    1   1   1
   4005    2   45   39    1   1   1
   4006    3   45   39    1   1   1
   4007    1   46   39    1   1   1
   4008    2   46   39    1   1   1
   4009    1   47   39    1   1   1
   4010    2   47   39    1   1   1
   4011    1   48   39    1   1   1
   4012    2   48   39    1   1   1
   4013    1   49   39    1   1   1
   4014    2   49   39    1   1   1
   4015    1   50   39    1   1   1
   4016    2   50   39    1   1   1
   4017    0   52   39    1   1   1
   4018    1   52   39    1   1   1
   4019    2   52   39    1   1   1
   4020    3   52   39    1   1   1
   4021    0   54   39    1   1   1
   4022    1   54   39    1   1   1
   4023    2   54   39    1   1   1
   4024    3   54   39    1   1   1
   4025    0   55   39    1   1   1
   4026    1   55   39    1   1   1
   4027    2   55   39    1   1   1
   4028    3   55   39    1   1   1
   4029    0   56   39    1   1   1
   4030    1   56   39    1   1   1
   4031    2   56   39    1   1   1
   4032    3   56   39    1   1   1
   4033    0   57   39    1   1   1
   4034    1   57   39    1   1   1
   4035    2   57   39    1   1   1
   4036    3   57   39    1   1   1
   4037    0   58   39    1   1   1
   4038    1   58   39    1   1   1
   4039    2   58   39    1   1   1
   4040    3   58   39    1   1   1
   4041    0   59   39    1   1   1
   4042    1   59   39    1   1   1
   4043    2   59   39    1   1   1
   4044    3   59   39    1   1   1
   4045    1   60   39    1   1   1
   4046    2   60   39    1   1   1
   4047    1   61   39    1   1   1
   4048    2   61   39    1   1   1
   4049    1   62   39    1   1   1
   4050    2   62   39    1   1   1
   4051    1   63   39    1   1   1
   4052    2   63   39    1   1   1
   4053    0   64   39    1   1   1
   4054    1   64   39    1   1   1
   4055    2   64   39    1   1   1
   4056    3   64   39    1   1   1
   4057    0   65   39    1   1   1
   4058    1   65   39    1   1   1
   4059    2   65   39    1   1   1
   4060    3   65   39    1   1   1
   4061    1   66   39    1   1   1
   4062    2   66   39    1   1   1
   4063    1   67   39    1   1   1
   4064    2   67   39    1   1   1
   4065    0   68   39    1   1   1
   4066    1   68   39    1   1   1
   4067    2   68   39    1   1   1
   4068    3   68   39    1   1   1
   4069    0   69   39    1   1   1
   4070    1   69   39    1   1   1
   4071    2   69   39    1   1   1
   4072    3   69   39    1   1   1
   4073    0   70   39    1   1   1
   4074    1   70   39    1   1   1
   4075    2   70   39    1   1   1
   4076    3   70   39    1   1   1
   4077    0   71   39    1   1   1
   4078    1   71   39    1   1   1
   4079    2   71   39    1   1   1
   4080    3   71   39    1   1   1
   4081    0   72   39    1   1   1
   4082    1   72   39    1   1   1
   4083    2   72   39    1   1   1
   4084    3   72   39    1   1   1
   4085    0   73   39    1   1   1
   4086    1   73   39    1   1   1
   4087    2   73   39    1   1   1
   4088    3   73   39    1   1   1
   4089    0   74   39    1   1   1
   4090    1   74   39    1   1   1
   4091    2   74   39    1   1   1
   4092    3   74   39    1   1   1
   4093    0   75   39    1   1   1
   4094    1   75   39    1   1   1
   4095    2   75   39    1   1   1
   4096    3   75   39    1   1   1
   4097    0   76   39    1   1   1
   4098    1   76   39    1   1   1
   4099    2   76   39    1   1   1
   4100    3   76   39    1   1   1
   4101    0   77   39    1   1   1
   4102    1   77   39    1   1   1
   4103    2   77   39    1   1   1
   4104    3   77   39    1   1   1
   4105    0   78   39    1   1   1
   4106    1   78   39    1   1   1
   4107    2   78   39    1   1   1
   4108    3   78   39    1   1   1
   4109    0   79   39    1   1   1
   4110    1   79   39    1   1   1
   4111    2   79   39    1   1   1
   4112    3   79   39    1   1   1
   4113    0   80   39    1   1   1
   4114    1   80   39    1   1   1
   4115    2   80   39    1   1   1
   4116    3   80   39    1   1   1
   4117    0   10   40    1   1   1
   4118    1   10   40    1   1   1
   4119    2   10   40    1   1   1
   4120    3   10   40    1   1   1
   4121    0   12   40    1   1   1
   4122    1   12   40    1   1   1
   4123    2   12   40    1   1   1
   4124    3   12   40    1   1   1
   4125    0   13   40    1   1   1
   4126    1   13   40    1   1   1
   4127    2   13   40    1   1   1
   4128    3   13   40    1   1   1
   4129    0   14   40    1   1   1
   4130    1   14   40    1   1   1
   4131    2   14   40    1   1   1
   4132    3   14   40    1   1   1
   4133    0   15   40    1   1   1
   4134    1   15   40    1   1   1
   4135    2   15   40    1   1   1
   4136    3   15   40    1   1   1
   4137    0   16   40    1   1   1
   4138    1   16   40    1   1   1
   4139    2   16   40    1   1   1
   4140    3   16   40    1   1   1
   4141    0   17   40    1   1   1
   4142    1   17   40    1   1   1
   4143    2   17   40    1   1   1
   4144    3   17   40    1   1   1
   4145    0   18   40    1   1   1
   4146    1   18   40    1   1   1
   4147    2   18   40    1   1   1
   4148    3   18   40    1   1   1
   4149    0   19   40    1   1   1
   4150    1   19   40    1   1   1
   4151    2   19   40    1   1   1
   4152    3   19   40    1   1   1
   4153    0   20   40    1   1   1
   4154    1   20   40    1   1   1
   4155    2   20   40    1   1   1
   4156    3   20   40    1   1   1
   4157    0   21   40    1   1   1
   4158    1   21   40    1   1   1
   4159    2   21   40    1   1   1
   4160    3   21   40    1   1   1
   4161    0   22   40    1   1   1
   4162    1   22   40    1   1   1
   4163    2   22   40    1   1   1
   4164    3   22   40    1   1   1
   4165    1   23   40    1   1   1
   4166    2   23   40    1   1   1
   4167    1   24   40    1   1   1
   4168    2   24   40    1   1   1
   4169    0   25   40    1   1   1
   4170    1   25   40    1   1   1
   4171    2   25   40    1   1   1
   4172    3   25   40    1   1   1
   4173    0   26   40    1   1   1
   4174    1   26   40    1   1   1
   4175    2   26   40    1   1   1
   4176    3   26   40    1   1   1
   4177    0   27   40    1   1   1
   4178    1   27   40    1   1   1
   4179    2   27   40    1   1   1
   4180    3   27   40    1   1   1
   4181    1   28   40    1   1   1
   4182    2   28   40    1   1   1
   4183    1   29   40    1   1   1
   4184    2   29   40    1   1   1
   4185    1   30   40    1   1   1
   4186    2   30   40    1   1   1
   4187    1   31   40    1   1   1
   4188    2   31   40    1   1   1
   4189    0   32   40    1   1   1
   4190    1   32   40    1   1   1
   4191    2   32   40    1   1   1
   4192    3   32   40    1   1   1
   4193    0   33   40    1   1   1
   4194    1   33   40    1   1   1
   4195    2   33   40    1   1   1
   4196    3   33   40    1   1   1
   4197    0   34   40    1   1   1
   4198    1   34   40    1   1   1
   4199    2   34   40    1   1   1
   4200    3   34   40    1   1   1
   4201    0   35   40    1   1   1
   4202    1   35   40    1   1   1
   4203    2   35   40    1   1   1
   4204    3   35   40    1   1   1
   4205    1   36   40    1   1   1
   4206    2   36   40    1   1   1
   4207    1   37   40    1   1   1
   4208    2   37   40    1   1   1
   4209    1   39   40    1   1   1
   4210    2   39   40    1   1   1
   4211    1   40   40    1   1   1
   4212    2   40   40    1   1   1
   4213    1   41   40    1   1   1
   4214    2   41   40    1   1   1
   4215    1   42   40    1   1   1
   4216    2   42   40    1   1   1
   4217    1   43   40    1   1   1
   4218    2   43   40    1   1   1
   4219    0   44   40    1   1   1
   4220    1   44   40    1   1   1
   4221    2   44   40    1   1   1
   4222    3   44   40    1   1   1
   4223    0   45   40    1   1   1
   4224    1   45   40    1   1   1
   4225    2   45   40    1   1   1
   4226    3   45   40    1   1   1
   4227    1   46   40    1   1   1
   4228    2   46   40    1   1   1
   4229    1   47   40    1   1   1
   4230    2   47   40    1   1   1
   4231    1   48   40    1   1   1
   4232    2   48   40    1   1   1
   4233    1   49   40    1   1   1
   4234    2   49   40    1   1   1
   4235    1   50   40    1   1   1
   4236    2   50   40    1   1   1
   4237    1   51   40    1   1   1
   4238    2   51   40    1   1   1
   4239    0   52   40    1   1   1
   4240    1   52   40    1   1   1
   4241    2   52   40    1   1   1
   4242    3   52   40    1   1   1
   4243    0   53   40    1   1   1
   4244    1   53   40    1   1   1
   4245    2   53   40    1   1   1
   4246    3   53   40    1   1   1
   4247    0   54   40    1   1   1
   4248    1   54   40    1   1   1
   4249    2   54   40    1   1   1
   4250    3   54   40    1   1   1
   4251    0   55   40    1   1   1
   4252    1   55   40    1   1   1
   4253    2   55   40    1   1   1
   4254    3   55   40    1   1   1
   4255    1   56   40    1   1   1
   4256    2   56   40    1   1   1
   4257    1   57   40    1   1   1
   4258    2   57   40    1   1   1
   4259    1   58   40    1   1   1
   4260    2   58   40    1   1   1
   4261    1   59   40    1   1   1
   4262    2   59   40    1   1   1
   4263    1   60   40    1   1   1
   4264    2   60   40    1   1   1
   4265    0   61   40    1   1   1
   4266    1   61   40    1   1   1
   4267    2   61   40    1   1   1
   4268    3   61   40    1   1   1
   4269    0   62   40    1   1   1
   4270    1   62   40    1   1   1
   4271    2   62   40    1   1   1
   4272    3   62   40    1   1   1
   4273    0   63   40    1   1   1
   4274    1   63   40    1   1   1
   4275    2   63   40    1   1   1
   4276    3   63   40    1   1   1
   4277    1   64   40    1   1   1
   4278    2   64   40    1   1   1
   4279    1   65   40    1   1   1
   4280    2   65   40    1   1   1
   4281    1   66   40    1   1   1
   4282    2   66   40    1   1   1
   4283    0   67   40    1   1   1
   4284    1   67   40    1   1   1
   4285    2   67   40    1   1   1
   4286    3   67   40    1   1   1
   4287    0   68   40    1   1   1
   4288    1   68   40    1   1   1
   4289    2   68   40    1   1   1
   4290    3   68   40    1   1   1
   4291    0   69   40    1   1   1
   4292    1   69   40    1   1   1
   4293    2   69   40    1   1   1
   4294    3   69   40    1   1   1
   4295    0   70   40    1   1   1
   4296    1   70   40    1   1   1
   4297    2   70   40    1   1   1
   4298    3   70   40    1   1   1
   4299    0   71   40    1   1   1
   4300    1   71   40    1   1   1
   4301    2   71   40    1   1   1
   4302    3   71   40    1   1   1
   4303    0   72   40    1   1   1
   4304    1   72   40    1   1   1
   4305    2   72   40    1   1   1
   4306    3   72   40    1   1   1
   4307    0   73   40    1   1   1
   4308    1   73   40    1   1   1
   4309    2   73   40    1   1   1
   4310    3   73   40    1   1   1
   4311    0   74   40    1   1   1
   4312    1   74   40    1   1   1
   4313    2   74   40    1   1   1
   4314    3   74   40    1   1   1
   4315    0   75   40    1   1   1
   4316    1   75   40    1   1   1
   4317    2   75   40    1   1   1
   4318    3   75   40    1   1   1
   4319    0   76   40    1   1   1
   4320    1   76   40    1   1   1
   4321    2   76   40    1   1   1
   4322    3   76   40    1   1   1
   4323    0   77   40    1   1   1
   4324    1   77   40    1   1   1
   4325    2   77   40    1   1   1
   4326    3   77   40    1   1   1
   4327    0   79   40    1   1   1
   4328    3   79   40    1   1   1
   4329    0   12   41    1   1   1
   4330    3   12   41    1   1   1
   4331    0   13   41    1   1   1
   4332    1   13   41    1   1   1
   4333    2   13   41    1   1   1
   4334    3   13   41    1   1   1
   4335    0   14   41    1   1   1
   4336    1   14   41    1   1   1
   4337    2   14   41    1   1   1
   4338    3   14   41    1   1   1
   4339    0   15   41    1   1   1
   4340    1   15   41    1   1   1
   4341    2   15   41    1   1   1
   4342    3   15   41    1   1   1
   4343    0   16   41    1   1   1
   4344    3   16   41    1   1   1
   4345    0   17   41    1   1   1
   4346    1   17   41    1   1   1
   4347    2   17   41    1   1   1
   4348    3   17   41    1   1   1
   4349    0   18   41    1   1   1
   4350    1   18   41    1   1   1
   4351    2   18   41    1   1   1
   4352    3   18   41    1   1   1
   4353    0   19   41    1   1   1
   4354    1   19   41    1   1   1
   4355    2   19   41    1   1   1
   4356    3   19   41    1   1   1
   4357    0   20   41    1   1   1
   4358    1   20   41    1   1   1
   4359    2   20   41    1   1   1
   4360    3   20   41    1   1   1
   4361    0   21   41    1   1   1
   4362    1   21   41    1   1   1
   4363    2   21   41    1   1   1
   4364    3   21   41    1   1   1
   4365    0   22   41    1   1   1
   4366    1   22   41    1   1   1
   4367    2   22   41    1   1   1
   4368    3   22   41    1   1   1
   4369    0   23   41    1   1   1
   4370    1   23   41    1   1   1
   4371    2   23   41    1   1   1
   4372    3   23   41    1   1   1
   4373    0   24   41    1   1   1
   4374    1   24   41    1   1   1
   4375    2   24   41    1   1   1
   4376    3   24   41    1   1   1
   4377    1   25   41    1   1   1
   4378    2   25   41    1   1   1
   4379    1   26   41    1   1   1
   4380    2   26   41    1   1   1
   4381    0   27   41    1   1   1
   4382    1   27   41    1   1   1
   4383    2   27   41    1   1   1
   4384    3   27   41    1   1   1
   4385    0   28   41    1   1   1
   4386    1   28   41    1   1   1
   4387    2   28   41    1   1   1
   4388    3   28   41    1   1   1
   4389    0   29   41    1   1   1
   4390    1   29   41    1   1   1
   4391    2   29   41    1   1   1
   4392    3   29   41    1   1   1
   4393    1   30   41    1   1   1
   4394    2   30   41    1   1   1
   4395    1   31   41    1   1   1
   4396    2   31   41    1   1   1
   4397    1   32   41    1   1   1
   4398    2   32   41    1   1   1
   4399    1   33   41    1   1   1
   4400    2   33   41    1   1   1
   4401    1   34   41    1   1   1
   4402    2   34   41    1   1   1
   4403    0   35   41    1   1   1
   4404    1   35   41    1   1   1
   4405    2   35   41    1   1   1
   4406    3   35   41    1   1   1
   4407    1   36   41    1   1   1
   4408    2   36   41    1   1   1
   4409    1   37   41    1   1   1
   4410    2   37   41    1   1   1
   4411    1   38   41    1   1   1
   4412    2   38   41    1   1   1
   4413    1   39   41    1   1   1
   4414    2   39   41    1   1   1
   4415    1   40   41    1   1   1
   4416    2   40   41    1   1   1
   4417    1   41   41    1   1   1
   4418    2   41   41    1   1   1
   4419    1   42   41    1   1   1
   4420    2   42   41    1   1   1
   4421    1   43   41    1   1   1
   4422    2   43   41    1   1   1
   4423    0   44   41    1   1   1
   4424    1   44   41    1   1   1
   4425    2   44   41    1   1   1
   4426    3   44   41    1   1   1
   4427    1   45   41    1   1   1
   4428    2   45   41    1   1   1
   4429    1   46   41    1   1   1
   4430    2   46   41    1   1   1
   4431    1   47   41    1   1   1
   4432    2   47   41    1   1   1
   4433    1   48   41    1   1   1
   4434    2   48   41    1   1   1
   4435    1   49   41    1   1   1
   4436    2   49   41    1   1   1
   4437    1   50   41    1   1   1
   4438    2   50   41    1   1   1
   4439    1   51   41    1   1   1
   4440    2   51   41    1   1   1
   4441    1   52   41    1   1   1
   4442    2   52   41    1   1   1
   4443    1   53   41    1   1   1
   4444    2   53   41    1   1   1
   4445    1   54   41    1   1   1
   4446    2   54   41    1   1   1
   4447    1   55   41    1   1   1
   4448    2   55   41    1   1   1
   4449    1   56   41    1   1   1
   4450    2   56   41    1   1   1
   4451    1   57   41    1   1   1
   4452    2   57   41    1   1   1
   4453    1   58   41    1   1   1
   4454    2   58   41    1   1   1
   4455    1   59   41    1   1   1
   4456    2   59   41    1   1   1
   4457    0   60   41    1   1   1
   4458    1   60   41    1   1   1
   4459    2   60   41    1   1   1
   4460    3   60   41    1   1   1
   4461    0   61   41    1   1   1
   4462    1   61   41    1   1   1
   4463    2   61   41    1   1   1
   4464    3   61   41    1   1   1
   4465    0   62   41    1   1   1
   4466    1   62   41    1   1   1
   4467    2   62   41    1   1   1
   4468    3   62   41    1   1   1
   4469    1   63   41    1   1   1
   4470    2   63   41    1   1   1
   4471    1   64   41    1   1   1
   4472    2   64   41    1   1   1
   4473    0   65   41    1   1   1
   4474    1   65   41    1   1   1
   4475    2   65   41    1   1   1
   4476    3   65   41    1   1   1
   4477    0   66   41    1   1   1
   4478    1   66   41    1   1   1
   4479    2   66   41    1   1   1
   4480    3   66   41    1   1   1
   4481    0   67   41    1   1   1
   4482    1   67   41    1   1   1
   4483    2   67   41    1   1   1
   4484    3   67   41    1   1   1
   4485    0   68   41    1   1   1
   4486    1   68   41    1   1   1
   4487    2   68   41    1   1   1
   4488    3   68   41    1   1   1
   4489    0   69   41    1   1   1
   4490    1   69   41    1   1   1
   4491    2   69   41    1   1   1
   4492    3   69   41    1   1   1
   4493    0   70   41    1   1   1
   4494    1   70   41    1   1   1
   4495    2   70   41    1   1   1
   4496    3   70   41    1   1   1
   4497    0   71   41    1   1   1
   4498    1   71   41    1   1   1
   4499    2   71   41    1   1   1
   4500    3   71   41    1   1   1
   4501    0   72   41    1   1   1
   4502    3   72   41    1   1   1
   4503    0   73   41    1   1   1
   4504    1   73   41    1   1   1
   4505    2   73   41    1   1   1
   4506    3   73   41    1   1   1
   4507    0   74   41    1   1   1
   4508    1   74   41    1   1   1
   4509    2   74   41    1   1   1
   4510    3   74   41    1   1   1
   4511    0   75   41    1   1   1
   4512    1   75   41    1   1   1
   4513    2   75   41    1   1   1
   4514    3   75   41    1   1   1
   4515    0   76   41    1   1   1
   4516    1   76   41    1   1   1
   4517    2   76   41    1   1   1
   4518    3   76   41    1   1   1
   4519    0   77   41    1   1   1
   4520    3   77   41    1   1   1
   4521    0   12   42    1   1   1
   4522    1   12   42    1   1   1
   4523    2   12   42    1   1   1
   4524    3   12   42    1   1   1
   4525    0   13   42    1   1   1
   4526    1   13   42    1   1   1
   4527    2   13   42    1   1   1
   4528    3   13   42    1   1   1
   4529    0   14   42    1   1   1
   4530    1   14   42    1   1   1
   4531    2   14   42    1   1   1
   4532    3   14   42    1   1   1
   4533    0   15   42    1   1   1
   4534    3   15   42    1   1   1
   4535    0   16   42    1   1   1
   4536    3   16   42    1   1   1
   4537    0   17   42    1   1   1
   4538    1   17   42    1   1   1
   4539    2   17   42    1   1   1
   4540    3   17   42    1   1   1
   4541    0   18   42    1   1   1
   4542    1   18   42    1   1   1
   4543    2   18   42    1   1   1
   4544    3   18   42    1   1   1
   4545    0   19   42    1   1   1
   4546    3   19   42    1   1   1
   4547    0   20   42    1   1   1
   4548    1   20   42    1   1   1
   4549    2   20   42    1   1   1
   4550    3   20   42    1   1   1
   4551    0   21   42    1   1   1
   4552    1   21   42    1   1   1
   4553    2   21   42    1   1   1
   4554    3   21   42    1   1   1
   4555    0   22   42    1   1   1
   4556    1   22   42    1   1   1
   4557    2   22   42    1   1   1
   4558    3   22   42    1   1   1
   4559    0   23   42    1   1   1
   4560    1   23   42    1   1   1
   4561    2   23   42    1   1   1
   4562    3   23   42    1   1   1
   4563    0   24   42    1   1   1
   4564    1   24   42    1   1   1
   4565    2   24   42    1   1   1
   4566    3   24   42    1   1   1
   4567    0   25   42    1   1   1
   4568    1   25   42    1   1   1
   4569    2   25   42    1   1   1
   4570    3   25   42    1   1   1
   4571    1   26   42    1   1   1
   4572    2   26   42    1   1   1
   4573    1   27   42    1   1   1
   4574    2   27   42    1   1   1
   4575    1   28   42    1   1   1
   4576    2   28   42    1   1   1
   4577    0   29   42    1   1   1
   4578    1   29   42    1   1   1
   4579    2   29   42    1   1   1
   4580    3   29   42    1   1   1
   4581    0   30   42    1   1   1
   4582    1   30   42    1   1   1
   4583    2   30   42    1   1   1
   4584    3   30   42    1   1   1
   4585    0   31   42    1   1   1
   4586    1   31   42    1   1   1
   4587    2   31   42    1   1   1
   4588    3   31   42    1   1   1
   4589    1   32   42    1   1   1
   4590    2   32   42    1   1   1
   4591    1   33   42    1   1   1
   4592    2   33   42    1   1   1
   4593    1   34   42    1   1   1
   4594    2   34   42    1   1   1
   4595    1   35   42    1   1   1
   4596    2   35   42    1   1   1
   4597    1   36   42    1   1   1
   4598    2   36   42    1   1   1
   4599    1   37   42    1   1   1
   4600    2   37   42    1   1   1
   4601    1   38   42    1   1   1
   4602    2   38   42    1   1   1
   4603    1   39   42    1   1   1
   4604    2   39   42    1   1   1
   4605    1   40   42    1   1   1
   4606    2   40   42    1   1   1
   4607    1   41   42    1   1   1
   4608    2   41   42    1   1   1
   4609    0   42   42    1   1   1
   4610    1   42   42    1   1   1
   4611    2   42   42    1   1   1
   4612    3   42   42    1   1   1
   4613    1   43   42    1   1   1
   4614    2   43   42    1   1   1
   4615    0   44   42    1   1   1
   4616    1   44   42    1   1   1
   4617    2   44   42    1   1   1
   4618    3   44   42    1   1   1
   4619    0   45   42    1   1   1
   4620    1   45   42    1   1   1
   4621    2   45   42    1   1   1
   4622    3   45   42    1   1   1
   4623    1   46   42    1   1   1
   4624    2   46   42    1   1   1
   4625    1   47   42    1   1   1
   4626    2   47   42    1   1   1
   4627    1   48   42    1   1   1
   4628    2   48   42    1   1   1
   4629    1   49   42    1   1   1
   4630    2   49   42    1   1   1
   4631    1   50   42    1   1   1
   4632    2   50   42    1   1   1
   4633    1   51   42    1   1   1
   4634    2   51   42    1   1   1
   4635    1   52   42    1   1   1
   4636    2   52   42    1   1   1
   4637    1   53   42    1   1   1
   4638    2   53   42    1   1   1
   4639    1   54   42    1   1   1
   4640    2   54   42    1   1   1
   4641    1   55   42    1   1   1
   4642    2   55   42    1   1   1
   4643    1   56   42    1   1   1
   4644    2   56   42    1   1   1
   4645    1   57   42    1   1   1
   4646    2   57   42    1   1   1
   4647    0   58   42    1   1   1
   4648    1   58   42    1   1   1
   4649    2   58   42    1   1   1
   4650    3   58   42    1   1   1
   4651    0   59   42    1   1   1
   4652    1   59   42    1   1   1
   4653    2   59   42    1   1   1
   4654    3   59   42    1   1   1
   4655    1   60   42    1   1   1
   4656    2   60   42    1   1   1
   4657    1   61   42    1   1   1
   4658    2   61   42    1   1   1
   4659    1   62   42    1   1   1
   4660    2   62   42    1   1   1
   4661    1   63   42    1   1   1
   4662    2   63   42    1   1   1
   4663    0   64   42    1   1   1
   4664    1   64   42    1   1   1
   4665    2   64   42    1   1   1
   4666    3   64   42    1   1   1
   4667    0   65   42    1   1   1
   4668    1   65   42    1   1   1
   4669    2   65   42    1   1   1
   4670    3   65   42    1   1   1
   4671    0   66   42    1   1   1
   4672    1   66   42    1   1   1
   4673    2   66   42    1   1   1
   4674    3   66   42    1   1   1
   4675    0   67   42    1   1   1
   4676    1   67   42    1   1   1
   4677    2   67   42    1   1   1
   4678    3   67   42    1   1   1
   4679    0   68   42    1   1   1
   4680    1   68   42    1   1   1
   4681    2   68   42    1   1   1
   4682    3   68   42    1   1   1
   4683    0   69   42    1   1   1
   4684    1   69   42    1   1   1
   4685    2   69   42    1   1   1
   4686    3   69   42    1   1   1
   4687    0   70   42    1   1   1
   4688    1   70   42    1   1   1
   4689    2   70   42    1   1   1
   4690    3   70   42    1   1   1
   4691    0   71   42    1   1   1
   4692    1   71   42    1   1   1
   4693    2   71   42    1   1   1
   4694    3   71   42    1   1   1
   4695    0   72   42    1   1   1
   4696    1   72   42    1   1   1
   4697    2   72   42    1   1   1
   4698    3   72   42    1   1   1
   4699    0   73   42    1   1   1
   4700    3   73   42    1   1   1
   4701    0   74   42    1   1   1
   4702    3   74   42    1   1   1
   4703    0   75   42    1   1   1
   4704    1   75   42    1   1   1
   4705    2   75   42    1   1   1
   4706    3   75   42    1   1   1
   4707    0   76   42    1   1   1
   4708    1   76   42    1   1   1
   4709    2   76   42    1   1   1
   4710    3   76   42    1   1   1
   4711    0   77   42    1   1   1
   4712    1   77   42    1   1   1
   4713    2   77   42    1   1   1
   4714    3   77   42    1   1   1
   4715    0   13   43    1   1   1
   4716    1   13   43    1   1   1
   4717    2   13   43    1   1   1
   4718    3   13   43    1   1   1
   4719    0   16   43    1   1   1
   4720    1   16   43    1   1   1
   4721    2   16   43    1   1   1
   4722    3   16   43    1   1   1
   4723    0   17   43    1   1   1
   4724    1   17   43    1   1   1
   4725    2   17   43    1   1   1
   4726    3   17   43    1   1   1
   4727    0   18   43    1   1   1
   4728    3   18   43    1   1   1
   4729    0   19   43    1   1   1
   4730    1   19   43    1   1   1
   4731    2   19   43    1   1   1
   4732    3   19   43    1   1   1
   4733    0   20   43    1   1   1
   4734    1   20   43    1   1   1
   4735    2   20   43    1   1   1
   4736    3   20   43    1   1   1
   4737    0   21   43    1   1   1
   4738    1   21   43    1   1   1
   4739    2   21   43    1   1   1
   4740    3   21   43    1   1   1
   4741    0   22   43    1   1   1
   4742    1   22   43    1   1   1
   4743    2   22   43    1   1   1
   4744    3   22   43    1   1   1
   4745    0   23   43    1   1   1
   4746    1   23   43    1   1   1
   4747    2   23   43    1   1   1
   4748    3   23   43    1   1   1
   4749    0   24   43    1   1   1
   4750    1   24   43    1   1   1
   4751    2   24   43    1   1   1
   4752    3   24   43    1   1   1
   4753    0   25   43    1   1   1
   4754    1   25   43    1   1   1
   4755    2   25   43    1   1   1
   4756    3   25   43    1   1   1
   4757    0   26   43    1   1   1
   4758    1   26   43    1   1   1
   4759    2   26   43    1   1   1
   4760    3   26   43    1   1   1
   4761    0   27   43    1   1   1
   4762    1   27   43    1   1   1
   4763    2   27   43    1   1   1
   4764    3   27   43    1   1   1
   4765    1   28   43    1   1   1
   4766    2   28   43    1   1   1
   4767    1   29   43    1   1   1
   4768    2   29   43    1   1   1
   4769    1   30   43    1   1   1
   4770    2   30   43    1   1   1
   4771    0   31   43    1   1   1
   4772    1   31   43    1   1   1
   4773    2   31   43    1   1   1
   4774    3   31   43    1   1   1
   4775    0   32   43    1   1   1
   4776    1   32   43    1   1   1
   4777    2   32   43    1   1   1
   4778    3   32   43    1   1   1
   4779    1   33   43    1   1   1
   4780    2   33   43    1   1   1
   4781    1   34   43    1   1   1
   4782    2   34   43    1   1   1
   4783    1   35   43    1   1   1
   4784    2   35   43    1   1   1
   4785    1   36   43    1   1   1
   4786    2   36   43    1   1   1
   4787    1   37   43    1   1   1
   4788    2   37   43    1   1   1
   4789    1   38   43    1   1   1
   4790    2   38   43    1   1   1
   4791    1   39   43    1   1   1
   4792    2   39   43    1   1   1
   4793    1   40   43    1   1   1
   4794    2   40   43    1   1   1
   4795    1   41   43    1   1   1
   4796    2   41   43    1   1   1
   4797    0   42   43    1   1   1
   4798    1   42   43    1   1   1
   4799    2   42   43    1   1   1
   4800    3   42   43    1   1   1
   4801    1   43   43    1   1   1
   4802    2   43   43    1   1   1
   4803    0   44   43    1   1   1
   4804    1   44   43    1   1   1
   4805    2   44   43    1   1   1
   4806    3   44   43    1   1   1
   4807    0   45   43    1   1   1
   4808    1   45   43    1   1   1
   4809    2   45   43    1   1   1
   4810    3   45   43    1   1   1
   4811    1   46   43    1   1   1
   4812    2   46   43    1   1   1
   4813    0   47   43    1   1   1
   4814    1   47   43    1   1   1
   4815    2   47   43    1   1   1
   4816    3   47   43    1   1   1
   4817    1   48   43    1   1   1
   4818    2   48   43    1   1   1
   4819    1   49   43    1   1   1
   4820    2   49   43    1   1   1
   4821    1   50   43    1   1   1
   4822    2   50   43    1   1   1
   4823    1   51   43    1   1   1
   4824    2   51   43    1   1   1
   4825    1   52   43    1   1   1
   4826    2   52   43    1   1   1
   4827    1   53   43    1   1   1
   4828    2   53   43    1   1   1
   4829    1   54   43    1   1   1
   4830    2   54   43    1   1   1
   4831    1   55   43    1   1   1
   4832    2   55   43    1   1   1
   4833    1   56   43    1   1   1
   4834    2   56   43    1   1   1
   4835    0   57   43    1   1   1
   4836    1   57   43    1   1   1
   4837    2   57   43    1   1   1
   4838    3   57   43    1   1   1
   4839    0   58   43    1   1   1
   4840    1   58   43    1   1   1
   4841    2   58   43    1   1   1
   4842    3   58   43    1   1   1
   4843    1   59   43    1   1   1
   4844    2   59   43    1   1   1
   4845    1   60   43    1   1   1
   4846    2   60   43    1   1   1
   4847    1   61   43    1   1   1
   4848    2   61   43    1   1   1
   4849    0   62   43    1   1   1
   4850    1   62   43    1   1   1
   4851    2   62   43    1   1   1
   4852    3   62   43    1   1   1
   4853    0   63   43    1   1   1
   4854    1   63   43    1   1   1
   4855    2   63   43    1   1   1
   4856    3   63   43    1   1   1
   4857    0   64   43    1   1   1
   4858    1   64   43    1   1   1
   4859    2   64   43    1   1   1
   4860    3   64   43    1   1   1
   4861    0   65   43    1   1   1
   4862    1   65   43    1   1   1
   4863    2   65   43    1   1   1
   4864    3   65   43    1   1   1
   4865    0   66   43    1   1   1
   4866    1   66   43    1   1   1
   4867    2   66   43    1   1   1
   4868    3   66   43    1   1   1
   4869    0   67   43    1   1   1
   4870    1   67   43    1   1   1
   4871    2   67   43    1   1   1
   4872    3   67   43    1   1   1
   4873    0   68   43    1   1   1
   4874    1   68   43    1   1   1
   4875    2   68   43    1   1   1
   4876    3   68   43    1   1   1
   4877    0   69   43    1   1   1
   4878    1   69   43    1   1   1
   4879    2   69   43    1   1   1
   4880    3   69   43    1   1   1
   4881    0   70   43    1   1   1
   4882    3   70   43    1   1   1
   4883    0   71   43    1   1   1
   4884    3   71   43    1   1   1
   4885    0   72   43    1   1   1
   4886    1   72   43    1   1   1
   4887    2   72   43    1   1   1
   4888    3   72   43    1   1   1
   4889    0   73   43    1   1   1
   4890    1   73   43    1   1   1
   4891    2   73   43    1   1   1
   4892    3   73   43    1   1   1
   4893    0   76   43    1   1   1
   4894    1   76   43    1   1   1
   4895    2   76   43    1   1   1
   4896    3   76   43    1   1   1
   4897    0   18   44    1   1   1
   4898    1   18   44    1   1   1
   4899    2   18   44    1   1   1
   4900    3   18   44    1   1   1
   4901    0   19   44    1   1   1
   4902    3   19   44    1   1   1
   4903    0   20   44    1   1   1
   4904    3   20   44    1   1   1
   4905    0   21   44    1   1   1
   4906    3   21   44    1   1   1
   4907    0   22   44    1   1   1
   4908    1   22   44    1   1   1
   4909    2   22   44    1   1   1
   4910    3   22   44    1   1   1
   4911    0   23   44    1   1   1
   4912    1   23   44    1   1   1
   4913    2   23   44    1   1   1
   4914    3   23   44    1   1   1
   4915    0   24   44    1   1   1
   4916    1   24   44    1   1   1
   4917    2   24   44    1   1   1
   4918    3   24   44    1   1   1
   4919    0   25   44    1   1   1
   4920    1   25   44    1   1   1
   4921    2   25   44    1   1   1
   4922    3   25   44    1   1   1
   4923    0   26   44    1   1   1
   4924    1   26   44    1   1   1
   4925    2   26   44    1   1   1
   4926    3   26   44    1   1   1
   4927    0   27   44    1   1   1
   4928    1   27   44    1   1   1
   4929    2   27   44    1   1   1
   4930    3   27   44    1   1   1
   4931    0   28   44    1   1   1
   4932    1   28   44    1   1   1
   4933    2   28   44    1   1   1
   4934    3   28   44    1   1   1
   4935    1   29   44    1   1   1
   4936    2   29   44    1   1   1
   4937    1   30   44    1   1   1
   4938    2   30   44    1   1   1
   4939    1   31   44    1   1   1
   4940    2   31   44    1   1   1
   4941    0   32   44    1   1   1
   4942    1   32   44    1   1   1
   4943    2   32   44    1   1   1
   4944    3   32   44    1   1   1
   4945    0   33   44    1   1   1
   4946    1   33   44    1   1   1
   4947    2   33   44    1   1   1
   4948    3   33   44    1   1   1
   4949    0   34   44    1   1   1
   4950    1   34   44    1   1   1
   4951    2   34   44    1   1   1
   4952    3   34   44    1   1   1
   4953    1   35   44    1   1   1
   4954    2   35   44    1   1   1
   4955    1   36   44    1   1   1
   4956    2   36   44    1   1   1
   4957    1   37   44    1   1   1
   4958    2   37   44    1   1   1
   4959    0   38   44    1   1   1
   4960    1   38   44    1   1   1
   4961    2   38   44    1   1   1
   4962    3   38   44    1   1   1
   4963    1   39   44    1   1   1
   4964    2   39   44    1   1   1
   4965    1   40   44    1   1   1
   4966    2   40   44    1   1   1
   4967    0   41   44    1   1   1
   4968    1   41   44    1   1   1
   4969    2   41   44    1   1   1
   4970    3   41   44    1   1   1
   4971    0   42   44    1   1   1
   4972    1   42   44    1   1   1
   4973    2   42   44    1   1   1
   4974    3   42   44    1   1   1
   4975    1   43   44    1   1   1
   4976    2   43   44    1   1   1
   4977    0   44   44    1   1   1
   4978    1   44   44    1   1   1
   4979    2   44   44    1   1   1
   4980    3   44   44    1   1   1
   4981    0   45   44    1   1   1
   4982    1   45   44    1   1   1
   4983    2   45   44    1   1   1
   4984    3   45   44    1   1   1
   4985    0   46   44    1   1   1
   4986    1   46   44    1   1   1
   4987    2   46   44    1   1   1
   4988    3   46   44    1   1   1
   4989    0   47   44    1   1   1
   4990    1   47   44    1   1   1
   4991    2   47   44    1   1   1
   4992    3   47   44    1   1   1
   4993    0   48   44    1   1   1
   4994    1   48   44    1   1   1
   4995    2   48   44    1   1   1
   4996    3   48   44    1   1   1
   4997    1   49   44    1   1   1
   4998    2   49   44    1   1   1
   4999    1   50   44    1   1   1
   5000    2   50   44    1   1   1
   5001    1   51   44    1   1   1
   5002    2   51   44    1   1   1
   5003    1   52   44    1   1   1
   5004    2   52   44    1   1   1
   5005    1   53   44    1   1   1
   5006    2   53   44    1   1   1
   5007    0   54   44    1   1   1
   5008    1   54   44    1   1   1
   5009    2   54   44    1   1   1
   5010    3   54   44    1   1   1
   5011    0   55   44    1   1   1
   5012    1   55   44    1   1   1
   5013    2   55   44    1   1   1
   5014    3   55   44    1   1   1
   5015    0   56   44    1   1   1
   5016    1   56   44    1   1   1
   5017    2   56   44    1   1   1
   5018    3   56   44    1   1   1
   5019    1   57   44    1   1   1
   5020    2   57   44    1   1   1
   5021    1   58   44    1   1   1
   5022    2   58   44    1   1   1
   5023    1   59   44    1   1   1
   5024    2   59   44    1   1   1
   5025    1   60   44    1   1   1
   5026    2   60   44    1   1   1
   5027    0   61   44    1   1   1
   5028    1   61   44    1   1   1
   5029    2   61   44    1   1   1
   5030    3   61   44    1   1   1
   5031    0   62   44    1   1   1
   5032    1   62   44    1   1   1
   5033    2   62   44    1   1   1
   5034    3   62   44    1   1   1
   5035    0   63   44    1   1   1
   5036    1   63   44    1   1   1
   5037    2   63   44    1   1   1
   5038    3   63   44    1   1   1
   5039    0   64   44    1   1   1
   5040    1   64   44    1   1   1
   5041    2   64   44    1   1   1
   5042    3   64   44    1   1   1
   5043    0   65   44    1   1   1
   5044    1   65   44    1   1   1
   5045    2   65   44    1   1   1
   5046    3   65   44    1   1   1
   5047    0   66   44    1   1   1
   5048    1   66   44    1   1   1
   5049    2   66   44    1   1   1
   5050    3   66   44    1   1   1
   5051    0   67   44    1   1   1
   5052    1   67   44    1   1   1
   5053    2   67   44    1   1   1
   5054    3   67   44    1   1   1
   5055    0   68   44    1   1   1
   5056    3   68   44    1   1   1
   5057    0   69   44    1   1   1
   5058    3   69   44    1   1   1
   5059    0   70   44    1   1   1
   5060    1   70   44    1   1   1
   5061    2   70   44    1   1   1
   5062    3   70   44    1   1   1
   5063    0   71   44    1   1   1
   5064    1   71   44    1   1   1
   5065    2   71   44    1   1   1
   5066    3   71   44    1   1   1
   5067    0   18   45    1   1   1
   5068    3   18   45    1   1   1
   5069    0   19   45    1   1   1
   5070    3   19   45    1   1   1
   5071    0   20   45    1   1   1
   5072    1   20   45    1   1   1
   5073    2   20   45    1   1   1
   5074    3   20   45    1   1   1
   5075    0   21   45    1   1   1
   5076    1   21   45    1   1   1
   5077    2   21   45    1   1   1
   5078    3   21   45    1   1   1
   5079    0   22   45    1   1   1
   5080    1   22   45    1   1   1
   5081    2   22   45    1   1   1
   5082    3   22   45    1   1   1
   5083    0   23   45    1   1   1
   5084    3   23   45    1   1   1
   5085    0   24   45    1   1   1
   5086    1   24   45    1   1   1
   5087    2   24   45    1   1   1
   5088    3   24   45    1   1   1
   5089    0   25   45    1   1   1
   5090    1   25   45    1   1   1
   5091    2   25   45    1   1   1
   5092    3   25   45    1   1   1
   5093    0   26   45    1   1   1
   5094    1   26   45    1   1   1
   5095    2   26   45    1   1   1
   5096    3   26   45    1   1   1
   5097    0   27   45    1   1   1
   5098    1   27   45    1   1   1
   5099    2   27   45    1   1   1
   5100    3   27   45    1   1   1
   5101    0   28   45    1   1   1
   5102    1   28   45    1   1   1
   5103    2   28   45    1   1   1
   5104    3   28   45    1   1   1
   5105    0   29   45    1   1   1
   5106    1   29   45    1   1   1
   5107    2   29   45    1   1   1
   5108    3   29   45    1   1   1
   5109    1   30   45    1   1   1
   5110    2   30   45    1   1   1
   5111    1   31   45    1   1   1
   5112    2   31   45    1   1   1
   5113    1   32   45    1   1   1
   5114    2   32   45    1   1   1
   5115    1   33   45    1   1   1
   5116    2   33   45    1   1   1
   5117    0   34   45    1   1   1
   5118    1   34   45    1   1   1
   5119    2   34   45    1   1   1
   5120    3   34   45    1   1   1
   5121    0   35   45    1   1   1
   5122    1   35   45    1   1   1
   5123    2   35   45    1   1   1
   5124    3   35   45    1   1   1
   5125    0   36   45    1   1   1
   5126    1   36   45    1   1   1
   5127    2   36   45    1   1   1
   5128    3   36   45    1   1   1
   5129    1   37   45    1   1   1
   5130    2   37   45    1   1   1
   5131    1   38   45    1   1   1
   5132    2   38   45    1   1   1
   5133    0   39   45    1   1   1
   5134    1   39   45    1   1   1
   5135    2   39   45    1   1   1
   5136    3   39   45    1   1   1
   5137    0   40   45    1   1   1
   5138    1   40   45    1   1   1
   5139    2   40   45    1   1   1
   5140    3   40   45    1   1   1
   5141    0   41   45    1   1   1
   5142    1   41   45    1   1   1
   5143    2   41   45    1   1   1
   5144    3   41   45    1   1   1
   5145    0   42   45    1   1   1
   5146    1   42   45    1   1   1
   5147    2   42   45    1   1   1
   5148    3   42   45    1   1   1
   5149    1   43   45    1   1   1
   5150    2   43   45    1   1   1
   5151    0   44   45    1   1   1
   5152    1   44   45    1   1   1
   5153    2   44   45    1   1   1
   5154    3   44   45    1   1   1
   5155    0   45   45    1   1   1
   5156    1   45   45    1   1   1
   5157    2   45   45    1   1   1
   5158    3   45   45    1   1   1
   5159    0   46   45    1   1   1
   5160    1   46   45    1   1   1
   5161    2   46   45    1   1   1
   5162    3   46   45    1   1   1
   5163    0   47   45    1   1   1
   5164    1   47   45    1   1   1
   5165    2   47   45    1   1   1
   5166    3   47   45    1   1   1
   5167    0   48   45    1   1   1
   5168    1   48   45    1   1   1
   5169    2   48   45    1   1   1
   5170    3   48   45    1   1   1
   5171    0   49   45    1   1   1
   5172    1   49   45    1   1   1
   5173    2   49   45    1   1   1
   5174    3   49   45    1   1   1
   5175    0   50   45    1   1   1
   5176    1   50   45    1   1   1
   5177    2   50   45    1   1   1
   5178    3   50   45    1   1   1
   5179    1   51   45    1   1   1
   5180    2   51   45    1   1   1
   5181    1   52   45    1   1   1
   5182    2   52   45    1   1   1
   5183    0   53   45    1   1   1
   5184    1   53   45    1   1   1
   5185    2   53   45    1   1   1
   5186    3   53   45    1   1   1
   5187    0   54   45    1   1   1
   5188    1   54   45    1   1   1
   5189    2   54   45    1   1   1
   5190    3   54   45    1   1   1
   5191    0   55   45    1   1   1
   5192    1   55   45    1   1   1
   5193    2   55   45    1   1   1
   5194    3   55   45    1   1   1
   5195    1   56   45    1   1   1
   5196    2   56   45    1   1   1
   5197    1   57   45    1   1   1
   5198    2   57   45    1   1   1
   5199    1   58   45    1   1   1
   5200    2   58   45    1   1   1
   5201    1   59   45    1   1   1
   5202    2   59   45    1   1   1
   5203    0   60   45    1   1   1
   5204    1   60   45    1   1   1
   5205    2   60   45    1   1   1
   5206    3   60   45    1   1   1
   5207    0   61   45    1   1   1
   5208    1   61   45    1   1   1
   5209    2   61   45    1   1   1
   5210    3   61   45    1   1   1
   5211    0   62   45    1   1   1
   5212    1   62   45    1   1   1
   5213    2   62   45    1   1   1
   5214    3   62   45    1   1   1
   5215    0   63   45    1   1   1
   5216    1   63   45    1   1   1
   5217    2   63   45    1   1   1
   5218    3   63   45    1   1   1
   5219    0   64   45    1   1   1
   5220    1   64   45    1   1   1
   5221    2   64   45    1   1   1
   5222    3   64   45    1   1   1
   5223    0   65   45    1   1   1
   5224    1   65   45    1   1   1
   5225    2   65   45    1   1   1
   5226    3   65   45    1   1   1
   5227    0   66   45    1   1   1
   5228    3   66   45    1   1   1
   5229    0   67   45    1   1   1
   5230    1   67   45    1   1   1
   5231    2   67   45    1   1   1
   5232    3   67   45    1   1   1
   5233    0   68   45    1   1   1
   5234    1   68   45    1   1   1
   5235    2   68   45    1   1   1
   5236    3   68   45    1   1   1
   5237    0   69   45    1   1   1
   5238    1   69   45    1   1   1
   5239    2   69   45    1   1   1
   5240    3   69   45    1   1   1
   5241    0   70   45    1   1   1
   5242    3   70   45    1   1   1
   5243    0   71   45    1   1   1
   5244    3   71   45    1   1   1
   5245    0   18   46    1   1   1
   5246    1   18   46    1   1   1
   5247    2   18   46    1   1   1
   5248    3   18   46    1   1   1
   5249    0   19   46    1   1   1
   5250    1   19   46    1   1   1
   5251    2   19   46    1   1   1
   5252    3   19   46    1   1   1
   5253    0   20   46    1   1   1
   5254    1   20   46    1   1   1
   5255    2   20   46    1   1   1
   5256    3   20   46    1   1   1
   5257    0   21   46    1   1   1
   5258    1   21   46    1   1   1
   5259    2   21   46    1   1   1
   5260    3   21   46    1   1   1
   5261    0   22   46    1   1   1
   5262    3   22   46    1   1   1
   5263    0   23   46    1   1   1
   5264    1   23   46    1   1   1
   5265    2   23   46    1   1   1
   5266    3   23   46    1   1   1
   5267    0   24   46    1   1   1
   5268    1   24   46    1   1   1
   5269    2   24   46    1   1   1
   5270    3   24   46    1   1   1
   5271    0   25   46    1   1   1
   5272    1   25   46    1   1   1
   5273    2   25   46    1   1   1
   5274    3   25   46    1   1   1
   5275    0   26   46    1   1   1
   5276    1   26   46    1   1   1
   5277    2   26   46    1   1   1
   5278    3   26   46    1   1   1
   5279    0   27   46    1   1   1
   5280    1   27   46    1   1   1
   5281    2   27   46    1   1   1
   5282    3   27   46    1   1   1
   5283    0   28   46    1   1   1
   5284    1   28   46    1   1   1
   5285    2   28   46    1   1   1
   5286    3   28   46    1   1   1
   5287    0   29   46    1   1   1
   5288    1   29   46    1   1   1
   5289    2   29   46    1   1   1
   5290    3   29   46    1   1   1
   5291    0   30   46    1   1   1
   5292    1   30   46    1   1   1
   5293    2   30   46    1   1   1
   5294    3   30   46    1   1   1
   5295    1   31   46    1   1   1
   5296    2   31   46    1   1   1
   5297    1   32   46    1   1   1
   5298    2   32   46    1   1   1
   5299    1   33   46    1   1   1
   5300    2   33   46    1   1   1
   5301    1   34   46    1   1   1
   5302    2   34   46    1   1   1
   5303    1   35   46    1   1   1
   5304    2   35   46    1   1   1
   5305    0   36   46    1   1   1
   5306    1   36   46    1   1   1
   5307    2   36   46    1   1   1
   5308    3   36   46    1   1   1
   5309    0   37   46    1   1   1
   5310    1   37   46    1   1   1
   5311    2   37   46    1   1   1
   5312    3   37   46    1   1   1
   5313    0   38   46    1   1   1
   5314    1   38   46    1   1   1
   5315    2   38   46    1   1   1
   5316    3   38   46    1   1   1
   5317    1   39   46    1   1   1
   5318    2   39   46    1   1   1
   5319    0   40   46    1   1   1
   5320    1   40   46    1   1   1
   5321    2   40   46    1   1   1
   5322    3   40   46    1   1   1
   5323    0   41   46    1   1   1
   5324    1   41   46    1   1   1
   5325    2   41   46    1   1   1
   5326    3   41   46    1   1   1
   5327    0   42   46    1   1   1
   5328    1   42   46    1   1   1
   5329    2   42   46    1   1   1
   5330    3   42   46    1   1   1
   5331    0   43   46    1   1   1
   5332    1   43   46    1   1   1
   5333    2   43   46    1   1   1
   5334    3   43   46    1   1   1
   5335    0   44   46    1   1   1
   5336    1   44   46    1   1   1
   5337    2   44   46    1   1   1
   5338    3   44   46    1   1   1
   5339    0   45   46    1   1   1
   5340    1   45   46    1   1   1
   5341    2   45   46    1   1   1
   5342    3   45   46    1   1   1
   5343    0   46   46    1   1   1
   5344    1   46   46    1   1   1
   5345    2   46   46    1   1   1
   5346    3   46   46    1   1   1
   5347    0   47   46    1   1   1
   5348    1   47   46    1   1   1
   5349    2   47   46    1   1   1
   5350    3   47   46    1   1   1
   5351    0   48   46    1   1   1
   5352    1   48   46    1   1   1
   5353    2   48   46    1   1   1
   5354    3   48   46    1   1   1
   5355    1   49   46    1   1   1
   5356    2   49   46    1   1   1
   5357    1   50   46    1   1   1
   5358    2   50   46    1   1   1
   5359    0   51   46    1   1   1
   5360    1   51   46    1   1   1
   5361    2   51   46    1   1   1
   5362    3   51   46    1   1   1
   5363    0   52   46    1   1   1
   5364    1   52   46    1   1   1
   5365    2   52   46    1   1   1
   5366    3   52   46    1   1   1
   5367    0   53   46    1   1   1
   5368    1   53   46    1   1   1
   5369    2   53   46    1   1   1
   5370    3   53   46    1   1   1
   5371    1   54   46    1   1   1
   5372    2   54   46    1   1   1
   5373    1   55   46    1   1   1
   5374    2   55   46    1   1   1
   5375    1   56   46    1   1   1
   5376    2   56   46    1   1   1
   5377    1   57   46    1   1   1
   5378    2   57   46    1   1   1
   5379    0   58   46    1   1   1
   5380    1   58   46    1   1   1
   5381    2   58   46    1   1   1
   5382    3   58   46    1   1   1
   5383    0   59   46    1   1   1
   5384    1   59   46    1   1   1
   5385    2   59   46    1   1   1
   5386    3   59   46    1   1   1
   5387    0   60   46    1   1   1
   5388    1   60   46    1   1   1
   5389    2   60   46    1   1   1
   5390    3   60   46    1   1   1
   5391    0   61   46    1   1   1
   5392    1   61   46    1   1   1
   5393    2   61   46    1   1   1
   5394    3   61   46    1   1   1
   5395    0   62   46    1   1   1
   5396    1   62   46    1   1   1
   5397    2   62   46    1   1   1
   5398    3   62   46    1   1   1
   5399    0   63   46    1   1   1
   5400    1   63   46    1   1   1
   5401    2   63   46    1   1   1
   5402    3   63   46    1   1   1
   5403    0   64   46    1   1   1
   5404    1   64   46    1   1   1
   5405    2   64   46    1   1   1
   5406    3   64   46    1   1   1
   5407    0   65   46    1   1   1
   5408    1   65   46    1   1   1
   5409    2   65   46    1   1   1
   5410    3   65   46    1   1   1
   5411    0   66   46    1   1   1
   5412    1   66   46    1   1   1
   5413    2   66   46    1   1   1
   5414    3   66   46    1   1   1
   5415    0   67   46    1   1   1
   5416    3   67   46    1   1   1
   5417    0   68   46    1   1   1
   5418    1   68   46    1   1   1
   5419    2   68   46    1   1   1
   5420    3   68   46    1   1   1
   5421    0   69   46    1   1   1
   5422    1   69   46    1   1   1
   5423    2   69   46    1   1   1
   5424    3   69   46    1   1   1
   5425    0   70   46    1   1   1
   5426    1   70   46    1   1   1
   5427    2   70   46    1   1   1
   5428    3   70   46    1   1   1
   5429    1   20   47    1   1   1
   5430    2   20   47    1   1   1
   5431    1   21   47    1   1   1
   5432    2   21   47    1   1   1
   5433    0   24   47    1   1   1
   5434    3   24   47    1   1   1
   5435    0   25   47    1   1   1
   5436    3   25   47    1   1   1
   5437    0   26   47    1   1   1
   5438    3   26   47    1   1   1
   5439    0   27   47    1   1   1
   5440    1   27   47    1   1   1
   5441    2   27   47    1   1   1
   5442    3   27   47    1   1   1
   5443    0   28   47    1   1   1
   5444    1   28   47    1   1   1
   5445    2   28   47    1   1   1
   5446    3   28   47    1   1   1
   5447    0   29   47    1   1   1
   5448    1   29   47    1   1   1
   5449    2   29   47    1   1   1
   5450    3   29   47    1   1   1
   5451    0   30   47    1   1   1
   5452    1   30   47    1   1   1
   5453    2   30   47    1   1   1
   5454    3   30   47    1   1   1
   5455    0   31   47    1   1   1
   5456    1   31   47    1   1   1
   5457    2   31   47    1   1   1
   5458    3   31   47    1   1   1
   5459    1   32   47    1   1   1
   5460    2   32   47    1   1   1
   5461    1   33   47    1   1   1
   5462    2   33   47    1   1   1
   5463    1   34   47    1   1   1
   5464    2   34   47    1   1   1
   5465    1   35   47    1   1   1
   5466    2   35   47    1   1   1
   5467    1   36   47    1   1   1
   5468    2   36   47    1   1   1
   5469    1   37   47    1   1   1
   5470    2   37   47    1   1   1
   5471    0   38   47    1   1   1
   5472    1   38   47    1   1   1
   5473    2   38   47    1   1   1
   5474    3   38   47    1   1   1
   5475    0   39   47    1   1   1
   5476    1   39   47    1   1   1
   5477    2   39   47    1   1   1
   5478    3   39   47    1   1   1
   5479    0   40   47    1   1   1
   5480    1   40   47    1   1   1
   5481    2   40   47    1   1   1
   5482    3   40   47    1   1   1
   5483    0   41   47    1   1   1
   5484    1   41   47    1   1   1
   5485    2   41   47    1   1   1
   5486    3   41   47    1   1   1
   5487    0   42   47    1   1   1
   5488    1   42   47    1   1   1
   5489    2   42   47    1   1   1
   5490    3   42   47    1   1   1
   5491    1   43   47    1   1   1
   5492    2   43   47    1   1   1
   5493    0   44   47    1   1   1
   5494    1   44   47    1   1   1
   5495    2   44   47    1   1   1
   5496    3   44   47    1   1   1
   5497    1   45   47    1   1   1
   5498    2   45   47    1   1   1
   5499    0   46   47    1   1   1
   5500    1   46   47    1   1   1
   5501    2   46   47    1   1   1
   5502    3   46   47    1   1   1
   5503    0   47   47    1   1   1
   5504    1   47   47    1   1   1
   5505    2   47   47    1   1   1
   5506    3   47   47    1   1   1
   5507    0   48   47    1   1   1
   5508    1   48   47    1   1   1
   5509    2   48   47    1   1   1
   5510    3   48   47    1   1   1
   5511    0   49   47    1   1   1
   5512    1   49   47    1   1   1
   5513    2   49   47    1   1   1
   5514    3   49   47    1   1   1
   5515    0   50   47    1   1   1
   5516    1   50   47    1   1   1
   5517    2   50   47    1   1   1
   5518    3   50   47    1   1   1
   5519    0   51   47    1   1   1
   5520    1   51   47    1   1   1
   5521    2   51   47    1   1   1
   5522    3   51   47    1   1   1
   5523    1   52   47    1   1   1
   5524    2   52   47    1   1   1
   5525    1   53   47    1   1   1
   5526    2   53   47    1   1   1
   5527    1   54   47    1   1   1
   5528    2   54   47    1   1   1
   5529    1   55   47    1   1   1
   5530    2   55   47    1   1   1
   5531    1   56   47    1   1   1
   5532    2   56   47    1   1   1
   5533    1   57   47    1   1   1
   5534    2   57   47    1   1   1
   5535    0   58   47    1   1   1
   5536    1   58   47    1   1   1
   5537    2   58   47    1   1   1
   5538    3   58   47    1   1   1
   5539    0   59   47    1   1   1
   5540    1   59   47    1   1   1
   5541    2   59   47    1   1   1
   5542    3   59   47    1   1   1
   5543    0   60   47    1   1   1
   5544    1   60   47    1   1   1
   5545    2   60   47    1   1   1
   5546    3   60   47    1   1   1
   5547    0   61   47    1   1   1
   5548    1   61   47    1   1   1
   5549    2   61   47    1   1   1
   5550    3   61   47    1   1   1
   5551    0   62   47    1   1   1
   5552    1   62   47    1   1   1
   5553    2   62   47    1   1   1
   5554    3   62   47    1   1   1
   5555    0   63   47    1   1   1
   5556    3   63   47    1   1   1
   5557    0   64   47    1   1   1
   5558    3   64   47    1   1   1
   5559    0   65   47    1   1   1
   5560    3   65   47    1   1   1
   5561    1   68   47    1   1   1
   5562    2   68   47    1   1   1
   5563    1   69   47    1   1   1
   5564    2   69   47    1   1   1
   5565    0   25   48    1   1   1
   5566    3   25   48    1   1   1
   5567    0   26   48    1   1   1
   5568    1   26   48    1   1   1
   5569    2   26   48    1   1   1
   5570    3   26   48    1   1   1
   5571    0   27   48    1   1   1
   5572    1   27   48    1   1   1
   5573    2   27   48    1   1   1
   5574    3   27   48    1   1   1
   5575    0   28   48    1   1   1
   5576    1   28   48    1   1   1
   5577    2   28   48    1   1   1
   5578    3   28   48    1   1   1
   5579    0   29   48    1   1   1
   5580    1   29   48    1   1   1
   5581    2   29   48    1   1   1
   5582    3   29   48    1   1   1
   5583    0   30   48    1   1   1
   5584    1   30   48    1   1   1
   5585    2   30   48    1   1   1
   5586    3   30   48    1   1   1
   5587    1   31   48    1   1   1
   5588    2   31   48    1   1   1
   5589    1   32   48    1   1   1
   5590    2   32   48    1   1   1
   5591    1   33   48    1   1   1
   5592    2   33   48    1   1   1
   5593    1   34   48    1   1   1
   5594    2   34   48    1   1   1
   5595    1   35   48    1   1   1
   5596    2   35   48    1   1   1
   5597    0   36   48    1   1   1
   5598    1   36   48    1   1   1
   5599    2   36   48    1   1   1
   5600    3   36   48    1   1   1
   5601    1   37   48    1   1   1
   5602    2   37   48    1   1   1
   5603    1   38   48    1   1   1
   5604    2   38   48    1   1   1
   5605    0   39   48    1   1   1
   5606    1   39   48    1   1   1
   5607    2   39   48    1   1   1
   5608    3   39   48    1   1   1
   5609    0   40   48    1   1   1
   5610    1   40   48    1   1   1
   5611    2   40   48    1   1   1
   5612    3   40   48    1   1   1
   5613    0   41   48    1   1   1
   5614    1   41   48    1   1   1
   5615    2   41   48    1   1   1
   5616    3   41   48    1   1   1
   5617    1   42   48    1   1   1
   5618    2   42   48    1   1   1
   5619    0   43   48    1   1   1
   5620    1   43   48    1   1   1
   5621    2   43   48    1   1   1
   5622    3   43   48    1   1   1
   5623    0   44   48    1   1   1
   5624    1   44   48    1   1   1
   5625    2   44   48    1   1   1
   5626    3   44   48    1   1   1
   5627    0   45   48    1   1   1
   5628    1   45   48    1   1   1
   5629    2   45   48    1   1   1
   5630    3   45   48    1   1   1
   5631    0   46   48    1   1   1
   5632    1   46   48    1   1   1
   5633    2   46   48    1   1   1
   5634    3   46   48    1   1   1
   5635    1   47   48    1   1   1
   5636    2   47   48    1   1   1
   5637    0   48   48    1   1   1
   5638    1   48   48    1   1   1
   5639    2   48   48    1   1   1
   5640    3   48   48    1   1   1
   5641    0   49   48    1   1   1
   5642    1   49   48    1   1   1
   5643    2   49   48    1   1   1
   5644    3   49   48    1   1   1
   5645    0   50   48    1   1   1
   5646    1   50   48    1   1   1
   5647    2   50   48    1   1   1
   5648    3   50   48    1   1   1
   5649    1   51   48    1   1   1
   5650    2   51   48    1   1   1
   5651    1   52   48    1   1   1
   5652    2   52   48    1   1   1
   5653    0   53   48    1   1   1
   5654    1   53   48    1   1   1
   5655    2   53   48    1   1   1
   5656    3   53   48    1   1   1
   5657    1   54   48    1   1   1
   5658    2   54   48    1   1   1
   5659    1   55   48    1   1   1
   5660    2   55   48    1   1   1
   5661    1   56   48    1   1   1
   5662    2   56   48    1   1   1
   5663    1   57   48    1   1   1
   5664    2   57   48    1   1   1
   5665    0   58   48    1   1   1
   5666    1   58   48    1   1   1
   5667    2   58   48    1   1   1
   5668    3   58   48    1   1   1
   5669    0   59   48    1   1   1
   5670    1   59   48    1   1   1
   5671    2   59   48    1   1   1
   5672    3   59   48    1   1   1
   5673    0   60   48    1   1   1
   5674    1   60   48    1   1   1
   5675    2   60   48    1   1   1
   5676    3   60   48    1   1   1
   5677    0   61   48    1   1   1
   5678    1   61   48    1   1   1
   5679    2   61   48    1   1   1
   5680    3   61   48    1   1   1
   5681    0   62   48    1   1   1
   5682    1   62   48    1   1   1
   5683    2   62   48    1   1   1
   5684    3   62   48    1   1   1
   5685    0   63   48    1   1   1
   5686    1   63   48    1   1   1
   5687    2   63   48    1   1   1
   5688    3   63   48    1   1   1
   5689    0   64   48    1   1   1
   5690    1   64   48    1   1   1
   5691    2   64   48    1   1   1
   5692    3   64   48    1   1   1
   5693    0   26   49    1   1   1
   5694    1   26   49    1   1   1
   5695    2   26   49    1   1   1
   5696    3   26   49    1   1   1
   5697    0   27   49    1   1   1
   5698    1   27   49    1   1   1
   5699    2   27   49    1   1   1
   5700    3   27   49    1   1   1
   5701    0   28   49    1   1   1
   5702    1   28   49    1   1   1
   5703    2   28   49    1   1   1
   5704    3   28   49    1   1   1
   5705    1   29   49    1   1   1
   5706    2   29   49    1   1   1
   5707    1   31   49    1   1   1
   5708    2   31   49    1   1   1
   5709    1   32   49    1   1   1
   5710    2   32   49    1   1   1
   5711    1   33   49    1   1   1
   5712    2   33   49    1   1   1
   5713    1   34   49    1   1   1
   5714    2   34   49    1   1   1
   5715    1   35   49    1   1   1
   5716    2   35   49    1   1   1
   5717    1   36   49    1   1   1
   5718    2   36   49    1   1   1
   5719    0   37   49    1   1   1
   5720    1   37   49    1   1   1
   5721    2   37   49    1   1   1
   5722    3   37   49    1   1   1
   5723    0   38   49    1   1   1
   5724    1   38   49    1   1   1
   5725    2   38   49    1   1   1
   5726    3   38   49    1   1   1
   5727    1   39   49    1   1   1
   5728    2   39   49    1   1   1
   5729    0   40   49    1   1   1
   5730    1   40   49    1   1   1
   5731    2   40   49    1   1   1
   5732    3   40   49    1   1   1
   5733    1   41   49    1   1   1
   5734    2   41   49    1   1   1
   5735    0   42   49    1   1   1
   5736    1   42   49    1   1   1
   5737    2   42   49    1   1   1
   5738    3   42   49    1   1   1
   5739    0   43   49    1   1   1
   5740    1   43   49    1   1   1
   5741    2   43   49    1   1   1
   5742    3   43   49    1   1   1
   5743    0   44   49    1   1   1
   5744    1   44   49    1   1   1
   5745    2   44   49    1   1   1
   5746    3   44   49    1   1   1
   5747    0   45   49    1   1   1
   5748    1   45   49    1   1   1
   5749    2   45   49    1   1   1
   5750    3   45   49    1   1   1
   5751    0   46   49    1   1   1
   5752    1   46   49    1   1   1
   5753    2   46   49    1   1   1
   5754    3   46   49    1   1   1
   5755    0   47   49    1   1   1
   5756    1   47   49    1   1   1
   5757    2   47   49    1   1   1
   5758    3   47   49    1   1   1
   5759    0   48   49    1   1   1
   5760    1   48   49    1   1   1
   5761    2   48   49    1   1   1
   5762    3   48   49    1   1   1
   5763    0   49   49    1   1   1
   5764    1   49   49    1   1   1
   5765    2   49   49    1   1   1
   5766    3   49   49    1   1   1
   5767    0   50   49    1   1   1
   5768    1   50   49    1   1   1
   5769    2   50   49    1   1   1
   5770    3   50   49    1   1   1
   5771    0   51   49    1   1   1
   5772    1   51   49    1   1   1
   5773    2   51   49    1   1   1
   5774    3   51   49    1   1   1
   5775    0   52   49    1   1   1
   5776    1   52   49    1   1   1
   5777    2   52   49    1   1   1
   5778    3   52   49    1   1   1
   5779    1   53   49    1   1   1
   5780    2   53   49    1   1   1
   5781    1   54   49    1   1   1
   5782    2   54   49    1   1   1
   5783    1   55   49    1   1   1
   5784    2   55   49    1   1   1
   5785    1   56   49    1   1   1
   5786    2   56   49    1   1   1
   5787    1   57   49    1   1   1
   5788    2   57   49    1   1   1
   5789    1   58   49    1   1   1
   5790    2   58   49    1   1   1
   5791    0   60   49    1   1   1
   5792    1   60   49    1   1   1
   5793    2   60   49    1   1   1
   5794    3   60   49    1   1   1
   5795    0   61   49    1   1   1
   5796    1   61   49    1   1   1
   5797    2   61   49    1   1   1
   5798    3   61   49    1   1   1
   5799    0   62   49    1   1   1
   5800    1   62   49    1   1   1
   5801    2   62   49    1   1   1
   5802    3   62   49    1   1   1
   5803    0   63   49    1   1   1
   5804    1   63   49    1   1   1
   5805    2   63   49    1   1   1
   5806    3   63   49    1   1   1
   5807    1   31   50    1   1   1
   5808    2   31   50    1   1   1
   5809    1   32   50    1   1   1
   5810    2   32   50    1   1   1
   5811    1   33   50    1   1   1
   5812    2   33   50    1   1   1
   5813    1   34   50    1   1   1
   5814    2   34   50    1   1   1
   5815    1   35   50    1   1   1
   5816    2   35   50    1   1   1
   5817    1   36   50    1   1   1
   5818    2   36   50    1   1   1
   5819    0   37   50    1   1   1
   5820    1   37   50    1   1   1
   5821    2   37   50    1   1   1
   5822    3   37   50    1   1   1
   5823    0   38   50    1   1   1
   5824    1   38   50    1   1   1
   5825    2   38   50    1   1   1
   5826    3   38   50    1   1   1
   5827    0   39   50    1   1   1
   5828    1   39   50    1   1   1
   5829    2   39   50    1   1   1
   5830    3   39   50    1   1   1
   5831    0   40   50    1   1   1
   5832    1   40   50    1   1   1
   5833    2   40   50    1   1   1
   5834    3   40   50    1   1   1
   5835    1   41   50    1   1   1
   5836    2   41   50    1   1   1
   5837    0   42   50    1   1   1
   5838    1   42   50    1   1   1
   5839    2   42   50    1   1   1
   5840    3   42   50    1   1   1
   5841    0   43   50    1   1   1
   5842    1   43   50    1   1   1
   5843    2   43   50    1   1   1
   5844    3   43   50    1   1   1
   5845    0   44   50    1   1   1
   5846    1   44   50    1   1   1
   5847    2   44   50    1   1   1
   5848    3   44   50    1   1   1
   5849    0   45   50    1   1   1
   5850    1   45   50    1   1   1
   5851    2   45   50    1   1   1
   5852    3   45   50    1   1   1
   5853    0   46   50    1   1   1
   5854    1   46   50    1   1   1
   5855    2   46   50    1   1   1
   5856    3   46   50    1   1   1
   5857    0   47   50    1   1   1
   5858    1   47   50    1   1   1
   5859    2   47   50    1   1   1
   5860    3   47   50    1   1   1
   5861    1   48   50    1   1   1
   5862    2   48   50    1   1   1
   5863    0   49   50    1   1   1
   5864    1   49   50    1   1   1
   5865    2   49   50    1   1   1
   5866    3   49   50    1   1   1
   5867    0   50   50    1   1   1
   5868    1   50   50    1   1   1
   5869    2   50   50    1   1   1
   5870    3   50   50    1   1   1
   5871    0   51   50    1   1   1
   5872    1   51   50    1   1   1
   5873    2   51   50    1   1   1
   5874    3   51   50    1   1   1
   5875    0   52   50    1   1   1
   5876    1   52   50    1   1   1
   5877    2   52   50    1   1   1
   5878    3   52   50    1   1   1
   5879    1   53   50    1   1   1
   5880    2   53   50    1   1   1
   5881    1   54   50    1   1   1
   5882    2   54   50    1   1   1
   5883    1   55   50    1   1   1
   5884    2   55   50    1   1   1
   5885    1   56   50    1   1   1
   5886    2   56   50    1   1   1
   5887    1   58   50    1   1   1
   5888    2   58   50    1   1   1
   5889    0   31   51    1   1   1
   5890    1   31   51    1   1   1
   5891    2   31   51    1   1   1
   5892    3   31   51    1   1   1
   5893    1   32   51    1   1   1
   5894    2   32   51    1   1   1
   5895    1   33   51    1   1   1
   5896    2   33   51    1   1   1
   5897    1   34   51    1   1   1
   5898    2   34   51    1   1   1
   5899    1   35   51    1   1   1
   5900    2   35   51    1   1   1
   5901    1   36   51    1   1   1
   5902    2   36   51    1   1   1
   5903    0   37   51    1   1   1
   5904    1   37   51    1   1   1
   5905    2   37   51    1   1   1
   5906    3   37   51    1   1   1
   5907    0   38   51    1   1   1
   5908    1   38   51    1   1   1
   5909    2   38   51    1   1   1
   5910    3   38   51    1   1   1
   5911    0   39   51    1   1   1
   5912    1   39   51    1   1   1
   5913    2   39   51    1   1   1
   5914    3   39   51    1   1   1
   5915    0   40   51    1   1   1
   5916    1   40   51    1   1   1
   5917    2   40   51    1   1   1
   5918    3   40   51    1   1   1
   5919    1   41   51    1   1   1
   5920    2   41   51    1   1   1
   5921    0   42   51    1   1   1
   5922    1   42   51    1   1   1
   5923    2   42   51    1   1   1
   5924    3   42   51    1   1   1
   5925    0   43   51    1   1   1
   5926    1   43   51    1   1   1
   5927    2   43   51    1   1   1
   5928    3   43   51    1   1   1
   5929    0   44   51    1   1   1
   5930    1   44   51    1   1   1
   5931    2   44   51    1   1   1
   5932    3   44   51    1   1   1
   5933    0   45   51    1   1   1
   5934    1   45   51    1   1   1
   5935    2   45   51    1   1   1
   5936    3   45   51    1   1   1
   5937    0   46   51    1   1   1
   5938    1   46   51    1   1   1
   5939    2   46   51    1   1   1
   5940    3   46   51    1   1   1
   5941    0   47   51    1   1   1
   5942    1   47   51    1   1   1
   5943    2   47   51    1   1   1
   5944    3   47   51    1   1   1
   5945    1   48   51    1   1   1
   5946    2   48   51    1   1   1
   5947    0   49   51    1   1   1
   5948    1   49   51    1   1   1
   5949    2   49   51    1   1   1
   5950    3   49   51    1   1   1
   5951    0   50   51    1   1   1
   5952    1   50   51    1   1   1
   5953    2   50   51    1   1   1
   5954    3   50   51    1   1   1
   5955    0   51   51    1   1   1
   5956    1   51   51    1   1   1
   5957    2   51   51    1   1   1
   5958    3   51   51    1   1   1
   5959    0   52   51    1   1   1
   5960    1   52   51    1   1   1
   5961    2   52   51    1   1   1
   5962    3   52   51    1   1   1
   5963    1   53   51    1   1   1
   5964    2   53   51    1   1   1
   5965    1   54   51    1   1   1
   5966    2   54   51    1   1   1
   5967    1   55   51    1   1   1
   5968    2   55   51    1   1   1
   5969    1   56   51    1   1   1
   5970    2   56   51    1   1   1
   5971    0   57   51    1   1   1
   5972    1   57   51    1   1   1
   5973    2   57   51    1   1   1
   5974    3   57   51    1   1   1
   5975    0   58   51    1   1   1
   5976    1   58   51    1   1   1
   5977    2   58   51    1   1   1
   5978    3   58   51    1   1   1
   5979    0   26   52    1   1   1
   5980    1   26   52    1   1   1
   5981    2   26   52    1   1   1
   5982    3   26   52    1   1   1
   5983    0   27   52    1   1   1
   5984    1   27   52    1   1   1
   5985    2   27   52    1   1   1
   5986    3   27   52    1   1   1
   5987    0   28   52    1   1   1
   5988    1   28   52    1   1   1
   5989    2   28   52    1   1   1
   5990    3   28   52    1   1   1
   5991    0   29   52    1   1   1
   5992    1   29   52    1   1   1
   5993    2   29   52    1   1   1
   5994    3   29   52    1   1   1
   5995    0   31   52    1   1   1
   5996    1   31   52    1   1   1
   5997    2   31   52    1   1   1
   5998    3   31   52    1   1   1
   5999    0   32   52    1   1   1
   6000    1   32   52    1   1   1
   6001    2   32   52    1   1   1
   6002    3   32   52    1   1   1
   6003    1   33   52    1   1   1
   6004    2   33   52    1   1   1
   6005    1   34   52    1   1   1
   6006    2   34   52    1   1   1
   6007    1   35   52    1   1   1
   6008    2   35   52    1   1   1
   6009    1   36   52    1   1   1
   6010    2   36   52    1   1   1
   6011    0   37   52    1   1   1
   6012    1   37   52    1   1   1
   6013    2   37   52    1   1   1
   6014    3   37   52    1   1   1
   6015    0   38   52    1   1   1
   6016    1   38   52    1   1   1
   6017    2   38   52    1   1   1
   6018    3   38   52    1   1   1
   6019    1   39   52    1   1   1
   6020    2   39   52    1   1   1
   6021    0   40   52    1   1   1
   6022    1   40   52    1   1   1
   6023    2   40   52    1   1   1
   6024    3   40   52    1   1   1
   6025    0   41   52    1   1   1
   6026    1   41   52    1   1   1
   6027    2   41   52    1   1   1
   6028    3   41   52    1   1   1
   6029    0   42   52    1   1   1
   6030    1   42   52    1   1   1
   6031    2   42   52    1   1   1
   6032    3   42   52    1   1   1
   6033    0   43   52    1   1   1
   6034    1   43   52    1   1   1
   6035    2   43   52    1   1   1
   6036    3   43   52    1   1   1
   6037    0   44   52    1   1   1
   6038    1   44   52    1   1   1
   6039    2   44   52    1   1   1
   6040    3   44   52    1   1   1
   6041    0   45   52    1   1   1
   6042    1   45   52    1   1   1
   6043    2   45   52    1   1   1
   6044    3   45   52    1   1   1
   6045    0   46   52    1   1   1
   6046    1   46   52    1   1   1
   6047    2   46   52    1   1   1
   6048    3   46   52    1   1   1
   6049    0   47   52    1   1   1
   6050    1   47   52    1   1   1
   6051    2   47   52    1   1   1
   6052    3   47   52    1   1   1
   6053    0   48   52    1   1   1
   6054    1   48   52    1   1   1
   6055    2   48   52    1   1   1
   6056    3   48   52    1   1   1
   6057    0   49   52    1   1   1
   6058    1   49   52    1   1   1
   6059    2   49   52    1   1   1
   6060    3   49   52    1   1   1
   6061    1   50   52    1   1   1
   6062    2   50   52    1   1   1
   6063    0   51   52    1   1   1
   6064    1   51   52    1   1   1
   6065    2   51   52    1   1   1
   6066    3   51   52    1   1   1
   6067    0   52   52    1   1   1
   6068    1   52   52    1   1   1
   6069    2   52   52    1   1   1
   6070    3   52   52    1   1   1
   6071    1   53   52    1   1   1
   6072    2   53   52    1   1   1
   6073    1   54   52    1   1   1
   6074    2   54   52    1   1   1
   6075    1   55   52    1   1   1
   6076    2   55   52    1   1   1
   6077    1   56   52    1   1   1
   6078    2   56   52    1   1   1
   6079    0   57   52    1   1   1
   6080    1   57   52    1   1   1
   6081    2   57   52    1   1   1
   6082    3   57   52    1   1   1
   6083    0   58   52    1   1   1
   6084    1   58   52    1   1   1
   6085    2   58   52    1   1   1
   6086    3   58   52    1   1   1
   6087    0   60   52    1   1   1
   6088    1   60   52    1   1   1
   6089    2   60   52    1   1   1
   6090    3   60   52    1   1   1
   6091    0   61   52    1   1   1
   6092    1   61   52    1   1   1
   6093    2   61   52    1   1   1
   6094    3   61   52    1   1   1
   6095    0   62   52    1   1   1
   6096    1   62   52    1   1   1
   6097    2   62   52    1   1   1
   6098    3   62   52    1   1   1
   6099    0   63   52    1   1   1
   6100    1   63   52    1   1   1
   6101    2   63   52    1   1   1
   6102    3   63   52    1   1   1
   6103    0   25   53    1   1   1
   6104    3   25   53    1   1   1
   6105    0   26   53    1   1   1
   6106    1   26   53    1   1   1
   6107    2   26   53    1   1   1
   6108    3   26   53    1   1   1
   6109    0   27   53    1   1   1
   6110    1   27   53    1   1   1
   6111    2   27   53    1   1   1
   6112    3   27   53    1   1   1
   6113    0   28   53    1   1   1
   6114    1   28   53    1   1   1
   6115    2   28   53    1   1   1
   6116    3   28   53    1   1   1
   6117    0   29   53    1   1   1
   6118    1   29   53    1   1   1
   6119    2   29   53    1   1   1
   6120    3   29   53    1   1   1
   6121    0   30   53    1   1   1
   6122    1   30   53    1   1   1
   6123    2   30   53    1   1   1
   6124    3   30   53    1   1   1
   6125    0   31   53    1   1   1
   6126    1   31   53    1   1   1
   6127    2   31   53    1   1   1
   6128    3   31   53    1   1   1
   6129    1   32   53    1   1   1
   6130    2   32   53    1   1   1
   6131    1   33   53    1   1   1
   6132    2   33   53    1   1   1
   6133    1   34   53    1   1   1
   6134    2   34   53    1   1   1
   6135    1   35   53    1   1   1
   6136    2   35   53    1   1   1
   6137    0   36   53    1   1   1
   6138    1   36   53    1   1   1
   6139    2   36   53    1   1   1
   6140    3   36   53    1   1   1
   6141    1   37   53    1   1   1
   6142    2   37   53    1   1   1
   6143    0   38   53    1   1   1
   6144    1   38   53    1   1   1
   6145    2   38   53    1   1   1
   6146    3   38   53    1   1   1
   6147    0   39   53    1   1   1
   6148    1   39   53    1   1   1
   6149    2   39   53    1   1   1
   6150    3   39   53    1   1   1
   6151    0   40   53    1   1   1
   6152    1   40   53    1   1   1
   6153    2   40   53    1   1   1
   6154    3   40   53    1   1   1
   6155    0   41   53    1   1   1
   6156    1   41   53    1   1   1
   6157    2   41   53    1   1   1
   6158    3   41   53    1   1   1
   6159    1   42   53    1   1   1
   6160    2   42   53    1   1   1
   6161    0   43   53    1   1   1
   6162    1   43   53    1   1   1
   6163    2   43   53    1   1   1
   6164    3   43   53    1   1   1
   6165    0   44   53    1   1   1
   6166    1   44   53    1   1   1
   6167    2   44   53    1   1   1
   6168    3   44   53    1   1   1
   6169    0   45   53    1   1   1
   6170    1   45   53    1   1   1
   6171    2   45   53    1   1   1
   6172    3   45   53    1   1   1
   6173    0   46   53    1   1   1
   6174    1   46   53    1   1   1
   6175    2   46   53    1   1   1
   6176    3   46   53    1   1   1
   6177    1   47   53    1   1   1
   6178    2   47   53    1   1   1
   6179    0   48   53    1   1   1
   6180    1   48   53    1   1   1
   6181    2   48   53    1   1   1
   6182    3   48   53    1   1   1
   6183    0   49   53    1   1   1
   6184    1   49   53    1   1   1
   6185    2   49   53    1   1   1
   6186    3   49   53    1   1   1
   6187    0   50   53    1   1   1
   6188    1   50   53    1   1   1
   6189    2   50   53    1   1   1
   6190    3   50   53    1   1   1
   6191    1   51   53    1   1   1
   6192    2   51   53    1   1   1
   6193    1   52   53    1   1   1
   6194    2   52   53    1   1   1
   6195    0   53   53    1   1   1
   6196    1   53   53    1   1   1
   6197    2   53   53    1   1   1
   6198    3   53   53    1   1   1
   6199    1   54   53    1   1   1
   6200    2   54   53    1   1   1
   6201    1   55   53    1   1   1
   6202    2   55   53    1   1   1
   6203    1   56   53    1   1   1
   6204    2   56   53    1   1   1
   6205    0   57   53    1   1   1
   6206    1   57   53    1   1   1
   6207    2   57   53    1   1   1
   6208    3   57   53    1   1   1
   6209    0   58   53    1   1   1
   6210    1   58   53    1   1   1
   6211    2   58   53    1   1   1
   6212    3   58   53    1   1   1
   6213    0   59   53    1   1   1
   6214    1   59   53    1   1   1
   6215    2   59   53    1   1   1
   6216    3   59   53    1   1   1
   6217    0   60   53    1   1   1
   6218    1   60   53    1   1   1
   6219    2   60   53    1   1   1
   6220    3   60   53    1   1   1
   6221    0   61   53    1   1   1
   6222    1   61   53    1   1   1
   6223    2   61   53    1   1   1
   6224    3   61   53    1   1   1
   6225    0   62   53    1   1   1
   6226    1   62   53    1   1   1
   6227    2   62   53    1   1   1
   6228    3   62   53    1   1   1
   6229    0   63   53    1   1   1
   6230    1   63   53    1   1   1
   6231    2   63   53    1   1   1
   6232    3   63   53    1   1   1
   6233    0   20   54    1   1   1
   6234    1   20   54    1   1   1
   6235    2   20   54    1   1   1
   6236    3   20   54    1   1   1
   6237    0   24   54    1   1   1
   6238    1   24   54    1   1   1
   6239    2   24   54    1   1   1
   6240    3   24   54    1   1   1
   6241    0   25   54    1   1   1
   6242    3   25   54    1   1   1
   6243    0   26   54    1   1   1
   6244    3   26   54    1   1   1
   6245    0   27   54    1   1   1
   6246    1   27   54    1   1   1
   6247    2   27   54    1   1   1
   6248    3   27   54    1   1   1
   6249    0   28   54    1   1   1
   6250    1   28   54    1   1   1
   6251    2   28   54    1   1   1
   6252    3   28   54    1   1   1
   6253    0   29   54    1   1   1
   6254    1   29   54    1   1   1
   6255    2   29   54    1   1   1
   6256    3   29   54    1   1   1
   6257    0   30   54    1   1   1
   6258    1   30   54    1   1   1
   6259    2   30   54    1   1   1
   6260    3   30   54    1   1   1
   6261    0   31   54    1   1   1
   6262    1   31   54    1   1   1
   6263    2   31   54    1   1   1
   6264    3   31   54    1   1   1
   6265    1   32   54    1   1   1
   6266    2   32   54    1   1   1
   6267    1   33   54    1   1   1
   6268    2   33   54    1   1   1
   6269    1   34   54    1   1   1
   6270    2   34   54    1   1   1
   6271    1   35   54    1   1   1
   6272    2   35   54    1   1   1
   6273    1   36   54    1   1   1
   6274    2   36   54    1   1   1
   6275    0   37   54    1   1   1
   6276    1   37   54    1   1   1
   6277    2   37   54    1   1   1
   6278    3   37   54    1   1   1
   6279    0   38   54    1   1   1
   6280    1   38   54    1   1   1
   6281    2   38   54    1   1   1
   6282    3   38   54    1   1   1
   6283    0   39   54    1   1   1
   6284    1   39   54    1   1   1
   6285    2   39   54    1   1   1
   6286    3   39   54    1   1   1
   6287    0   40   54    1   1   1
   6288    1   40   54    1   1   1
   6289    2   40   54    1   1   1
   6290    3   40   54    1   1   1
   6291    1   41   54    1   1   1
   6292    2   41   54    1   1   1
   6293    0   42   54    1   1   1
   6294    1   42   54    1   1   1
   6295    2   42   54    1   1   1
   6296    3   42   54    1   1   1
   6297    1   43   54    1   1   1
   6298    2   43   54    1   1   1
   6299    0   44   54    1   1   1
   6300    1   44   54    1   1   1
   6301    2   44   54    1   1   1
   6302    3   44   54    1   1   1
   6303    1   45   54    1   1   1
   6304    2   45   54    1   1   1
   6305    0   46   54    1   1   1
   6306    1   46   54    1   1   1
   6307    2   46   54    1   1   1
   6308    3   46   54    1   1   1
   6309    0   47   54    1   1   1
   6310    1   47   54    1   1   1
   6311    2   47   54    1   1   1
   6312    3   47   54    1   1   1
   6313    1   48   54    1   1   1
   6314    2   48   54    1   1   1
   6315    0   49   54    1   1   1
   6316    1   49   54    1   1   1
   6317    2   49   54    1   1   1
   6318    3   49   54    1   1   1
   6319    0   50   54    1   1   1
   6320    1   50   54    1   1   1
   6321    2   50   54    1   1   1
   6322    3   50   54    1   1   1
   6323    0   51   54    1   1   1
   6324    1   51   54    1   1   1
   6325    2   51   54    1   1   1
   6326    3   51   54    1   1   1
   6327    0   52   54    1   1   1
   6328    1   52   54    1   1   1
   6329    2   52   54    1   1   1
   6330    3   52   54    1   1   1
   6331    1   53   54    1   1   1
   6332    2   53   54    1   1   1
   6333    1   54   54    1   1   1
   6334    2   54   54    1   1   1
   6335    1   55   54    1   1   1
   6336    2   55   54    1   1   1
   6337    1   56   54    1   1   1
   6338    2   56   54    1   1   1
   6339    1   57   54    1   1   1
   6340    2   57   54    1   1   1
   6341    0   58   54    1   1   1
   6342    1   58   54    1   1   1
   6343    2   58   54    1   1   1
   6344    3   58   54    1   1   1
   6345    0   59   54    1   1   1
   6346    1   59   54    1   1   1
   6347    2   59   54    1   1   1
   6348    3   59   54    1   1   1
   6349    0   60   54    1   1   1
   6350    1   60   54    1   1   1
   6351    2   60   54    1   1   1
   6352    3   60   54    1   1   1
   6353    0   61   54    1   1   1
   6354    1   61   54    1   1   1
   6355    2   61   54    1   1   1
   6356    3   61   54    1   1   1
   6357    0   62   54    1   1   1
   6358    1   62   54    1   1   1
   6359    2   62   54    1   1   1
   6360    3   62   54    1   1   1
   6361    0   63   54    1   1   1
   6362    3   63   54    1   1   1
   6363    0   64   54    1   1   1
   6364    1   64   54    1   1   1
   6365    2   64   54    1   1   1
   6366    3   64   54    1   1   1
   6367    0   68   54    1   1   1
   6368    1   68   54    1   1   1
   6369    2   68   54    1   1   1
   6370    3   68   54    1   1   1
   6371    0   19   55    1   1   1
   6372    1   19   55    1   1   1
   6373    2   19   55    1   1   1
   6374    3   19   55    1   1   1
   6375    0   20   55    1   1   1
   6376    1   20   55    1   1   1
   6377    2   20   55    1   1   1
   6378    3   20   55    1   1   1
   6379    0   21   55    1   1   1
   6380    1   21   55    1   1   1
   6381    2   21   55    1   1   1
   6382    3   21   55    1   1   1
   6383    0   22   55    1   1   1
   6384    3   22   55    1   1   1
   6385    0   23   55    1   1   1
   6386    1   23   55    1   1   1
   6387    2   23   55    1   1   1
   6388    3   23   55    1   1   1
   6389    0   24   55    1   1   1
   6390    1   24   55    1   1   1
   6391    2   24   55    1   1   1
   6392    3   24   55    1   1   1
   6393    0   25   55    1   1   1
   6394    1   25   55    1   1   1
   6395    2   25   55    1   1   1
   6396    3   25   55    1   1   1
   6397    0   26   55    1   1   1
   6398    1   26   55    1   1   1
   6399    2   26   55    1   1   1
   6400    3   26   55    1   1   1
   6401    0   27   55    1   1   1
   6402    1   27   55    1   1   1
   6403    2   27   55    1   1   1
   6404    3   27   55    1   1   1
   6405    0   28   55    1   1   1
   6406    1   28   55    1   1   1
   6407    2   28   55    1   1   1
   6408    3   28   55    1   1   1
   6409    0   29   55    1   1   1
   6410    1   29   55    1   1   1
   6411    2   29   55    1   1   1
   6412    3   29   55    1   1   1
   6413    1   30   55    1   1   1
   6414    2   30   55    1   1   1
   6415    1   31   55    1   1   1
   6416    2   31   55    1   1   1
   6417    1   32   55    1   1   1
   6418    2   32   55    1   1   1
   6419    1   33   55    1   1   1
   6420    2   33   55    1   1   1
   6421    1   34   55    1   1   1
   6422    2   34   55    1   1   1
   6423    0   35   55    1   1   1
   6424    1   35   55    1   1   1
   6425    2   35   55    1   1   1
   6426    3   35   55    1   1   1
   6427    0   36   55    1   1   1
   6428    1   36   55    1   1   1
   6429    2   36   55    1   1   1
   6430    3   36   55    1   1   1
   6431    0   37   55    1   1   1
   6432    1   37   55    1   1   1
   6433    2   37   55    1   1   1
   6434    3   37   55    1   1   1
   6435    1   38   55    1   1   1
   6436    2   38   55    1   1   1
   6437    1   39   55    1   1   1
   6438    2   39   55    1   1   1
   6439    0   40   55    1   1   1
   6440    1   40   55    1   1   1
   6441    2   40   55    1   1   1
   6442    3   40   55    1   1   1
   6443    0   41   55    1   1   1
   6444    1   41   55    1   1   1
   6445    2   41   55    1   1   1
   6446    3   41   55    1   1   1
   6447    0   42   55    1   1   1
   6448    1   42   55    1   1   1
   6449    2   42   55    1   1   1
   6450    3   42   55    1   1   1
   6451    0   43   55    1   1   1
   6452    1   43   55    1   1   1
   6453    2   43   55    1   1   1
   6454    3   43   55    1   1   1
   6455    0   44   55    1   1   1
   6456    1   44   55    1   1   1
   6457    2   44   55    1   1   1
   6458    3   44   55    1   1   1
   6459    0   45   55    1   1   1
   6460    1   45   55    1   1   1
   6461    2   45   55    1   1   1
   6462    3   45   55    1   1   1
   6463    0   46   55    1   1   1
   6464    1   46   55    1   1   1
   6465    2   46   55    1   1   1
   6466    3   46   55    1   1   1
   6467    0   47   55    1   1   1
   6468    1   47   55    1   1   1
   6469    2   47   55    1   1   1
   6470    3   47   55    1   1   1
   6471    0   48   55    1   1   1
   6472    1   48   55    1   1   1
   6473    2   48   55    1   1   1
   6474    3   48   55    1   1   1
   6475    0   49   55    1   1   1
   6476    1   49   55    1   1   1
   6477    2   49   55    1   1   1
   6478    3   49   55    1   1   1
   6479    1   50   55    1   1   1
   6480    2   50   55    1   1   1
   6481    0   51   55    1   1   1
   6482    1   51   55    1   1   1
   6483    2   51   55    1   1   1
   6484    3   51   55    1   1   1
   6485    0   52   55    1   1   1
   6486    1   52   55    1   1   1
   6487    2   52   55    1   1   1
   6488    3   52   55    1   1   1
   6489    0   53   55    1   1   1
   6490    1   53   55    1   1   1
   6491    2   53   55    1   1   1
   6492    3   53   55    1   1   1
   6493    1   54   55    1   1   1
   6494    2   54   55    1   1   1
   6495    1   55   55    1   1   1
   6496    2   55   55    1   1   1
   6497    1   56   55    1   1   1
   6498    2   56   55    1   1   1
   6499    1   57   55    1   1   1
   6500    2   57   55    1   1   1
   6501    1   58   55    1   1   1
   6502    2   58   55    1   1   1
   6503    0   59   55    1   1   1
   6504    1   59   55    1   1   1
   6505    2   59   55    1   1   1
   6506    3   59   55    1   1   1
   6507    0   60   55    1   1   1
   6508    1   60   55    1   1   1
   6509    2   60   55    1   1   1
   6510    3   60   55    1   1   1
   6511    0   61   55    1   1   1
   6512    1   61   55    1   1   1
   6513    2   61   55    1   1   1
   6514    3   61   55    1   1   1
   6515    0   62   55    1   1   1
   6516    1   62   55    1   1   1
   6517    2   62   55    1   1   1
   6518    3   62   55    1   1   1
   6519    0   63   55    1   1   1
   6520    1   63   55    1   1   1
   6521    2   63   55    1   1   1
   6522    3   63   55    1   1   1
   6523    0   64   55    1   1   1
   6524    1   64   55    1   1   1
   6525    2   64   55    1   1   1
   6526    3   64   55    1   1   1
   6527    0   65   55    1   1   1
   6528    1   65   55    1   1   1
   6529    2   65   55    1   1   1
   6530    3   65   55    1   1   1
   6531    0   66   55    1   1   1
   6532    1   66   55    1   1   1
   6533    2   66   55    1   1   1
   6534    3   66   55    1   1   1
   6535    0   67   55    1   1   1
   6536    3   67   55    1   1   1
   6537    0   68   55    1   1   1
   6538    1   68   55    1   1   1
   6539    2   68   55    1   1   1
   6540    3   68   55    1   1   1
   6541    0   69   55    1   1   1
   6542    1   69   55    1   1   1
   6543    2   69   55    1   1   1
   6544    3   69   55    1   1   1
   6545    0   70   55    1   1   1
   6546    1   70   55    1   1   1
   6547    2   70   55    1   1   1
   6548    3   70   55    1   1   1
   6549    0   18   56    1   1   1
   6550    3   18   56    1   1   1
   6551    0   19   56    1   1   1
   6552    3   19   56    1   1   1
   6553    0   20   56    1   1   1
   6554    1   20   56    1   1   1
   6555    2   20   56    1   1   1
   6556    3   20   56    1   1   1
   6557    0   21   56    1   1   1
   6558    1   21   56    1   1   1
   6559    2   21   56    1   1   1
   6560    3   21   56    1   1   1
   6561    0   22   56    1   1   1
   6562    1   22   56    1   1   1
   6563    2   22   56    1   1   1
   6564    3   22   56    1   1   1
   6565    0   23   56    1   1   1
   6566    3   23   56    1   1   1
   6567    0   24   56    1   1   1
   6568    1   24   56    1   1   1
   6569    2   24   56    1   1   1
   6570    3   24   56    1   1   1
   6571    0   25   56    1   1   1
   6572    1   25   56    1   1   1
   6573    2   25   56    1   1   1
   6574    3   25   56    1   1   1
   6575    0   26   56    1   1   1
   6576    1   26   56    1   1   1
   6577    2   26   56    1   1   1
   6578    3   26   56    1   1   1
   6579    0   27   56    1   1   1
   6580    1   27   56    1   1   1
   6581    2   27   56    1   1   1
   6582    3   27   56    1   1   1
   6583    0   28   56    1   1   1
   6584    1   28   56    1   1   1
   6585    2   28   56    1   1   1
   6586    3   28   56    1   1   1
   6587    1   29   56    1   1   1
   6588    2   29   56    1   1   1
   6589    1   30   56    1   1   1
   6590    2   30   56    1   1   1
   6591    1   31   56    1   1   1
   6592    2   31   56    1   1   1
   6593    1   32   56    1   1   1
   6594    2   32   56    1   1   1
   6595    1   33   56    1   1   1
   6596    2   33   56    1   1   1
   6597    0   34   56    1   1   1
   6598    1   34   56    1   1   1
   6599    2   34   56    1   1   1
   6600    3   34   56    1   1   1
   6601    0   35   56    1   1   1
   6602    1   35   56    1   1   1
   6603    2   35   56    1   1   1
   6604    3   35   56    1   1   1
   6605    0   36   56    1   1   1
   6606    1   36   56    1   1   1
   6607    2   36   56    1   1   1
   6608    3   36   56    1   1   1
   6609    1   37   56    1   1   1
   6610    2   37   56    1   1   1
   6611    1   38   56    1   1   1
   6612    2   38   56    1   1   1
   6613    0   39   56    1   1   1
   6614    1   39   56    1   1   1
   6615    2   39   56    1   1   1
   6616    3   39   56    1   1   1
   6617    0   40   56    1   1   1
   6618    1   40   56    1   1   1
   6619    2   40   56    1   1   1
   6620    3   40   56    1   1   1
   6621    0   41   56    1   1   1
   6622    1   41   56    1   1   1
   6623    2   41   56    1   1   1
   6624    3   41   56    1   1   1
   6625    0   42   56    1   1   1
   6626    1   42   56    1   1   1
   6627    2   42   56    1   1   1
   6628    3   42   56    1   1   1
   6629    1   43   56    1   1   1
   6630    2   43   56    1   1   1
   6631    0   44   56    1   1   1
   6632    1   44   56    1   1   1
   6633    2   44   56    1   1   1
   6634    3   44   56    1   1   1
   6635    0   45   56    1   1   1
   6636    1   45   56    1   1   1
   6637    2   45   56    1   1   1
   6638    3   45   56    1   1   1
   6639    0   46   56    1   1   1
   6640    1   46   56    1   1   1
   6641    2   46   56    1   1   1
   6642    3   46   56    1   1   1
   6643    0   47   56    1   1   1
   6644    1   47   56    1   1   1
   6645    2   47   56    1   1   1
   6646    3   47   56    1   1   1
   6647    0   48   56    1   1   1
   6648    1   48   56    1   1   1
   6649    2   48   56    1   1   1
   6650    3   48   56    1   1   1
   6651    0   49   56    1   1   1
   6652    1   49   56    1   1   1
   6653    2   49   56    1   1   1
   6654    3   49   56    1   1   1
   6655    0   50   56    1   1   1
   6656    1   50   56    1   1   1
   6657    2   50   56    1   1   1
   6658    3   50   56    1   1   1
   6659    1   51   56    1   1   1
   6660    2   51   56    1   1   1
   6661    1   52   56    1   1   1
   6662    2   52   56    1   1   1
   6663    0   53   56    1   1   1
   6664    1   53   56    1   1   1
   6665    2   53   56    1   1   1
   6666    3   53   56    1   1   1
   6667    0   54   56    1   1   1
   6668    1   54   56    1   1   1
   6669    2   54   56    1   1   1
   6670    3   54   56    1   1   1
   6671    0   55   56    1   1   1
   6672    1   55   56    1   1   1
   6673    2   55   56    1   1   1
   6674    3   55   56    1   1   1
   6675    1   56   56    1   1   1
   6676    2   56   56    1   1   1
   6677    1   57   56    1   1   1
   6678    2   57   56    1   1   1
   6679    1   58   56    1   1   1
   6680    2   58   56    1   1   1
   6681    1   59   56    1   1   1
   6682    2   59   56    1   1   1
   6683    1   60   56    1   1   1
   6684    2   60   56    1   1   1
   6685    0   61   56    1   1   1
   6686    1   61   56    1   1   1
   6687    2   61   56    1   1   1
   6688    3   61   56    1   1   1
   6689    0   62   56    1   1   1
   6690    1   62   56    1   1   1
   6691    2   62   56    1   1   1
   6692    3   62   56    1   1   1
   6693    0   63   56    1   1   1
   6694    1   63   56    1   1   1
   6695    2   63   56    1   1   1
   6696    3   63   56    1   1   1
   6697    0   64   56    1   1   1
   6698    1   64   56    1   1   1
   6699    2   64   56    1   1   1
   6700    3   64   56    1   1   1
   6701    0   65   56    1   1   1
   6702    1   65   56    1   1   1
   6703    2   65   56    1   1   1
   6704    3   65   56    1   1   1
   6705    0   66   56    1   1   1
   6706    3   66   56    1   1   1
   6707    0   67   56    1   1   1
   6708    1   67   56    1   1   1
   6709    2   67   56    1   1   1
   6710    3   67   56    1   1   1
   6711    0   68   56    1   1   1
   6712    1   68   56    1   1   1
   6713    2   68   56    1   1   1
   6714    3   68   56    1   1   1
   6715    0   69   56    1   1   1
   6716    1   69   56    1   1   1
   6717    2   69   56    1   1   1
   6718    3   69   56    1   1   1
   6719    0   70   56    1   1   1
   6720    3   70   56    1   1   1
   6721    0   71   56    1   1   1
   6722    1   71   56    1   1   1
   6723    2   71   56    1   1   1
   6724    3   71   56    1   1   1
   6725    0   18   57    1   1   1
   6726    1   18   57    1   1   1
   6727    2   18   57    1   1   1
   6728    3   18   57    1   1   1
   6729    0   19   57    1   1   1
   6730    1   19   57    1   1   1
   6731    2   19   57    1   1   1
   6732    3   19   57    1   1   1
   6733    0   20   57    1   1   1
   6734    3   20   57    1   1   1
   6735    0   21   57    1   1   1
   6736    3   21   57    1   1   1
   6737    0   22   57    1   1   1
   6738    1   22   57    1   1   1
   6739    2   22   57    1   1   1
   6740    3   22   57    1   1   1
   6741    0   23   57    1   1   1
   6742    1   23   57    1   1   1
   6743    2   23   57    1   1   1
   6744    3   23   57    1   1   1
   6745    0   24   57    1   1   1
   6746    1   24   57    1   1   1
   6747    2   24   57    1   1   1
   6748    3   24   57    1   1   1
   6749    0   25   57    1   1   1
   6750    1   25   57    1   1   1
   6751    2   25   57    1   1   1
   6752    3   25   57    1   1   1
   6753    0   26   57    1   1   1
   6754    1   26   57    1   1   1
   6755    2   26   57    1   1   1
   6756    3   26   57    1   1   1
   6757    0   27   57    1   1   1
   6758    1   27   57    1   1   1
   6759    2   27   57    1   1   1
   6760    3   27   57    1   1   1
   6761    1   28   57    1   1   1
   6762    2   28   57    1   1   1
   6763    1   29   57    1   1   1
   6764    2   29   57    1   1   1
   6765    1   30   57    1   1   1
   6766    2   30   57    1   1   1
   6767    1   31   57    1   1   1
   6768    2   31   57    1   1   1
   6769    0   32   57    1   1   1
   6770    1   32   57    1   1   1
   6771    2   32   57    1   1   1
   6772    3   32   57    1   1   1
   6773    0   33   57    1   1   1
   6774    1   33   57    1   1   1
   6775    2   33   57    1   1   1
   6776    3   33   57    1   1   1
   6777    0   34   57    1   1   1
   6778    1   34   57    1   1   1
   6779    2   34   57    1   1   1
   6780    3   34   57    1   1   1
   6781    1   35   57    1   1   1
   6782    2   35   57    1   1   1
   6783    1   36   57    1   1   1
   6784    2   36   57    1   1   1
   6785    1   37   57    1   1   1
   6786    2   37   57    1   1   1
   6787    1   38   57    1   1   1
   6788    2   38   57    1   1   1
   6789    1   39   57    1   1   1
   6790    2   39   57    1   1   1
   6791    1   40   57    1   1   1
   6792    2   40   57    1   1   1
   6793    0   41   57    1   1   1
   6794    1   41   57    1   1   1
   6795    2   41   57    1   1   1
   6796    3   41   57    1   1   1
   6797    0   42   57    1   1   1
   6798    1   42   57    1   1   1
   6799    2   42   57    1   1   1
   6800    3   42   57    1   1   1
   6801    1   43   57    1   1   1
   6802    2   43   57    1   1   1
   6803    0   44   57    1   1   1
   6804    1   44   57    1   1   1
   6805    2   44   57    1   1   1
   6806    3   44   57    1   1   1
   6807    0   45   57    1   1   1
   6808    1   45   57    1   1   1
   6809    2   45   57    1   1   1
   6810    3   45   57    1   1   1
   6811    0   46   57    1   1   1
   6812    1   46   57    1   1   1
   6813    2   46   57    1   1   1
   6814    3   46   57    1   1   1
   6815    0   47   57    1   1   1
   6816    1   47   57    1   1   1
   6817    2   47   57    1   1   1
   6818    3   47   57    1   1   1
   6819    0   48   57    1   1   1
   6820    1   48   57    1   1   1
   6821    2   48   57    1   1   1
   6822    3   48   57    1   1   1
   6823    1   49   57    1   1   1
   6824    2   49   57    1   1   1
   6825    1   50   57    1   1   1
   6826    2   50   57    1   1   1
   6827    1   51   57    1   1   1
   6828    2   51   57    1   1   1
   6829    1   52   57    1   1   1
   6830    2   52   57    1   1   1
   6831    1   53   57    1   1   1
   6832    2   53   57    1   1   1
   6833    1   54   57    1   1   1
   6834    2   54   57    1   1   1
   6835    0   55   57    1   1   1
   6836    1   55   57    1   1   1
   6837    2   55   57    1   1   1
   6838    3   55   57    1   1   1
   6839    0   56   57    1   1   1
   6840    1   56   57    1   1   1
   6841    2   56   57    1   1   1
   6842    3   56   57    1   1   1
   6843    0   57   57    1   1   1
   6844    1   57   57    1   1   1
   6845    2   57   57    1   1   1
   6846    3   57   57    1   1   1
   6847    1   58   57    1   1   1
   6848    2   58   57    1   1   1
   6849    1   59   57    1   1   1
   6850    2   59   57    1   1   1
   6851    1   60   57    1   1   1
   6852    2   60   57    1   1   1
   6853    1   61   57    1   1   1
   6854    2   61   57    1   1   1
   6855    0   62   57    1   1   1
   6856    1   62   57    1   1   1
   6857    2   62   57    1   1   1
   6858    3   62   57    1   1   1
   6859    0   63   57    1   1   1
   6860    1   63   57    1   1   1
   6861    2   63   57    1   1   1
   6862    3   63   57    1   1   1
   6863    0   64   57    1   1   1
   6864    1   64   57    1   1   1
   6865    2   64   57    1   1   1
   6866    3   64   57    1   1   1
   6867    0   65   57    1   1   1
   6868    1   65   57    1   1   1
   6869    2   65   57    1   1   1
   6870    3   65   57    1   1   1
   6871    0   66   57    1   1   1
   6872    1   66   57    1   1   1
   6873    2   66   57    1   1   1
   6874    3   66   57    1   1   1
   6875    0   67   57    1   1   1
   6876    1   67   57    1   1   1
   6877    2   67   57    1   1   1
   6878    3   67   57    1   1   1
   6879    0   68   57    1   1   1
   6880    3   68   57    1   1   1
   6881    0   69   57    1   1   1
   6882    1   69   57    1   1   1
   6883    2   69   57    1   1   1
   6884    3   69   57    1   1   1
   6885    0   70   57    1   1   1
   6886    1   70   57    1   1   1
   6887    2   70   57    1   1   1
   6888    3   70   57    1   1   1
   6889    0   71   57    1   1   1
   6890    1   71   57    1   1   1
   6891    2   71   57    1   1   1
   6892    3   71   57    1   1   1
   6893    0   13   58    1   1   1
   6894    1   13   58    1   1   1
   6895    2   13   58    1   1   1
   6896    3   13   58    1   1   1
   6897    0   16   58    1   1   1
   6898    1   16   58    1   1   1
   6899    2   16   58    1   1   1
   6900    3   16   58    1   1   1
   6901    0   17   58    1   1   1
   6902    1   17   58    1   1   1
   6903    2   17   58    1   1   1
   6904    3   17   58    1   1   1
   6905    0   18   58    1   1   1
   6906    3   18   58    1   1   1
   6907    0   19   58    1   1   1
   6908    3   19   58    1   1   1
   6909    0   20   58    1   1   1
   6910    1   20   58    1   1   1
   6911    2   20   58    1   1   1
   6912    3   20   58    1   1   1
   6913    0   21   58    1   1   1
   6914    1   21   58    1   1   1
   6915    2   21   58    1   1   1
   6916    3   21   58    1   1   1
   6917    0   22   58    1   1   1
   6918    1   22   58    1   1   1
   6919    2   22   58    1   1   1
   6920    3   22   58    1   1   1
   6921    0   23   58    1   1   1
   6922    1   23   58    1   1   1
   6923    2   23   58    1   1   1
   6924    3   23   58    1   1   1
   6925    0   24   58    1   1   1
   6926    1   24   58    1   1   1
   6927    2   24   58    1   1   1
   6928    3   24   58    1   1   1
   6929    0   25   58    1   1   1
   6930    1   25   58    1   1   1
   6931    2   25   58    1   1   1
   6932    3   25   58    1   1   1
   6933    0   26   58    1   1   1
   6934    1   26   58    1   1   1
   6935    2   26   58    1   1   1
   6936    3   26   58    1   1   1
   6937    1   27   58    1   1   1
   6938    2   27   58    1   1   1
   6939    1   28   58    1   1   1
   6940    2   28   58    1   1   1
   6941    1   29   58    1   1   1
   6942    2   29   58    1   1   1
   6943    0   30   58    1   1   1
   6944    1   30   58    1   1   1
   6945    2   30   58    1   1   1
   6946    3   30   58    1   1   1
   6947    0   31   58    1   1   1
   6948    1   31   58    1   1   1
   6949    2   31   58    1   1   1
   6950    3   31   58    1   1   1
   6951    0   32   58    1   1   1
   6952    1   32   58    1   1   1
   6953    2   32   58    1   1   1
   6954    3   32   58    1   1   1
   6955    1   33   58    1   1   1
   6956    2   33   58    1   1   1
   6957    1   34   58    1   1   1
   6958    2   34   58    1   1   1
   6959    1   35   58    1   1   1
   6960    2   35   58    1   1   1
   6961    1   36   58    1   1   1
   6962    2   36   58    1   1   1
   6963    1   37   58    1   1   1
   6964    2   37   58    1   1   1
   6965    1   38   58    1   1   1
   6966    2   38   58    1   1   1
   6967    1   39   58    1   1   1
   6968    2   39   58    1   1   1
   6969    1   40   58    1   1   1
   6970    2   40   58    1   1   1
   6971    1   41   58    1   1   1
   6972    2   41   58    1   1   1
   6973    0   42   58    1   1   1
   6974    1   42   58    1   1   1
   6975    2   42   58    1   1   1
   6976    3   42   58    1   1   1
   6977    1   43   58    1   1   1
   6978    2   43   58    1   1   1
   6979    0   44   58    1   1   1
   6980    1   44   58    1   1   1
   6981    2   44   58    1   1   1
   6982    3   44   58    1   1   1
   6983    0   45   58    1   1   1
   6984    1   45   58    1   1   1
   6985    2   45   58    1   1   1
   6986    3   45   58    1   1   1
   6987    1   46   58    1   1   1
   6988    2   46   58    1   1   1
   6989    0   47   58    1   1   1
   6990    1   47   58    1   1   1
   6991    2   47   58    1   1   1
   6992    3   47   58    1   1   1
   6993    1   48   58    1   1   1
   6994    2   48   58    1   1   1
   6995    1   49   58    1   1   1
   6996    2   49   58    1   1   1
   6997    1   50   58    1   1   1
   6998    2   50   58    1   1   1
   6999    1   51   58    1   1   1
   7000    2   51   58    1   1   1
   7001    1   52   58    1   1   1
   7002    2   52   58    1   1   1
   7003    1   53   58    1   1   1
   7004    2   53   58    1   1   1
   7005    1   54   58    1   1   1
   7006    2   54   58    1   1   1
   7007    1   55   58    1   1   1
   7008    2   55   58    1   1   1
   7009    1   56   58    1   1   1
   7010    2   56   58    1   1   1
   7011    0   57   58    1   1   1
   7012    1   57   58    1   1   1
   7013    2   57   58    1   1   1
   7014    3   57   58    1   1   1
   7015    0   58   58    1   1   1
   7016    1   58   58    1   1   1
   7017    2   58   58    1   1   1
   7018    3   58   58    1   1   1
   7019    0   59   58    1   1   1
   7020    1   59   58    1   1   1
   7021    2   59   58    1   1   1
   7022    3   59   58    1   1   1
   7023    1   60   58    1   1   1
   7024    2   60   58    1   1   1
   7025    1   61   58    1   1   1
   7026    2   61   58    1   1   1
   7027    1   62   58    1   1   1
   7028    2   62   58    1   1   1
   7029    0   63   58    1   1   1
   7030    1   63   58    1   1   1
   7031    2   63   58    1   1   1
   7032    3   63   58    1   1   1
   7033    0   64   58    1   1   1
   7034    1   64   58    1   1   1
   7035    2   64   58    1   1   1
   7036    3   64   58    1   1   1
   7037    0   65   58    1   1   1
   7038    1   65   58    1   1   1
   7039    2   65   58    1   1   1
   7040    3   65   58    1   1   1
   7041    0   66   58    1   1   1
   7042    1   66   58    1   1   1
   7043    2   66   58    1   1   1
   7044    3   66   58    1   1   1
   7045    0   67   58    1   1   1
   7046    1   67   58    1   1   1
   7047    2   67   58    1   1   1
   7048    3   67   58    1   1   1
   7049    0   68   58    1   1   1
   7050    1   68   58    1   1   1
   7051    2   68   58    1   1   1
   7052    3   68   58    1   1   1
   7053    0   69   58    1   1   1
   7054    1   69   58    1   1   1
   7055    2   69   58    1   1   1
   7056    3   69   58    1   1   1
   7057    0   70   58    1   1   1
   7058    3   70   58    1   1   1
   7059    0   72   58    1   1   1
   7060    1   72   58    1   1   1
   7061    2   72   58    1   1   1
   7062    3   72   58    1   1   1
   7063    0   73   58    1   1   1
   7064    1   73   58    1   1   1
   7065    2   73   58    1   1   1
   7066    3   73   58    1   1   1
   7067    0   76   58    1   1   1
   7068    1   76   58    1   1   1
   7069    2   76   58    1   1   1
   7070    3   76   58    1   1   1
   7071    0   12   59    1   1   1
   7072    1   12   59    1   1   1
   7073    2   12   59    1   1   1
   7074    3   12   59    1   1   1
   7075    0   13   59    1   1   1
   7076    1   13   59    1   1   1
   7077    2   13   59    1   1   1
   7078    3   13   59    1   1   1
   7079    0   14   59    1   1   1
   7080    1   14   59    1   1   1
   7081    2   14   59    1   1   1
   7082    3   14   59    1   1   1
   7083    0   15   59    1   1   1
   7084    3   15   59    1   1   1
   7085    0   16   59    1   1   1
   7086    3   16   59    1   1   1
   7087    0   17   59    1   1   1
   7088    1   17   59    1   1   1
   7089    2   17   59    1   1   1
   7090    3   17   59    1   1   1
   7091    0   18   59    1   1   1
   7092    1   18   59    1   1   1
   7093    2   18   59    1   1   1
   7094    3   18   59    1   1   1
   7095    0   19   59    1   1   1
   7096    1   19   59    1   1   1
   7097    2   19   59    1   1   1
   7098    3   19   59    1   1   1
   7099    0   20   59    1   1   1
   7100    1   20   59    1   1   1
   7101    2   20   59    1   1   1
   7102    3   20   59    1   1   1
   7103    0   21   59    1   1   1
   7104    1   21   59    1   1   1
   7105    2   21   59    1   1   1
   7106    3   21   59    1   1   1
   7107    0   22   59    1   1   1
   7108    1   22   59    1   1   1
   7109    2   22   59    1   1   1
   7110    3   22   59    1   1   1
   7111    0   23   59    1   1   1
   7112    1   23   59    1   1   1
   7113    2   23   59    1   1   1
   7114    3   23   59    1   1   1
   7115    0   24   59    1   1   1
   7116    1   24   59    1   1   1
   7117    2   24   59    1   1   1
   7118    3   24   59    1   1   1
   7119    1   25   59    1   1   1
   7120    2   25   59    1   1   1
   7121    1   26   59    1   1   1
   7122    2   26   59    1   1   1
   7123    1   27   59    1   1   1
   7124    2   27   59    1   1   1
   7125    0   28   59    1   1   1
   7126    1   28   59    1   1   1
   7127    2   28   59    1   1   1
   7128    3   28   59    1   1   1
   7129    0   29   59    1   1   1
   7130    1   29   59    1   1   1
   7131    2   29   59    1   1   1
   7132    3   29   59    1   1   1
   7133    0   30   59    1   1   1
   7134    1   30   59    1   1   1
   7135    2   30   59    1   1   1
   7136    3   30   59    1   1   1
   7137    0   31   59    1   1   1
   7138    1   31   59    1   1   1
   7139    2   31   59    1   1   1
   7140    3   31   59    1   1   1
   7141    1   32   59    1   1   1
   7142    2   32   59    1   1   1
   7143    1   33   59    1   1   1
   7144    2   33   59    1   1   1
   7145    1   34   59    1   1   1
   7146    2   34   59    1   1   1
   7147    1   35   59    1   1   1
   7148    2   35   59    1   1   1
   7149    1   36   59    1   1   1
   7150    2   36   59    1   1   1
   7151    1   37   59    1   1   1
   7152    2   37   59    1   1   1
   7153    1   38   59    1   1   1
   7154    2   38   59    1   1   1
   7155    1   39   59    1   1   1
   7156    2   39   59    1   1   1
   7157    1   40   59    1   1   1
   7158    2   40   59    1   1   1
   7159    1   41   59    1   1   1
   7160    2   41   59    1   1   1
   7161    0   42   59    1   1   1
   7162    1   42   59    1   1   1
   7163    2   42   59    1   1   1
   7164    3   42   59    1   1   1
   7165    1   43   59    1   1   1
   7166    2   43   59    1   1   1
   7167    0   44   59    1   1   1
   7168    1   44   59    1   1   1
   7169    2   44   59    1   1   1
   7170    3   44   59    1   1   1
   7171    0   45   59    1   1   1
   7172    1   45   59    1   1   1
   7173    2   45   59    1   1   1
   7174    3   45   59    1   1   1
   7175    1   46   59    1   1   1
   7176    2   46   59    1   1   1
   7177    1   47   59    1   1   1
   7178    2   47   59    1   1   1
   7179    1   48   59    1   1   1
   7180    2   48   59    1   1   1
   7181    1   49   59    1   1   1
   7182    2   49   59    1   1   1
   7183    1   50   59    1   1   1
   7184    2   50   59    1   1   1
   7185    1   51   59    1   1   1
   7186    2   51   59    1   1   1
   7187    1   52   59    1   1   1
   7188    2   52   59    1   1   1
   7189    1   53   59    1   1   1
   7190    2   53   59    1   1   1
   7191    1   54   59    1   1   1
   7192    2   54   59    1   1   1
   7193    1   55   59    1   1   1
   7194    2   55   59    1   1   1
   7195    1   56   59    1   1   1
   7196    2   56   59    1   1   1
   7197    1   57   59    1   1   1
   7198    2   57   59    1   1   1
   7199    0   58   59    1   1   1
   7200    1   58   59    1   1   1
   7201    2   58   59    1   1   1
   7202    3   58   59    1   1   1
   7203    0   59   59    1   1   1
   7204    1   59   59    1   1   1
   7205    2   59   59    1   1   1
   7206    3   59   59    1   1   1
   7207    0   60   59    1   1   1
   7208    1   60   59    1   1   1
   7209    2   60   59    1   1   1
   7210    3   60   59    1   1   1
   7211    1   61   59    1   1   1
   7212    2   61   59    1   1   1
   7213    1   62   59    1   1   1
   7214    2   62   59    1   1   1
   7215    1   63   59    1   1   1
   7216    2   63   59    1   1   1
   7217    1   64   59    1   1   1
   7218    2   64   59    1   1   1
   7219    0   65   59    1   1   1
   7220    1   65   59    1   1   1
   7221    2   65   59    1   1   1
   7222    3   65   59    1   1   1
   7223    0   66   59    1   1   1
   7224    1   66   59    1   1   1
   7225    2   66   59    1   1   1
   7226    3   66   59    1   1   1
   7227    0   67   59    1   1   1
   7228    1   67   59    1   1   1
   7229    2   67   59    1   1   1
   7230    3   67   59    1   1   1
   7231    0   68   59    1   1   1
   7232    1   68   59    1   1   1
   7233    2   68   59    1   1   1
   7234    3   68   59    1   1   1
   7235    0   69   59    1   1   1
   7236    1   69   59    1   1   1
   7237    2   69   59    1   1   1
   7238    3   69   59    1   1   1
   7239    0   70   59    1   1   1
   7240    1   70   59    1   1   1
   7241    2   70   59    1   1   1
   7242    3   70   59    1   1   1
   7243    0   71   59    1   1   1
   7244    1   71   59    1   1   1
   7245    2   71   59    1   1   1
   7246    3   71   59    1   1   1
   7247    0   72   59    1   1   1
   7248    1   72   59    1   1   1
   7249    2   72   59    1   1   1
   7250    3   72   59    1   1   1
   7251    0   73   59    1   1   1
   7252    3   73   59    1   1   1
   7253    0   74   59    1   1   1
   7254    3   74   59    1   1   1
   7255    0   75   59    1   1   1
   7256    1   75   59    1   1   1
   7257    2   75   59    1   1   1
   7258    3   75   59    1   1   1
   7259    0   76   59    1   1   1
   7260    1   76   59    1   1   1
   7261    2   76   59    1   1   1
   7262    3   76   59    1   1   1
   7263    0   77   59    1   1   1
   7264    1   77   59    1   1   1
   7265    2   77   59    1   1   1
   7266    3   77   59    1   1   1
   7267    0   13   60    1   1   1
   7268    1   13   60    1   1   1
   7269    2   13   60    1   1   1
   7270    3   13   60    1   1   1
   7271    0   14   60    1   1   1
   7272    1   14   60    1   1   1
   7273    2   14   60    1   1   1
   7274    3   14   60    1   1   1
   7275    0   15   60    1   1   1
   7276    1   15   60    1   1   1
   7277    2   15   60    1   1   1
   7278    3   15   60    1   1   1
   7279    1   16   60    1   1   1
   7280    2   16   60    1   1   1
   7281    0   17   60    1   1   1
   7282    3   17   60    1   1   1
   7283    0   18   60    1   1   1
   7284    1   18   60    1   1   1
   7285    2   18   60    1   1   1
   7286    3   18   60    1   1   1
   7287    0   19   60    1   1   1
   7288    1   19   60    1   1   1
   7289    2   19   60    1   1   1
   7290    3   19   60    1   1   1
   7291    0   20   60    1   1   1
   7292    1   20   60    1   1   1
   7293    2   20   60    1   1   1
   7294    3   20   60    1   1   1
   7295    0   21   60    1   1   1
   7296    1   21   60    1   1   1
   7297    2   21   60    1   1   1
   7298    3   21   60    1   1   1
   7299    0   22   60    1   1   1
   7300    1   22   60    1   1   1
   7301    2   22   60    1   1   1
   7302    3   22   60    1   1   1
   7303    1   23   60    1   1   1
   7304    2   23   60    1   1   1
   7305    1   24   60    1   1   1
   7306    2   24   60    1   1   1
   7307    1   25   60    1   1   1
   7308    2   25   60    1   1   1
   7309    1   26   60    1   1   1
   7310    2   26   60    1   1   1
   7311    0   27   60    1   1   1
   7312    1   27   60    1   1   1
   7313    2   27   60    1   1   1
   7314    3   27   60    1   1   1
   7315    0   28   60    1   1   1
   7316    1   28   60    1   1   1
   7317    2   28   60    1   1   1
   7318    3   28   60    1   1   1
   7319    0   29   60    1   1   1
   7320    1   29   60    1   1   1
   7321    2   29   60    1   1   1
   7322    3   29   60    1   1   1
   7323    1   30   60    1   1   1
   7324    2   30   60    1   1   1
   7325    1   31   60    1   1   1
   7326    2   31   60    1   1   1
   7327    1   32   60    1   1   1
   7328    2   32   60    1   1   1
   7329    1   33   60    1   1   1
   7330    2   33   60    1   1   1
   7331    1   34   60    1   1   1
   7332    2   34   60    1   1   1
   7333    0   35   60    1   1   1
   7334    1   35   60    1   1   1
   7335    2   35   60    1   1   1
   7336    3   35   60    1   1   1
   7337    1   36   60    1   1   1
   7338    2   36   60    1   1   1
   7339    1   37   60    1   1   1
   7340    2   37   60    1   1   1
   7341    1   38   60    1   1   1
   7342    2   38   60    1   1   1
   7343    1   40   60    1   1   1
   7344    2   40   60    1   1   1
   7345    1   41   60    1   1   1
   7346    2   41   60    1   1   1
   7347    1   42   60    1   1   1
   7348    2   42   60    1   1   1
   7349    1   43   60    1   1   1
   7350    2   43   60    1   1   1
   7351    0   44   60    1   1   1
   7352    1   44   60    1   1   1
   7353    2   44   60    1   1   1
   7354    3   44   60    1   1   1
   7355    0   45   60    1   1   1
   7356    1   45   60    1   1   1
   7357    2   45   60    1   1   1
   7358    3   45   60    1   1   1
   7359    1   46   60    1   1   1
   7360    2   46   60    1   1   1
   7361    1   47   60    1   1   1
   7362    2   47   60    1   1   1
   7363    1   48   60    1   1   1
   7364    2   48   60    1   1   1
   7365    1   49   60    1   1   1
   7366    2   49   60    1   1   1
   7367    1   51   60    1   1   1
   7368    2   51   60    1   1   1
   7369    1   52   60    1   1   1
   7370    2   52   60    1   1   1
   7371    0   53   60    1   1   1
   7372    1   53   60    1   1   1
   7373    2   53   60    1   1   1
   7374    3   53   60    1   1   1
   7375    0   54   60    1   1   1
   7376    1   54   60    1   1   1
   7377    2   54   60    1   1   1
   7378    3   54   60    1   1   1
   7379    1   55   60    1   1   1
   7380    2   55   60    1   1   1
   7381    1   56   60    1   1   1
   7382    2   56   60    1   1   1
   7383    1   57   60    1   1   1
   7384    2   57   60    1   1   1
   7385    1   58   60    1   1   1
   7386    2   58   60    1   1   1
   7387    1   59   60    1   1   1
   7388    2   59   60    1   1   1
   7389    0   60   60    1   1   1
   7390    1   60   60    1   1   1
   7391    2   60   60    1   1   1
   7392    3   60   60    1   1   1
   7393    0   61   60    1   1   1
   7394    1   61   60    1   1   1
   7395    2   61   60    1   1   1
   7396    3   61   60    1   1   1
   7397    0   62   60    1   1   1
   7398    1   62   60    1   1   1
   7399    2   62   60    1   1   1
   7400    3   62   60    1   1   1
   7401    1   63   60    1   1   1
   7402    2   63   60    1   1   1
   7403    1   64   60    1   1   1
   7404    2   64   60    1   1   1
   7405    1   65   60    1   1   1
   7406    2   65   60    1   1   1
   7407    0   66   60    1   1   1
   7408    1   66   60    1   1   1
   7409    2   66   60    1   1   1
   7410    3   66   60    1   1   1
   7411    0   67   60    1   1   1
   7412    1   67   60    1   1   1
   7413    2   67   60    1   1   1
   7414    3   67   60    1   1   1
   7415    0   68   60    1   1   1
   7416    1   68   60    1   1   1
   7417    2   68   60    1   1   1
   7418    3   68   60    1   1   1
   7419    0   69   60    1   1   1
   7420    1   69   60    1   1   1
   7421    2   69   60    1   1   1
   7422    3   69   60    1   1   1
   7423    0   70   60    1   1   1
   7424    1   70   60    1   1   1
   7425    2   70   60    1   1   1
   7426    3   70   60    1   1   1
   7427    0   71   60    1   1   1
   7428    1   71   60    1   1   1
   7429    2   71   60    1   1   1
   7430    3   71   60    1   1   1
   7431    0   72   60    1   1   1
   7432    3   72   60    1   1   1
   7433    0   73   60    1   1   1
   7434    1   73   60    1   1   1
   7435    2   73   60    1   1   1
   7436    3   73   60    1   1   1
   7437    0   74   60    1   1   1
   7438    1   74   60    1   1   1
   7439    2   74   60    1   1   1
   7440    3   74   60    1   1   1
   7441    0   75   60    1   1   1
   7442    1   75   60    1   1   1
   7443    2   75   60    1   1   1
   7444    3   75   60    1   1   1
   7445    0   76   60    1   1   1
   7446    1   76   60    1   1   1
   7447    2   76   60    1   1   1
   7448    3   76   60    1   1   1
   7449    0    9   61    1   1   1
   7450    1    9   61    1   1   1
   7451    2    9   61    1   1   1
   7452    3    9   61    1   1   1
   7453    0   10   61    1   1   1
   7454    1   10   61    1   1   1
   7455    2   10   61    1   1   1
   7456    3   10   61    1   1   1
   7457    0   12   61    1   1   1
   7458    1   12   61    1   1   1
   7459    2   12   61    1   1   1
   7460    3   12   61    1   1   1
   7461    0   13   61    1   1   1
   7462    1   13   61    1   1   1
   7463    2   13   61    1   1   1
   7464    3   13   61    1   1   1
   7465    0   15   61    1   1   1
   7466    1   15   61    1   1   1
   7467    2   15   61    1   1   1
   7468    3   15   61    1   1   1
   7469    0   16   61    1   1   1
   7470    1   16   61    1   1   1
   7471    2   16   61    1   1   1
   7472    3   16   61    1   1   1
   7473    0   17   61    1   1   1
   7474    1   17   61    1   1   1
   7475    2   17   61    1   1   1
   7476    3   17   61    1   1   1
   7477    0   18   61    1   1   1
   7478    1   18   61    1   1   1
   7479    2   18   61    1   1   1
   7480    3   18   61    1   1   1
   7481    1   19   61    1   1   1
   7482    2   19   61    1   1   1
   7483    1   20   61    1   1   1
   7484    2   20   61    1   1   1
   7485    1   21   61    1   1   1
   7486    2   21   61    1   1   1
   7487    1   22   61    1   1   1
   7488    2   22   61    1   1   1
   7489    1   23   61    1   1   1
   7490    2   23   61    1   1   1
   7491    1   24   61    1   1   1
   7492    2   24   61    1   1   1
   7493    0   25   61    1   1   1
   7494    1   25   61    1   1   1
   7495    2   25   61    1   1   1
   7496    3   25   61    1   1   1
   7497    0   26   61    1   1   1
   7498    1   26   61    1   1   1
   7499    2   26   61    1   1   1
   7500    3   26   61    1   1   1
   7501    0   27   61    1   1   1
   7502    1   27   61    1   1   1
   7503    2   27   61    1   1   1
   7504    3   27   61    1   1   1
   7505    1   28   61    1   1   1
   7506    2   28   61    1   1   1
   7507    1   29   61    1   1   1
   7508    2   29   61    1   1   1
   7509    1   30   61    1   1   1
   7510    2   30   61    1   1   1
   7511    1   31   61    1   1   1
   7512    2   31   61    1   1   1
   7513    1   32   61    1   1   1
   7514    2   32   61    1   1   1
   7515    0   33   61    1   1   1
   7516    1   33   61    1   1   1
   7517    2   33   61    1   1   1
   7518    3   33   61    1   1   1
   7519    0   34   61    1   1   1
   7520    1   34   61    1   1   1
   7521    2   34   61    1   1   1
   7522    3   34   61    1   1   1
   7523    0   35   61    1   1   1
   7524    1   35   61    1   1   1
   7525    2   35   61    1   1   1
   7526    3   35   61    1   1   1
   7527    0   36   61    1   1   1
   7528    1   36   61    1   1   1
   7529    2   36   61    1   1   1
   7530    3   36   61    1   1   1
   7531    0   37   61    1   1   1
   7532    1   37   61    1   1   1
   7533    2   37   61    1   1   1
   7534    3   37   61    1   1   1
   7535    1   39   61    1   1   1
   7536    2   39   61    1   1   1
   7537    1   40   61    1   1   1
   7538    2   40   61    1   1   1
   7539    1   41   61    1   1   1
   7540    2   41   61    1   1   1
   7541    1   42   61    1   1   1
   7542    2   42   61    1   1   1
   7543    1   43   61    1   1   1
   7544    2   43   61    1   1   1
   7545    0   44   61    1   1   1
   7546    1   44   61    1   1   1
   7547    2   44   61    1   1   1
   7548    3   44   61    1   1   1
   7549    0   45   61    1   1   1
   7550    1   45   61    1   1   1
   7551    2   45   61    1   1   1
   7552    3   45   61    1   1   1
   7553    1   46   61    1   1   1
   7554    2   46   61    1   1   1
   7555    1   47   61    1   1   1
   7556    2   47   61    1   1   1
   7557    1   48   61    1   1   1
   7558    2   48   61    1   1   1
   7559    1   49   61    1   1   1
   7560    2   49   61    1   1   1
   7561    1   50   61    1   1   1
   7562    2   50   61    1   1   1
   7563    1   51   61    1   1   1
   7564    2   51   61    1   1   1
   7565    0   52   61    1   1   1
   7566    1   52   61    1   1   1
   7567    2   52   61    1   1   1
   7568    3   52   61    1   1   1
   7569    0   53   61    1   1   1
   7570    1   53   61    1   1   1
   7571    2   53   61    1   1   1
   7572    3   53   61    1   1   1
   7573    0   54   61    1   1   1
   7574    1   54   61    1   1   1
   7575    2   54   61    1   1   1
   7576    3   54   61    1   1   1
   7577    0   55   61    1   1   1
   7578    1   55   61    1   1   1
   7579    2   55   61    1   1   1
   7580    3   55   61    1   1   1
   7581    0   56   61    1   1   1
   7582    1   56   61    1   1   1
   7583    2   56   61    1   1   1
   7584    3   56   61    1   1   1
   7585    1   57   61    1   1   1
   7586    2   57   61    1   1   1
   7587    1   58   61    1   1   1
   7588    2   58   61    1   1   1
   7589    1   59   61    1   1   1
   7590    2   59   61    1   1   1
   7591    1   60   61    1   1   1
   7592    2   60   61    1   1   1
   7593    1   61   61    1   1   1
   7594    2   61   61    1   1   1
   7595    0   62   61    1   1   1
   7596    1   62   61    1   1   1
   7597    2   62   61    1   1   1
   7598    3   62   61    1   1   1
   7599    0   63   61    1   1   1
   7600    1   63   61    1   1   1
   7601    2   63   61    1   1   1
   7602    3   63   61    1   1   1
   7603    0   64   61    1   1   1
   7604    1   64   61    1   1   1
   7605    2   64   61    1   1   1
   7606    3   64   61    1   1   1
   7607    1   65   61    1   1   1
   7608    2   65   61    1   1   1
   7609    1   66   61    1   1   1
   7610    2   66   61    1   1   1
   7611    1   67   61    1   1   1
   7612    2   67   61    1   1   1
   7613    1   68   61    1   1   1
   7614    2   68   61    1   1   1
   7615    1   69   61    1   1   1
   7616    2   69   61    1   1   1
   7617    0   70   61    1   1   1
   7618    1   70   61    1   1   1
   7619    2   70   61    1   1   1
   7620    3   70   61    1   1   1
   7621    0   71   61    1   1   1
   7622    1   71   61    1   1   1
   7623    2   71   61    1   1   1
   7624    3   71   61    1   1   1
   7625    0   72   61    1   1   1
   7626    1   72   61    1   1   1
   7627    2   72   61    1   1   1
   7628    3   72   61    1   1   1
   7629    0   73   61    1   1   1
   7630    1   73   61    1   1   1
   7631    2   73   61    1   1   1
   7632    3   73   61    1   1   1
   7633    0   74   61    1   1   1
   7634    1   74   61    1   1   1
   7635    2   74   61    1   1   1
   7636    3   74   61    1   1   1
   7637    0   76   61    1   1   1
   7638    1   76   61    1   1   1
   7639    2   76   61    1   1   1
   7640    3   76   61    1   1   1
   7641    0   79   61    1   1   1
   7642    1   79   61    1   1   1
   7643    2   79   61    1   1   1
   7644    3   79   61    1   1   1
   7645    0    9   62    1   1   1
   7646    1    9   62    1   1   1
   7647    2    9   62    1   1   1
   7648    3    9   62    1   1   1
   7649    0   10   62    1   1   1
   7650    1   10   62    1   1   1
   7651    2   10   62    1   1   1
   7652    3   10   62    1   1   1
   7653    0   11   62    1   1   1
   7654    1   11   62    1   1   1
   7655    2   11   62    1   1   1
   7656    3   11   62    1   1   1
   7657    0   12   62    1   1   1
   7658    3   12   62    1   1   1
   7659    0   13   62    1   1   1
   7660    1   13   62    1   1   1
   7661    2   13   62    1   1   1
   7662    3   13   62    1   1   1
   7663    0   14   62    1   1   1
   7664    1   14   62    1   1   1
   7665    2   14   62    1   1   1
   7666    3   14   62    1   1   1
   7667    1   15   62    1   1   1
   7668    2   15   62    1   1   1
   7669    1   16   62    1   1   1
   7670    2   16   62    1   1   1
   7671    1   17   62    1   1   1
   7672    2   17   62    1   1   1
   7673    1   18   62    1   1   1
   7674    2   18   62    1   1   1
   7675    1   19   62    1   1   1
   7676    2   19   62    1   1   1
   7677    1   20   62    1   1   1
   7678    2   20   62    1   1   1
   7679    1   21   62    1   1   1
   7680    2   21   62    1   1   1
   7681    1   22   62    1   1   1
   7682    2   22   62    1   1   1
   7683    0   23   62    1   1   1
   7684    1   23   62    1   1   1
   7685    2   23   62    1   1   1
   7686    3   23   62    1   1   1
   7687    0   24   62    1   1   1
   7688    1   24   62    1   1   1
   7689    2   24   62    1   1   1
   7690    3   24   62    1   1   1
   7691    0   25   62    1   1   1
   7692    1   25   62    1   1   1
   7693    2   25   62    1   1   1
   7694    3   25   62    1   1   1
   7695    1   26   62    1   1   1
   7696    2   26   62    1   1   1
   7697    1   27   62    1   1   1
   7698    2   27   62    1   1   1
   7699    1   28   62    1   1   1
   7700    2   28   62    1   1   1
   7701    1   29   62    1   1   1
   7702    2   29   62    1   1   1
   7703    0   30   62    1   1   1
   7704    1   30   62    1   1   1
   7705    2   30   62    1   1   1
   7706    3   30   62    1   1   1
   7707    0   31   62    1   1   1
   7708    1   31   62    1   1   1
   7709    2   31   62    1   1   1
   7710    3   31   62    1   1   1
   7711    0   32   62    1   1   1
   7712    1   32   62    1   1   1
   7713    2   32   62    1   1   1
   7714    3   32   62    1   1   1
   7715    0   33   62    1   1   1
   7716    1   33   62    1   1   1
   7717    2   33   62    1   1   1
   7718    3   33   62    1   1   1
   7719    0   34   62    1   1   1
   7720    1   34   62    1   1   1
   7721    2   34   62    1   1   1
   7722    3   34   62    1   1   1
   7723    0   35   62    1   1   1
   7724    1   35   62    1   1   1
   7725    2   35   62    1   1   1
   7726    3   35   62    1   1   1
   7727    0   37   62    1   1   1
   7728    1   37   62    1   1   1
   7729    2   37   62    1   1   1
   7730    3   37   62    1   1   1
   7731    1   39   62    1   1   1
   7732    2   39   62    1   1   1
   7733    1   40   62    1   1   1
   7734    2   40   62    1   1   1
   7735    1   41   62    1   1   1
   7736    2   41   62    1   1   1
   7737    1   42   62    1   1   1
   7738    2   42   62    1   1   1
   7739    1   43   62    1   1   1
   7740    2   43   62    1   1   1
   7741    0   44   62    1   1   1
   7742    1   44   62    1   1   1
   7743    2   44   62    1   1   1
   7744    3   44   62    1   1   1
   7745    0   45   62    1   1   1
   7746    1   45   62    1   1   1
   7747    2   45   62    1   1   1
   7748    3   45   62    1   1   1
   7749    1   46   62    1   1   1
   7750    2   46   62    1   1   1
   7751    1   47   62    1   1   1
   7752    2   47   62    1   1   1
   7753    1   48   62    1   1   1
   7754    2   48   62    1   1   1
   7755    0   49   62    1   1   1
   7756    1   49   62    1   1   1
   7757    2   49   62    1   1   1
   7758    3   49   62    1   1   1
   7759    0   50   62    1   1   1
   7760    1   50   62    1   1   1
   7761    2   50   62    1   1   1
   7762    3   50   62    1   1   1
   7763    0   52   62    1   1   1
   7764    1   52   62    1   1   1
   7765    2   52   62    1   1   1
   7766    3   52   62    1   1   1
   7767    0   54   62    1   1   1
   7768    1   54   62    1   1   1
   7769    2   54   62    1   1   1
   7770    3   54   62    1   1   1
   7771    0   55   62    1   1   1
   7772    1   55   62    1   1   1
   7773    2   55   62    1   1   1
   7774    3   55   62    1   1   1
   7775    0   56   62    1   1   1
   7776    1   56   62    1   1   1
   7777    2   56   62    1   1   1
   7778    3   56   62    1   1   1
   7779    0   57   62    1   1   1
   7780    1   57   62    1   1   1
   7781    2   57   62    1   1   1
   7782    3   57   62    1   1   1
   7783    0   58   62    1   1   1
   7784    1   58   62    1   1   1
   7785    2   58   62    1   1   1
   7786    3   58   62    1   1   1
   7787    0   59   62    1   1   1
   7788    1   59   62    1   1   1
   7789    2   59   62    1   1   1
   7790    3   59   62    1   1   1
   7791    1   60   62    1   1   1
   7792    2   60   62    1   1   1
   7793    1   61   62    1   1   1
   7794    2   61   62    1   1   1
   7795    1   62   62    1   1   1
   7796    2   62   62    1   1   1
   7797    1   63   62    1   1   1
   7798    2   63   62    1   1   1
   7799    0   64   62    1   1   1
   7800    1   64   62    1   1   1
   7801    2   64   62    1   1   1
   7802    3   64   62    1   1   1
   7803    0   65   62    1   1   1
   7804    1   65   62    1   1   1
   7805    2   65   62    1   1   1
   7806    3   65   62    1   1   1
   7807    1   66   62    1   1   1
   7808    2   66   62    1   1   1
   7809    1   67   62    1   1   1
   7810    2   67   62    1   1   1
   7811    1   68   62    1   1   1
   7812    2   68   62    1   1   1
   7813    1   69   62    1   1   1
   7814    2   69   62    1   1   1
   7815    1   70   62    1   1   1
   7816    2   70   62    1   1   1
   7817    1   71   62    1   1   1
   7818    2   71   62    1   1   1
   7819    1   72   62    1   1   1
   7820    2   72   62    1   1   1
   7821    1   73   62    1   1   1
   7822    2   73   62    1   1   1
   7823    0   74   62    1   1   1
   7824    1   74   62    1   1   1
   7825    2   74   62    1   1   1
   7826    3   74   62    1   1   1
   7827    0   75   62    1   1   1
   7828    1   75   62    1   1   1
   7829    2   75   62    1   1   1
   7830    3   75   62    1   1   1
   7831    0   76   62    1   1   1
   7832    1   76   62    1   1   1
   7833    2   76   62    1   1   1
   7834    3   76   62    1   1   1
   7835    0   77   62    1   1   1
   7836    1   77   62    1   1   1
   7837    2   77   62    1   1   1
   7838    3   77   62    1   1   1
   7839    0   78   62    1   1   1
   7840    1   78   62    1   1   1
   7841    2   78   62    1   1   1
   7842    3   78   62    1   1   1
   7843    0   79   62    1   1   1
   7844    1   79   62    1   1   1
   7845    2   79   62    1   1   1
   7846    3   79   62    1   1   1
   7847    0   80   62    1   1   1
   7848    1   80   62    1   1   1
   7849    2   80   62    1   1   1
   7850    3   80   62    1   1   1
   7851    0    6   63    1   1   1
   7852    1    6   63    1   1   1
   7853    2    6   63    1   1   1
   7854    3    6   63    1   1   1
   7855    0    7   63    1   1   1
   7856    1    7   63    1   1   1
   7857    2    7   63    1   1   1
   7858    3    7   63    1   1   1
   7859    0    8   63    1   1   1
   7860    3    8   63    1   1   1
   7861    0    9   63    1   1   1
   7862    3    9   63    1   1   1
   7863    0   10   63    1   1   1
   7864    1   10   63    1   1   1
   7865    2   10   63    1   1   1
   7866    3   10   63    1   1   1
   7867    0   11   63    1   1   1
   7868    1   11   63    1   1   1
   7869    2   11   63    1   1   1
   7870    3   11   63    1   1   1
   7871    0   12   63    1   1   1
   7872    1   12   63    1   1   1
   7873    2   12   63    1   1   1
   7874    3   12   63    1   1   1
   7875    1   13   63    1   1   1
   7876    2   13   63    1   1   1
   7877    1   14   63    1   1   1
   7878    2   14   63    1   1   1
   7879    1   15   63    1   1   1
   7880    2   15   63    1   1   1
   7881    1   16   63    1   1   1
   7882    2   16   63    1   1   1
   7883    1   17   63    1   1   1
   7884    2   17   63    1   1   1
   7885    1   18   63    1   1   1
   7886    2   18   63    1   1   1
   7887    1   19   63    1   1   1
   7888    2   19   63    1   1   1
   7889    1   20   63    1   1   1
   7890    2   20   63    1   1   1
   7891    1   21   63    1   1   1
   7892    2   21   63    1   1   1
   7893    0   22   63    1   1   1
   7894    1   22   63    1   1   1
   7895    2   22   63    1   1   1
   7896    3   22   63    1   1   1
   7897    0   23   63    1   1   1
   7898    1   23   63    1   1   1
   7899    2   23   63    1   1   1
   7900    3   23   63    1   1   1
   7901    0   24   63    1   1   1
   7902    1   24   63    1   1   1
   7903    2   24   63    1   1   1
   7904    3   24   63    1   1   1
   7905    1   25   63    1   1   1
   7906    2   25   63    1   1   1
   7907    1   26   63    1   1   1
   7908    2   26   63    1   1   1
   7909    1   27   63    1   1   1
   7910    2   27   63    1   1   1
   7911    0   28   63    1   1   1
   7912    1   28   63    1   1   1
   7913    2   28   63    1   1   1
   7914    3   28   63    1   1   1
   7915    0   29   63    1   1   1
   7916    1   29   63    1   1   1
   7917    2   29   63    1   1   1
   7918    3   29   63    1   1   1
   7919    0   30   63    1   1   1
   7920    1   30   63    1   1   1
   7921    2   30   63    1   1   1
   7922    3   30   63    1   1   1
   7923    0   31   63    1   1   1
   7924    1   31   63    1   1   1
   7925    2   31   63    1   1   1
   7926    3   31   63    1   1   1
   7927    0   32   63    1   1   1
   7928    1   32   63    1   1   1
   7929    2   32   63    1   1   1
   7930    3   32   63    1   1   1
   7931    0   33   63    1   1   1
   7932    1   33   63    1   1   1
   7933    2   33   63    1   1   1
   7934    3   33   63    1   1   1
   7935    0   34   63    1   1   1
   7936    1   34   63    1   1   1
   7937    2   34   63    1   1   1
   7938    3   34   63    1   1   1
   7939    0   35   63    1   1   1
   7940    1   35   63    1   1   1
   7941    2   35   63    1   1   1
   7942    3   35   63    1   1   1
   7943    1   39   63    1   1   1
   7944    2   39   63    1   1   1
   7945    1   40   63    1   1   1
   7946    2   40   63    1   1   1
   7947    1   41   63    1   1   1
   7948    2   41   63    1   1   1
   7949    1   42   63    1   1   1
   7950    2   42   63    1   1   1
   7951    1   43   63    1   1   1
   7952    2   43   63    1   1   1
   7953    0   44   63    1   1   1
   7954    1   44   63    1   1   1
   7955    2   44   63    1   1   1
   7956    3   44   63    1   1   1
   7957    0   45   63    1   1   1
   7958    1   45   63    1   1   1
   7959    2   45   63    1   1   1
   7960    3   45   63    1   1   1
   7961    1   46   63    1   1   1
   7962    2   46   63    1   1   1
   7963    1   47   63    1   1   1
   7964    2   47   63    1   1   1
   7965    1   48   63    1   1   1
   7966    2   48   63    1   1   1
   7967    0   49   63    1   1   1
   7968    1   49   63    1   1   1
   7969    2   49   63    1   1   1
   7970    3   49   63    1   1   1
   7971    0   50   63    1   1   1
   7972    1   50   63    1   1   1
   7973    2   50   63    1   1   1
   7974    3   50   63    1   1   1
   7975    0   54   63    1   1   1
   7976    1   54   63    1   1   1
   7977    2   54   63    1   1   1
   7978    3   54   63    1   1   1
   7979    0   55   63    1   1   1
   7980    1   55   63    1   1   1
   7981    2   55   63    1   1   1
   7982    3   55   63    1   1   1
   7983    0   56   63    1   1   1
   7984    1   56   63    1   1   1
   7985    2   56   63    1   1   1
   7986    3   56   63    1   1   1
   7987    0   57   63    1   1   1
   7988    1   57   63    1   1   1
   7989    2   57   63    1   1   1
   7990    3   57   63    1   1   1
   7991    0   58   63    1   1   1
   7992    1   58   63    1   1   1
   7993    2   58   63    1   1   1
   7994    3   58   63    1   1   1
   7995    0   59   63    1   1   1
   7996    1   59   63    1   1   1
   7997    2   59   63    1   1   1
   7998    3   59   63    1   1   1
   7999    0   60   63    1   1   1
   8000    1   60   63    1   1   1
   8001    2   60   63    1   1   1
   8002    3   60   63    1   1   1
   8003    0   61   63    1   1   1
   8004    1   61   63    1   1   1
   8005    2   61   63    1   1   1
   8006    3   61   63    1   1   1
   8007    1   62   63    1   1   1
   8008    2   62   63    1   1   1
   8009    1   63   63    1   1   1
   8010    2   63   63    1   1   1
   8011    1   64   63    1   1   1
   8012    2   64   63    1   1   1
   8013    0   65   63    1   1   1
   8014    1   65   63    1   1   1
   8015    2   65   63    1   1   1
   8016    3   65   63    1   1   1
   8017    0   66   63    1   1   1
   8018    1   66   63    1   1   1
   8019    2   66   63    1   1   1
   8020    3   66   63    1   1   1
   8021    0   67   63    1   1   1
   8022    1   67   63    1   1   1
   8023    2   67   63    1   1   1
   8024    3   67   63    1   1   1
   8025    1   68   63    1   1   1
   8026    2   68   63    1   1   1
   8027    1   69   63    1   1   1
   8028    2   69   63    1   1   1
   8029    1   70   63    1   1   1
   8030    2   70   63    1   1   1
   8031    1   71   63    1   1   1
   8032    2   71   63    1   1   1
   8033    1   72   63    1   1   1
   8034    2   72   63    1   1   1
   8035    1   73   63    1   1   1
   8036    2   73   63    1   1   1
   8037    1   74   63    1   1   1
   8038    2   74   63    1   1   1
   8039    1   75   63    1   1   1
   8040    2   75   63    1   1   1
   8041    0   76   63    1   1   1
   8042    1   76   63    1   1   1
   8043    2   76   63    1   1   1
   8044    3   76   63    1   1   1
   8045    0   77   63    1   1   1
   8046    1   77   63    1   1   1
   8047    2   77   63    1   1   1
   8048    3   77   63    1   1   1
   8049    0   78   63    1   1   1
   8050    1   78   63    1   1   1
   8051    2   78   63    1   1   1
   8052    3   78   63    1   1   1
   8053    0   79   63    1   1   1
   8054    3   79   63    1   1   1
   8055    1   81   63    1   1   1
   8056    2   81   63    1   1   1
   8057    1   82   63    1   1   1
   8058    2   82   63    1   1   1
   8059    1   83   63    1   1   1
   8060    2   83   63    1   1   1
   8061    0    6   64    1   1   1
   8062    3    6   64    1   1   1
   8063    0    7   64    1   1   1
   8064    1    7   64    1   1   1
   8065    2    7   64    1   1   1
   8066    3    7   64    1   1   1
   8067    0    8   64    1   1   1
   8068    1    8   64    1   1   1
   8069    2    8   64    1   1   1
   8070    3    8   64    1   1   1
   8071    0    9   64    1   1   1
   8072    1    9   64    1   1   1
   8073    2    9   64    1   1   1
   8074    3    9   64    1   1   1
   8075    1   11   64    1   1   1
   8076    2   11   64    1   1   1
   8077    1   12   64    1   1   1
   8078    2   12   64    1   1   1
   8079    1   13   64    1   1   1
   8080    2   13   64    1   1   1
   8081    1   14   64    1   1   1
   8082    2   14   64    1   1   1
   8083    1   15   64    1   1   1
   8084    2   15   64    1   1   1
   8085    1   16   64    1   1   1
   8086    2   16   64    1   1   1
   8087    1   17   64    1   1   1
   8088    2   17   64    1   1   1
   8089    1   18   64    1   1   1
   8090    2   18   64    1   1   1
   8091    1   19   64    1   1   1
   8092    2   19   64    1   1   1
   8093    0   20   64    1   1   1
   8094    1   20   64    1   1   1
   8095    2   20   64    1   1   1
   8096    3   20   64    1   1   1
   8097    0   21   64    1   1   1
   8098    1   21   64    1   1   1
   8099    2   21   64    1   1   1
   8100    3   21   64    1   1   1
   8101    0   22   64    1   1   1
   8102    1   22   64    1   1   1
   8103    2   22   64    1   1   1
   8104    3   22   64    1   1   1
   8105    1   23   64    1   1   1
   8106    2   23   64    1   1   1
   8107    1   24   64    1   1   1
   8108    2   24   64    1   1   1
   8109    1   25   64    1   1   1
   8110    2   25   64    1   1   1
   8111    0   26   64    1   1   1
   8112    1   26   64    1   1   1
   8113    2   26   64    1   1   1
   8114    3   26   64    1   1   1
   8115    0   27   64    1   1   1
   8116    1   27   64    1   1   1
   8117    2   27   64    1   1   1
   8118    3   27   64    1   1   1
   8119    0   28   64    1   1   1
   8120    1   28   64    1   1   1
   8121    2   28   64    1   1   1
   8122    3   28   64    1   1   1
   8123    0   29   64    1   1   1
   8124    1   29   64    1   1   1
   8125    2   29   64    1   1   1
   8126    3   29   64    1   1   1
   8127    0   30   64    1   1   1
   8128    1   30   64    1   1   1
   8129    2   30   64    1   1   1
   8130    3   30   64    1   1   1
   8131    0   31   64    1   1   1
   8132    1   31   64    1   1   1
   8133    2   31   64    1   1   1
   8134    3   31   64    1   1   1
   8135    0   32   64    1   1   1
   8136    1   32   64    1   1   1
   8137    2   32   64    1   1   1
   8138    3   32   64    1   1   1
   8139    0   33   64    1   1   1
   8140    1   33   64    1   1   1
   8141    2   33   64    1   1   1
   8142    3   33   64    1   1   1
   8143    0   34   64    1   1   1
   8144    1   34   64    1   1   1
   8145    2   34   64    1   1   1
   8146    3   34   64    1   1   1
   8147    0   35   64    1   1   1
   8148    1   35   64    1   1   1
   8149    2   35   64    1   1   1
   8150    3   35   64    1   1   1
   8151    0   39   64    1   1   1
   8152    1   39   64    1   1   1
   8153    2   39   64    1   1   1
   8154    3   39   64    1   1   1
   8155    0   40   64    1   1   1
   8156    1   40   64    1   1   1
   8157    2   40   64    1   1   1
   8158    3   40   64    1   1   1
   8159    0   41   64    1   1   1
   8160    1   41   64    1   1   1
   8161    2   41   64    1   1   1
   8162    3   41   64    1   1   1
   8163    1   42   64    1   1   1
   8164    2   42   64    1   1   1
   8165    1   43   64    1   1   1
   8166    2   43   64    1   1   1
   8167    0   44   64    1   1   1
   8168    1   44   64    1   1   1
   8169    2   44   64    1   1   1
   8170    3   44   64    1   1   1
   8171    1   45   64    1   1   1
   8172    2   45   64    1   1   1
   8173    1   46   64    1   1   1
   8174    2   46   64    1   1   1
   8175    1   47   64    1   1   1
   8176    2   47   64    1   1   1
   8177    0   48   64    1   1   1
   8178    1   48   64    1   1   1
   8179    2   48   64    1   1   1
   8180    3   48   64    1   1   1
   8181    0   49   64    1   1   1
   8182    1   49   64    1   1   1
   8183    2   49   64    1   1   1
   8184    3   49   64    1   1   1
   8185    0   50   64    1   1   1
   8186    1   50   64    1   1   1
   8187    2   50   64    1   1   1
   8188    3   50   64    1   1   1
   8189    0   54   64    1   1   1
   8190    1   54   64    1   1   1
   8191    2   54   64    1   1   1
   8192    3   54   64    1   1   1
   8193    0   55   64    1   1   1
   8194    1   55   64    1   1   1
   8195    2   55   64    1   1   1
   8196    3   55   64    1   1   1
   8197    0   56   64    1   1   1
   8198    1   56   64    1   1   1
   8199    2   56   64    1   1   1
   8200    3   56   64    1   1   1
   8201    0   57   64    1   1   1
   8202    1   57   64    1   1   1
   8203    2   57   64    1   1   1
   8204    3   57   64    1   1   1
   8205    0   58   64    1   1   1
   8206    1   58   64    1   1   1
   8207    2   58   64    1   1   1
   8208    3   58   64    1   1   1
   8209    0   59   64    1   1   1
   8210    1   59   64    1   1   1
   8211    2   59   64    1   1   1
   8212    3   59   64    1   1   1
   8213    0   60   64    1   1   1
   8214    1   60   64    1   1   1
   8215    2   60   64    1   1   1
   8216    3   60   64    1   1   1
   8217    0   61   64    1   1   1
   8218    1   61   64    1   1   1
   8219    2   61   64    1   1   1
   8220    3   61   64    1   1   1
   8221    0   62   64    1   1   1
   8222    1   62   64    1   1   1
   8223    2   62   64    1   1   1
   8224    3   62   64    1   1   1
   8225    0   63   64    1   1   1
   8226    1   63   64    1   1   1
   8227    2   63   64    1   1   1
   8228    3   63   64    1   1   1
   8229    1   64   64    1   1   1
   8230    2   64   64    1   1   1
   8231    1   65   64    1   1   1
   8232    2   65   64    1   1   1
   8233    1   66   64    1   1   1
   8234    2   66   64    1   1   1
   8235    0   67   64    1   1   1
   8236    1   67   64    1   1   1
   8237    2   67   64    1   1   1
   8238    3   67   64    1   1   1
   8239    0   68   64    1   1   1
   8240    1   68   64    1   1   1
   8241    2   68   64    1   1   1
   8242    3   68   64    1   1   1
   8243    0   69   64    1   1   1
   8244    1   69   64    1   1   1
   8245    2   69   64    1   1   1
   8246    3   69   64    1   1   1
   8247    1   70   64    1   1   1
   8248    2   70   64    1   1   1
   8249    1   71   64    1   1   1
   8250    2   71   64    1   1   1
   8251    1   72   64    1   1   1
   8252    2   72   64    1   1   1
   8253    1   73   64    1   1   1
   8254    2   73   64    1   1   1
   8255    1   74   64    1   1   1
   8256    2   74   64    1   1   1
   8257    1   75   64    1   1   1
   8258    2   75   64    1   1   1
   8259    1   76   64    1   1   1
   8260    2   76   64    1   1   1
   8261    1   77   64    1   1   1
   8262    2   77   64    1   1   1
   8263    1   78   64    1   1   1
   8264    2   78   64    1   1   1
   8265    1   79   64    1   1   1
   8266    2   79   64    1   1   1
   8267    1   80   64    1   1   1
   8268    2   80   64    1   1   1
   8269    1   81   64    1   1   1
   8270    2   81   64    1   1   1
   8271    1   82   64    1   1   1
   8272    2   82   64    1   1   1
   8273    1    3   65    1   1   1
   8274    2    3   65    1   1   1
   8275    1    4   65    1   1   1
   8276    2    4   65    1   1   1
   8277    0    8   65    1   1   1
   8278    1    8   65    1   1   1
   8279    2    8   65    1   1   1
   8280    3    8   65    1   1   1
   8281    0    9   65    1   1   1
   8282    1    9   65    1   1   1
   8283    2    9   65    1   1   1
   8284    3    9   65    1   1   1
   8285    0   10   65    1   1   1
   8286    1   10   65    1   1   1
   8287    2   10   65    1   1   1
   8288    3   10   65    1   1   1
   8289    1   11   65    1   1   1
   8290    2   11   65    1   1   1
   8291    1   12   65    1   1   1
   8292    2   12   65    1   1   1
   8293    1   13   65    1   1   1
   8294    2   13   65    1   1   1
   8295    1   14   65    1   1   1
   8296    2   14   65    1   1   1
   8297    1   15   65    1   1   1
   8298    2   15   65    1   1   1
   8299    1   16   65    1   1   1
   8300    2   16   65    1   1   1
   8301    1   17   65    1   1   1
   8302    2   17   65    1   1   1
   8303    0   18   65    1   1   1
   8304    1   18   65    1   1   1
   8305    2   18   65    1   1   1
   8306    3   18   65    1   1   1
   8307    0   19   65    1   1   1
   8308    1   19   65    1   1   1
   8309    2   19   65    1   1   1
   8310    3   19   65    1   1   1
   8311    0   20   65    1   1   1
   8312    1   20   65    1   1   1
   8313    2   20   65    1   1   1
   8314    3   20   65    1   1   1
   8315    1   21   65    1   1   1
   8316    2   21   65    1   1   1
   8317    1   22   65    1   1   1
   8318    2   22   65    1   1   1
   8319    1   23   65    1   1   1
   8320    2   23   65    1   1   1
   8321    1   24   65    1   1   1
   8322    2   24   65    1   1   1
   8323    0   25   65    1   1   1
   8324    1   25   65    1   1   1
   8325    2   25   65    1   1   1
   8326    3   25   65    1   1   1
   8327    0   26   65    1   1   1
   8328    1   26   65    1   1   1
   8329    2   26   65    1   1   1
   8330    3   26   65    1   1   1
   8331    0   27   65    1   1   1
   8332    1   27   65    1   1   1
   8333    2   27   65    1   1   1
   8334    3   27   65    1   1   1
   8335    0   28   65    1   1   1
   8336    1   28   65    1   1   1
   8337    2   28   65    1   1   1
   8338    3   28   65    1   1   1
   8339    0   29   65    1   1   1
   8340    1   29   65    1   1   1
   8341    2   29   65    1   1   1
   8342    3   29   65    1   1   1
   8343    0   30   65    1   1   1
   8344    1   30   65    1   1   1
   8345    2   30   65    1   1   1
   8346    3   30   65    1   1   1
   8347    0   31   65    1   1   1
   8348    1   31   65    1   1   1
   8349    2   31   65    1   1   1
   8350    3   31   65    1   1   1
   8351    0   32   65    1   1   1
   8352    3   32   65    1   1   1
   8353    0   33   65    1   1   1
   8354    1   33   65    1   1   1
   8355    2   33   65    1   1   1
   8356    3   33   65    1   1   1
   8357    0   34   65    1   1   1
   8358    1   34   65    1   1   1
   8359    2   34   65    1   1   1
   8360    3   34   65    1   1   1
   8361    0   35   65    1   1   1
   8362    3   35   65    1   1   1
   8363    0   38   65    1   1   1
   8364    1   38   65    1   1   1
   8365    2   38   65    1   1   1
   8366    3   38   65    1   1   1
   8367    0   39   65    1   1   1
   8368    1   39   65    1   1   1
   8369    2   39   65    1   1   1
   8370    3   39   65    1   1   1
   8371    0   40   65    1   1   1
   8372    1   40   65    1   1   1
   8373    2   40   65    1   1   1
   8374    3   40   65    1   1   1
   8375    0   41   65    1   1   1
   8376    1   41   65    1   1   1
   8377    2   41   65    1   1   1
   8378    3   41   65    1   1   1
   8379    1   42   65    1   1   1
   8380    2   42   65    1   1   1
   8381    1   43   65    1   1   1
   8382    2   43   65    1   1   1
   8383    0   44   65    1   1   1
   8384    1   44   65    1   1   1
   8385    2   44   65    1   1   1
   8386    3   44   65    1   1   1
   8387    1   45   65    1   1   1
   8388    2   45   65    1   1   1
   8389    1   46   65    1   1   1
   8390    2   46   65    1   1   1
   8391    1   47   65    1   1   1
   8392    2   47   65    1   1   1
   8393    0   48   65    1   1   1
   8394    1   48   65    1   1   1
   8395    2   48   65    1   1   1
   8396    3   48   65    1   1   1
   8397    0   49   65    1   1   1
   8398    1   49   65    1   1   1
   8399    2   49   65    1   1   1
   8400    3   49   65    1   1   1
   8401    0   50   65    1   1   1
   8402    1   50   65    1   1   1
   8403    2   50   65    1   1   1
   8404    3   50   65    1   1   1
   8405    0   51   65    1   1   1
   8406    1   51   65    1   1   1
   8407    2   51   65    1   1   1
   8408    3   51   65    1   1   1
   8409    0   54   65    1   1   1
   8410    3   54   65    1   1   1
   8411    0   55   65    1   1   1
   8412    1   55   65    1   1   1
   8413    2   55   65    1   1   1
   8414    3   55   65    1   1   1
   8415    0   56   65    1   1   1
   8416    1   56   65    1   1   1
   8417    2   56   65    1   1   1
   8418    3   56   65    1   1   1
   8419    0   57   65    1   1   1
   8420    3   57   65    1   1   1
   8421    0   58   65    1   1   1
   8422    1   58   65    1   1   1
   8423    2   58   65    1   1   1
   8424    3   58   65    1   1   1
   8425    0   59   65    1   1   1
   8426    1   59   65    1   1   1
   8427    2   59   65    1   1   1
   8428    3   59   65    1   1   1
   8429    0   60   65    1   1   1
   8430    1   60   65    1   1   1
   8431    2   60   65    1   1   1
   8432    3   60   65    1   1   1
   8433    0   61   65    1   1   1
   8434    1   61   65    1   1   1
   8435    2   61   65    1   1   1
   8436    3   61   65    1   1   1
   8437    0   62   65    1   1   1
   8438    1   62   65    1   1   1
   8439    2   62   65    1   1   1
   8440    3   62   65    1   1   1
   8441    0   63   65    1   1   1
   8442    1   63   65    1   1   1
   8443    2   63   65    1   1   1
   8444    3   63   65    1   1   1
   8445    0   64   65    1   1   1
   8446    1   64   65    1   1   1
   8447    2   64   65    1   1   1
   8448    3   64   65    1   1   1
   8449    1   65   65    1   1   1
   8450    2   65   65    1   1   1
   8451    1   66   65    1   1   1
   8452    2   66   65    1   1   1
   8453    1   67   65    1   1   1
   8454    2   67   65    1   1   1
   8455    1   68   65    1   1   1
   8456    2   68   65    1   1   1
   8457    0   69   65    1   1   1
   8458    1   69   65    1   1   1
   8459    2   69   65    1   1   1
   8460    3   69   65    1   1   1
   8461    0   70   65    1   1   1
   8462    1   70   65    1   1   1
   8463    2   70   65    1   1   1
   8464    3   70   65    1   1   1
   8465    0   71   65    1   1   1
   8466    1   71   65    1   1   1
   8467    2   71   65    1   1   1
   8468    3   71   65    1   1   1
   8469    1   72   65    1   1   1
   8470    2   72   65    1   1   1
   8471    1   73   65    1   1   1
   8472    2   73   65    1   1   1
   8473    1   74   65    1   1   1
   8474    2   74   65    1   1   1
   8475    1   75   65    1   1   1
   8476    2   75   65    1   1   1
   8477    1   76   65    1   1   1
   8478    2   76   65    1   1   1
   8479    1   77   65    1   1   1
   8480    2   77   65    1   1   1
   8481    1   78   65    1   1   1
   8482    2   78   65    1   1   1
   8483    1   79   65    1   1   1
   8484    2   79   65    1   1   1
   8485    1   80   65    1   1   1
   8486    2   80   65    1   1   1
   8487    1   81   65    1   1   1
   8488    2   81   65    1   1   1
   8489    1   84   65    1   1   1
   8490    2   84   65    1   1   1
   8491    1    3   66    1   1   1
   8492    2    3   66    1   1   1
   8493    1    4   66    1   1   1
   8494    2    4   66    1   1   1
   8495    1    5   66    1   1   1
   8496    2    5   66    1   1   1
   8497    1    6   66    1   1   1
   8498    2    6   66    1   1   1
   8499    1    7   66    1   1   1
   8500    2    7   66    1   1   1
   8501    1    8   66    1   1   1
   8502    2    8   66    1   1   1
   8503    1    9   66    1   1   1
   8504    2    9   66    1   1   1
   8505    1   10   66    1   1   1
   8506    2   10   66    1   1   1
   8507    1   11   66    1   1   1
   8508    2   11   66    1   1   1
   8509    1   12   66    1   1   1
   8510    2   12   66    1   1   1
   8511    1   13   66    1   1   1
   8512    2   13   66    1   1   1
   8513    1   14   66    1   1   1
   8514    2   14   66    1   1   1
   8515    1   15   66    1   1   1
   8516    2   15   66    1   1   1
   8517    0   16   66    1   1   1
   8518    1   16   66    1   1   1
   8519    2   16   66    1   1   1
   8520    3   16   66    1   1   1
   8521    0   17   66    1   1   1
   8522    1   17   66    1   1   1
   8523    2   17   66    1   1   1
   8524    3   17   66    1   1   1
   8525    0   18   66    1   1   1
   8526    1   18   66    1   1   1
   8527    2   18   66    1   1   1
   8528    3   18   66    1   1   1
   8529    1   19   66    1   1   1
   8530    2   19   66    1   1   1
   8531    1   20   66    1   1   1
   8532    2   20   66    1   1   1
   8533    1   21   66    1   1   1
   8534    2   21   66    1   1   1
   8535    1   22   66    1   1   1
   8536    2   22   66    1   1   1
   8537    1   23   66    1   1   1
   8538    2   23   66    1   1   1
   8539    0   24   66    1   1   1
   8540    1   24   66    1   1   1
   8541    2   24   66    1   1   1
   8542    3   24   66    1   1   1
   8543    0   25   66    1   1   1
   8544    1   25   66    1   1   1
   8545    2   25   66    1   1   1
   8546    3   25   66    1   1   1
   8547    0   26   66    1   1   1
   8548    1   26   66    1   1   1
   8549    2   26   66    1   1   1
   8550    3   26   66    1   1   1
   8551    0   27   66    1   1   1
   8552    1   27   66    1   1   1
   8553    2   27   66    1   1   1
   8554    3   27   66    1   1   1
   8555    0   28   66    1   1   1
   8556    1   28   66    1   1   1
   8557    2   28   66    1   1   1
   8558    3   28   66    1   1   1
   8559    0   29   66    1   1   1
   8560    1   29   66    1   1   1
   8561    2   29   66    1   1   1
   8562    3   29   66    1   1   1
   8563    0   30   66    1   1   1
   8564    1   30   66    1   1   1
   8565    2   30   66    1   1   1
   8566    3   30   66    1   1   1
   8567    0   31   66    1   1   1
   8568    1   31   66    1   1   1
   8569    2   31   66    1   1   1
   8570    3   31   66    1   1   1
   8571    0   33   66    1   1   1
   8572    1   33   66    1   1   1
   8573    2   33   66    1   1   1
   8574    3   33   66    1   1   1
   8575    0   37   66    1   1   1
   8576    1   37   66    1   1   1
   8577    2   37   66    1   1   1
   8578    3   37   66    1   1   1
   8579    0   38   66    1   1   1
   8580    1   38   66    1   1   1
   8581    2   38   66    1   1   1
   8582    3   38   66    1   1   1
   8583    0   39   66    1   1   1
   8584    1   39   66    1   1   1
   8585    2   39   66    1   1   1
   8586    3   39   66    1   1   1
   8587    0   40   66    1   1   1
   8588    1   40   66    1   1   1
   8589    2   40   66    1   1   1
   8590    3   40   66    1   1   1
   8591    0   41   66    1   1   1
   8592    1   41   66    1   1   1
   8593    2   41   66    1   1   1
   8594    3   41   66    1   1   1
   8595    1   42   66    1   1   1
   8596    2   42   66    1   1   1
   8597    1   43   66    1   1   1
   8598    2   43   66    1   1   1
   8599    0   44   66    1   1   1
   8600    1   44   66    1   1   1
   8601    2   44   66    1   1   1
   8602    3   44   66    1   1   1
   8603    0   45   66    1   1   1
   8604    1   45   66    1   1   1
   8605    2   45   66    1   1   1
   8606    3   45   66    1   1   1
   8607    1   46   66    1   1   1
   8608    2   46   66    1   1   1
   8609    1   47   66    1   1   1
   8610    2   47   66    1   1   1
   8611    0   48   66    1   1   1
   8612    1   48   66    1   1   1
   8613    2   48   66    1   1   1
   8614    3   48   66    1   1   1
   8615    0   49   66    1   1   1
   8616    1   49   66    1   1   1
   8617    2   49   66    1   1   1
   8618    3   49   66    1   1   1
   8619    0   50   66    1   1   1
   8620    1   50   66    1   1   1
   8621    2   50   66    1   1   1
   8622    3   50   66    1   1   1
   8623    0   51   66    1   1   1
   8624    1   51   66    1   1   1
   8625    2   51   66    1   1   1
   8626    3   51   66    1   1   1
   8627    0   52   66    1   1   1
   8628    1   52   66    1   1   1
   8629    2   52   66    1   1   1
   8630    3   52   66    1   1   1
   8631    0   55   66    1   1   1
   8632    1   55   66    1   1   1
   8633    2   55   66    1   1   1
   8634    3   55   66    1   1   1
   8635    0   56   66    1   1   1
   8636    1   56   66    1   1   1
   8637    2   56   66    1   1   1
   8638    3   56   66    1   1   1
   8639    0   58   66    1   1   1
   8640    1   58   66    1   1   1
   8641    2   58   66    1   1   1
   8642    3   58   66    1   1   1
   8643    0   59   66    1   1   1
   8644    1   59   66    1   1   1
   8645    2   59   66    1   1   1
   8646    3   59   66    1   1   1
   8647    0   60   66    1   1   1
   8648    3   60   66    1   1   1
   8649    0   61   66    1   1   1
   8650    1   61   66    1   1   1
   8651    2   61   66    1   1   1
   8652    3   61   66    1   1   1
   8653    0   62   66    1   1   1
   8654    1   62   66    1   1   1
   8655    2   62   66    1   1   1
   8656    3   62   66    1   1   1
   8657    0   63   66    1   1   1
   8658    1   63   66    1   1   1
   8659    2   63   66    1   1   1
   8660    3   63   66    1   1   1
   8661    0   64   66    1   1   1
   8662    1   64   66    1   1   1
   8663    2   64   66    1   1   1
   8664    3   64   66    1   1   1
   8665    0   65   66    1   1   1
   8666    1   65   66    1   1   1
   8667    2   65   66    1   1   1
   8668    3   65   66    1   1   1
   8669    1   66   66    1   1   1
   8670    2   66   66    1   1   1
   8671    1   67   66    1   1   1
   8672    2   67   66    1   1   1
   8673    1   68   66    1   1   1
   8674    2   68   66    1   1   1
   8675    1   69   66    1   1   1
   8676    2   69   66    1   1   1
   8677    1   70   66    1   1   1
   8678    2   70   66    1   1   1
   8679    0   71   66    1   1   1
   8680    1   71   66    1   1   1
   8681    2   71   66    1   1   1
   8682    3   71   66    1   1   1
   8683    0   72   66    1   1   1
   8684    1   72   66    1   1   1
   8685    2   72   66    1   1   1
   8686    3   72   66    1   1   1
   8687    1   73   66    1   1   1
   8688    2   73   66    1   1   1
   8689    1   74   66    1   1   1
   8690    2   74   66    1   1   1
   8691    1   75   66    1   1   1
   8692    2   75   66    1   1   1
   8693    1   76   66    1   1   1
   8694    2   76   66    1   1   1
   8695    1   77   66    1   1   1
   8696    2   77   66    1   1   1
   8697    1   78   66    1   1   1
   8698    2   78   66    1   1   1
   8699    1   79   66    1   1   1
   8700    2   79   66    1   1   1
   8701    1   80   66    1   1   1
   8702    2   80   66    1   1   1
   8703    1   81   66    1   1   1
   8704    2   81   66    1   1   1
   8705    1   82   66    1   1   1
   8706    2   82   66    1   1   1
   8707    1   83   66    1   1   1
   8708    2   83   66    1   1   1
   8709    1   84   66    1   1   1
   8710    2   84   66    1   1   1
   8711    1   85   66    1   1   1
   8712    2   85   66    1   1   1
   8713    1   86   66    1   1   1
   8714    2   86   66    1   1   1
   8715    1    4   67    1   1   1
   8716    2    4   67    1   1   1
   8717    1    5   67    1   1   1
   8718    2    5   67    1   1   1
   8719    1    6   67    1   1   1
   8720    2    6   67    1   1   1
   8721    1    7   67    1   1   1
   8722    2    7   67    1   1   1
   8723    1    8   67    1   1   1
   8724    2    8   67    1   1   1
   8725    1    9   67    1   1   1
   8726    2    9   67    1   1   1
   8727    1   10   67    1   1   1
   8728    2   10   67    1   1   1
   8729    1   11   67    1   1   1
   8730    2   11   67    1   1   1
   8731    1   12   67    1   1   1
   8732    2   12   67    1   1   1
   8733    1   13   67    1   1   1
   8734    2   13   67    1   1   1
   8735    1   14   67    1   1   1
   8736    2   14   67    1   1   1
   8737    0   15   67    1   1   1
   8738    1   15   67    1   1   1
   8739    2   15   67    1   1   1
   8740    3   15   67    1   1   1
   8741    0   16   67    1   1   1
   8742    1   16   67    1   1   1
   8743    2   16   67    1   1   1
   8744    3   16   67    1   1   1
   8745    0   17   67    1   1   1
   8746    1   17   67    1   1   1
   8747    2   17   67    1   1   1
   8748    3   17   67    1   1   1
   8749    1   18   67    1   1   1
   8750    2   18   67    1   1   1
   8751    1   19   67    1   1   1
   8752    2   19   67    1   1   1
   8753    1   20   67    1   1   1
   8754    2   20   67    1   1   1
   8755    1   21   67    1   1   1
   8756    2   21   67    1   1   1
   8757    1   22   67    1   1   1
   8758    2   22   67    1   1   1
   8759    0   23   67    1   1   1
   8760    1   23   67    1   1   1
   8761    2   23   67    1   1   1
   8762    3   23   67    1   1   1
   8763    0   24   67    1   1   1
   8764    1   24   67    1   1   1
   8765    2   24   67    1   1   1
   8766    3   24   67    1   1   1
   8767    0   25   67    1   1   1
   8768    1   25   67    1   1   1
   8769    2   25   67    1   1   1
   8770    3   25   67    1   1   1
   8771    0   26   67    1   1   1
   8772    1   26   67    1   1   1
   8773    2   26   67    1   1   1
   8774    3   26   67    1   1   1
   8775    0   27   67    1   1   1
   8776    3   27   67    1   1   1
   8777    0   28   67    1   1   1
   8778    1   28   67    1   1   1
   8779    2   28   67    1   1   1
   8780    3   28   67    1   1   1
   8781    0   29   67    1   1   1
   8782    3   29   67    1   1   1
   8783    0   37   67    1   1   1
   8784    1   37   67    1   1   1
   8785    2   37   67    1   1   1
   8786    3   37   67    1   1   1
   8787    0   38   67    1   1   1
   8788    1   38   67    1   1   1
   8789    2   38   67    1   1   1
   8790    3   38   67    1   1   1
   8791    0   39   67    1   1   1
   8792    1   39   67    1   1   1
   8793    2   39   67    1   1   1
   8794    3   39   67    1   1   1
   8795    0   40   67    1   1   1
   8796    1   40   67    1   1   1
   8797    2   40   67    1   1   1
   8798    3   40   67    1   1   1
   8799    0   41   67    1   1   1
   8800    1   41   67    1   1   1
   8801    2   41   67    1   1   1
   8802    3   41   67    1   1   1
   8803    1   42   67    1   1   1
   8804    2   42   67    1   1   1
   8805    1   43   67    1   1   1
   8806    2   43   67    1   1   1
   8807    0   44   67    1   1   1
   8808    1   44   67    1   1   1
   8809    2   44   67    1   1   1
   8810    3   44   67    1   1   1
   8811    0   45   67    1   1   1
   8812    1   45   67    1   1   1
   8813    2   45   67    1   1   1
   8814    3   45   67    1   1   1
   8815    1   46   67    1   1   1
   8816    2   46   67    1   1   1
   8817    1   47   67    1   1   1
   8818    2   47   67    1   1   1
   8819    0   48   67    1   1   1
   8820    1   48   67    1   1   1
   8821    2   48   67    1   1   1
   8822    3   48   67    1   1   1
   8823    0   49   67    1   1   1
   8824    1   49   67    1   1   1
   8825    2   49   67    1   1   1
   8826    3   49   67    1   1   1
   8827    0   50   67    1   1   1
   8828    1   50   67    1   1   1
   8829    2   50   67    1   1   1
   8830    3   50   67    1   1   1
   8831    0   51   67    1   1   1
   8832    1   51   67    1   1   1
   8833    2   51   67    1   1   1
   8834    3   51   67    1   1   1
   8835    0   52   67    1   1   1
   8836    1   52   67    1   1   1
   8837    2   52   67    1   1   1
   8838    3   52   67    1   1   1
   8839    0   59   67    1   1   1
   8840    1   59   67    1   1   1
   8841    2   59   67    1   1   1
   8842    3   59   67    1   1   1
   8843    0   60   67    1   1   1
   8844    1   60   67    1   1   1
   8845    2   60   67    1   1   1
   8846    3   60   67    1   1   1
   8847    0   61   67    1   1   1
   8848    1   61   67    1   1   1
   8849    2   61   67    1   1   1
   8850    3   61   67    1   1   1
   8851    0   62   67    1   1   1
   8852    3   62   67    1   1   1
   8853    0   63   67    1   1   1
   8854    1   63   67    1   1   1
   8855    2   63   67    1   1   1
   8856    3   63   67    1   1   1
   8857    0   64   67    1   1   1
   8858    1   64   67    1   1   1
   8859    2   64   67    1   1   1
   8860    3   64   67    1   1   1
   8861    0   65   67    1   1   1
   8862    1   65   67    1   1   1
   8863    2   65   67    1   1   1
   8864    3   65   67    1   1   1
   8865    0   66   67    1   1   1
   8866    1   66   67    1   1   1
   8867    2   66   67    1   1   1
   8868    3   66   67    1   1   1
   8869    1   67   67    1   1   1
   8870    2   67   67    1   1   1
   8871    1   68   67    1   1   1
   8872    2   68   67    1   1   1
   8873    1   69   67    1   1   1
   8874    2   69   67    1   1   1
   8875    1   70   67    1   1   1
   8876    2   70   67    1   1   1
   8877    1   71   67    1   1   1
   8878    2   71   67    1   1   1
   8879    0   72   67    1   1   1
   8880    1   72   67    1   1   1
   8881    2   72   67    1   1   1
   8882    3   72   67    1   1   1
   8883    0   73   67    1   1   1
   8884    1   73   67    1   1   1
   8885    2   73   67    1   1   1
   8886    3   73   67    1   1   1
   8887    0   74   67    1   1   1
   8888    1   74   67    1   1   1
   8889    2   74   67    1   1   1
   8890    3   74   67    1   1   1
   8891    1   75   67    1   1   1
   8892    2   75   67    1   1   1
   8893    1   76   67    1   1   1
   8894    2   76   67    1   1   1
   8895    1   77   67    1   1   1
   8896    2   77   67    1   1   1
   8897    1   78   67    1   1   1
   8898    2   78   67    1   1   1
   8899    1   79   67    1   1   1
   8900    2   79   67    1   1   1
   8901    1   80   67    1   1   1
   8902    2   80   67    1   1   1
   8903    1   81   67    1   1   1
   8904    2   81   67    1   1   1
   8905    1   82   67    1   1   1
   8906    2   82   67    1   1   1
   8907    1   83   67    1   1   1
   8908    2   83   67    1   1   1
   8909    1   84   67    1   1   1
   8910    2   84   67    1   1   1
   8911    1   85   67    1   1   1
   8912    2   85   67    1   1   1
   8913    1   86   67    1   1   1
   8914    2   86   67    1   1   1
   8915    1    2   68    1   1   1
   8916    2    2   68    1   1   1
   8917    1    3   68    1   1   1
   8918    2    3   68    1   1   1
   8919    1    4   68    1   1   1
   8920    2    4   68    1   1   1
   8921    1    5   68    1   1   1
   8922    2    5   68    1   1   1
   8923    1    6   68    1   1   1
   8924    2    6   68    1   1   1
   8925    1    7   68    1   1   1
   8926    2    7   68    1   1   1
   8927    1    8   68    1   1   1
   8928    2    8   68    1   1   1
   8929    1    9   68    1   1   1
   8930    2    9   68    1   1   1
   8931    1   10   68    1   1   1
   8932    2   10   68    1   1   1
   8933    1   11   68    1   1   1
   8934    2   11   68    1   1   1
   8935    1   12   68    1   1   1
   8936    2   12   68    1   1   1
   8937    0   13   68    1   1   1
   8938    1   13   68    1   1   1
   8939    2   13   68    1   1   1
   8940    3   13   68    1   1   1
   8941    0   14   68    1   1   1
   8942    1   14   68    1   1   1
   8943    2   14   68    1   1   1
   8944    3   14   68    1   1   1
   8945    0   15   68    1   1   1
   8946    1   15   68    1   1   1
   8947    2   15   68    1   1   1
   8948    3   15   68    1   1   1
   8949    1   16   68    1   1   1
   8950    2   16   68    1   1   1
   8951    1   17   68    1   1   1
   8952    2   17   68    1   1   1
   8953    1   18   68    1   1   1
   8954    2   18   68    1   1   1
   8955    1   19   68    1   1   1
   8956    2   19   68    1   1   1
   8957    1   20   68    1   1   1
   8958    2   20   68    1   1   1
   8959    1   21   68    1   1   1
   8960    2   21   68    1   1   1
   8961    0   22   68    1   1   1
   8962    1   22   68    1   1   1
   8963    2   22   68    1   1   1
   8964    3   22   68    1   1   1
   8965    0   23   68    1   1   1
   8966    1   23   68    1   1   1
   8967    2   23   68    1   1   1
   8968    3   23   68    1   1   1
   8969    0   24   68    1   1   1
   8970    1   24   68    1   1   1
   8971    2   24   68    1   1   1
   8972    3   24   68    1   1   1
   8973    0   25   68    1   1   1
   8974    3   25   68    1   1   1
   8975    0   26   68    1   1   1
   8976    1   26   68    1   1   1
   8977    2   26   68    1   1   1
   8978    3   26   68    1   1   1
   8979    0   27   68    1   1   1
   8980    3   27   68    1   1   1
   8981    0   28   68    1   1   1
   8982    1   28   68    1   1   1
   8983    2   28   68    1   1   1
   8984    3   28   68    1   1   1
   8985    0   29   68    1   1   1
   8986    1   29   68    1   1   1
   8987    2   29   68    1   1   1
   8988    3   29   68    1   1   1
   8989    0   37   68    1   1   1
   8990    1   37   68    1   1   1
   8991    2   37   68    1   1   1
   8992    3   37   68    1   1   1
   8993    0   38   68    1   1   1
   8994    3   38   68    1   1   1
   8995    0   39   68    1   1   1
   8996    1   39   68    1   1   1
   8997    2   39   68    1   1   1
   8998    3   39   68    1   1   1
   8999    0   40   68    1   1   1
   9000    1   40   68    1   1   1
   9001    2   40   68    1   1   1
   9002    3   40   68    1   1   1
   9003    0   41   68    1   1   1
   9004    1   41   68    1   1   1
   9005    2   41   68    1   1   1
   9006    3   41   68    1   1   1
   9007    1   42   68    1   1   1
   9008    2   42   68    1   1   1
   9009    1   43   68    1   1   1
   9010    2   43   68    1   1   1
   9011    0   44   68    1   1   1
   9012    1   44   68    1   1   1
   9013    2   44   68    1   1   1
   9014    3   44   68    1   1   1
   9015    1   45   68    1   1   1
   9016    2   45   68    1   1   1
   9017    1   46   68    1   1   1
   9018    2   46   68    1   1   1
   9019    1   47   68    1   1   1
   9020    2   47   68    1   1   1
   9021    0   48   68    1   1   1
   9022    1   48   68    1   1   1
   9023    2   48   68    1   1   1
   9024    3   48   68    1   1   1
   9025    0   49   68    1   1   1
   9026    1   49   68    1   1   1
   9027    2   49   68    1   1   1
   9028    3   49   68    1   1   1
   9029    0   50   68    1   1   1
   9030    1   50   68    1   1   1
   9031    2   50   68    1   1   1
   9032    3   50   68    1   1   1
   9033    0   51   68    1   1   1
   9034    3   51   68    1   1   1
   9035    0   52   68    1   1   1
   9036    1   52   68    1   1   1
   9037    2   52   68    1   1   1
   9038    3   52   68    1   1   1
   9039    0   60   68    1   1   1
   9040    1   60   68    1   1   1
   9041    2   60   68    1   1   1
   9042    3   60   68    1   1   1
   9043    0   61   68    1   1   1
   9044    1   61   68    1   1   1
   9045    2   61   68    1   1   1
   9046    3   61   68    1   1   1
   9047    0   62   68    1   1   1
   9048    3   62   68    1   1   1
   9049    0   63   68    1   1   1
   9050    1   63   68    1   1   1
   9051    2   63   68    1   1   1
   9052    3   63   68    1   1   1
   9053    0   64   68    1   1   1
   9054    3   64   68    1   1   1
   9055    0   65   68    1   1   1
   9056    1   65   68    1   1   1
   9057    2   65   68    1   1   1
   9058    3   65   68    1   1   1
   9059    0   66   68    1   1   1
   9060    1   66   68    1   1   1
   9061    2   66   68    1   1   1
   9062    3   66   68    1   1   1
   9063    0   67   68    1   1   1
   9064    1   67   68    1   1   1
   9065    2   67   68    1   1   1
   9066    3   67   68    1   1   1
   9067    1   68   68    1   1   1
   9068    2   68   68    1   1   1
   9069    1   69   68    1   1   1
   9070    2   69   68    1   1   1
   9071    1   70   68    1   1   1
   9072    2   70   68    1   1   1
   9073    1   71   68    1   1   1
   9074    2   71   68    1   1   1
   9075    1   72   68    1   1   1
   9076    2   72   68    1   1   1
   9077    1   73   68    1   1   1
   9078    2   73   68    1   1   1
   9079    0   74   68    1   1   1
   9080    1   74   68    1   1   1
   9081    2   74   68    1   1   1
   9082    3   74   68    1   1   1
   9083    0   75   68    1   1   1
   9084    1   75   68    1   1   1
   9085    2   75   68    1   1   1
   9086    3   75   68    1   1   1
   9087    0   76   68    1   1   1
   9088    1   76   68    1   1   1
   9089    2   76   68    1   1   1
   9090    3   76   68    1   1   1
   9091    1   77   68    1   1   1
   9092    2   77   68    1   1   1
   9093    1   78   68    1   1   1
   9094    2   78   68    1   1   1
   9095    1   79   68    1   1   1
   9096    2   79   68    1   1   1
   9097    1   80   68    1   1   1
   9098    2   80   68    1   1   1
   9099    1   81   68    1   1   1
   9100    2   81   68    1   1   1
   9101    1   82   68    1   1   1
   9102    2   82   68    1   1   1
   9103    1   83   68    1   1   1
   9104    2   83   68    1   1   1
   9105    1   84   68    1   1   1
   9106    2   84   68    1   1   1
   9107    1   85   68    1   1   1
   9108    2   85   68    1   1   1
   9109    1   86   68    1   1   1
   9110    2   86   68    1   1   1
   9111    1   87   68    1   1   1
   9112    2   87   68    1   1   1
   9113    1   88   68    1   1   1
   9114    2   88   68    1   1   1
   9115    1    1   69    1   1   1
   9116    2    1   69    1   1   1
   9117    1    2   69    1   1   1
   9118    2    2   69    1   1   1
   9119    1    3   69    1   1   1
   9120    2    3   69    1   1   1
   9121    1    4   69    1   1   1
   9122    2    4   69    1   1   1
   9123    1    5   69    1   1   1
   9124    2    5   69    1   1   1
   9125    1    6   69    1   1   1
   9126    2    6   69    1   1   1
   9127    1    7   69    1   1   1
   9128    2    7   69    1   1   1
   9129    1    8   69    1   1   1
   9130    2    8   69    1   1   1
   9131    1    9   69    1   1   1
   9132    2    9   69    1   1   1
   9133    1   10   69    1   1   1
   9134    2   10   69    1   1   1
   9135    1   11   69    1   1   1
   9136    2   11   69    1   1   1
   9137    0   12   69    1   1   1
   9138    1   12   69    1   1   1
   9139    2   12   69    1   1   1
   9140    3   12   69    1   1   1
   9141    0   13   69    1   1   1
   9142    1   13   69    1   1   1
   9143    2   13   69    1   1   1
   9144    3   13   69    1   1   1
   9145    1   14   69    1   1   1
   9146    2   14   69    1   1   1
   9147    1   15   69    1   1   1
   9148    2   15   69    1   1   1
   9149    1   16   69    1   1   1
   9150    2   16   69    1   1   1
   9151    1   17   69    1   1   1
   9152    2   17   69    1   1   1
   9153    1   18   69    1   1   1
   9154    2   18   69    1   1   1
   9155    1   19   69    1   1   1
   9156    2   19   69    1   1   1
   9157    1   20   69    1   1   1
   9158    2   20   69    1   1   1
   9159    0   21   69    1   1   1
   9160    1   21   69    1   1   1
   9161    2   21   69    1   1   1
   9162    3   21   69    1   1   1
   9163    0   22   69    1   1   1
   9164    1   22   69    1   1   1
   9165    2   22   69    1   1   1
   9166    3   22   69    1   1   1
   9167    0   23   69    1   1   1
   9168    1   23   69    1   1   1
   9169    2   23   69    1   1   1
   9170    3   23   69    1   1   1
   9171    0   24   69    1   1   1
   9172    1   24   69    1   1   1
   9173    2   24   69    1   1   1
   9174    3   24   69    1   1   1
   9175    0   25   69    1   1   1
   9176    3   25   69    1   1   1
   9177    0   26   69    1   1   1
   9178    1   26   69    1   1   1
   9179    2   26   69    1   1   1
   9180    3   26   69    1   1   1
   9181    0   27   69    1   1   1
   9182    3   27   69    1   1   1
   9183    0   28   69    1   1   1
   9184    1   28   69    1   1   1
   9185    2   28   69    1   1   1
   9186    3   28   69    1   1   1
   9187    0   29   69    1   1   1
   9188    1   29   69    1   1   1
   9189    2   29   69    1   1   1
   9190    3   29   69    1   1   1
   9191    0   38   69    1   1   1
   9192    1   38   69    1   1   1
   9193    2   38   69    1   1   1
   9194    3   38   69    1   1   1
   9195    0   39   69    1   1   1
   9196    1   39   69    1   1   1
   9197    2   39   69    1   1   1
   9198    3   39   69    1   1   1
   9199    0   40   69    1   1   1
   9200    1   40   69    1   1   1
   9201    2   40   69    1   1   1
   9202    3   40   69    1   1   1
   9203    0   41   69    1   1   1
   9204    1   41   69    1   1   1
   9205    2   41   69    1   1   1
   9206    3   41   69    1   1   1
   9207    1   42   69    1   1   1
   9208    2   42   69    1   1   1
   9209    1   43   69    1   1   1
   9210    2   43   69    1   1   1
   9211    0   44   69    1   1   1
   9212    1   44   69    1   1   1
   9213    2   44   69    1   1   1
   9214    3   44   69    1   1   1
   9215    0   45   69    1   1   1
   9216    1   45   69    1   1   1
   9217    2   45   69    1   1   1
   9218    3   45   69    1   1   1
   9219    1   46   69    1   1   1
   9220    2   46   69    1   1   1
   9221    0   47   69    1   1   1
   9222    1   47   69    1   1   1
   9223    2   47   69    1   1   1
   9224    3   47   69    1   1   1
   9225    0   48   69    1   1   1
   9226    1   48   69    1   1   1
   9227    2   48   69    1   1   1
   9228    3   48   69    1   1   1
   9229    0   49   69    1   1   1
   9230    1   49   69    1   1   1
   9231    2   49   69    1   1   1
   9232    3   49   69    1   1   1
   9233    0   50   69    1   1   1
   9234    1   50   69    1   1   1
   9235    2   50   69    1   1   1
   9236    3   50   69    1   1   1
   9237    0   51   69    1   1   1
   9238    3   51   69    1   1   1
   9239    0   60   69    1   1   1
   9240    1   60   69    1   1   1
   9241    2   60   69    1   1   1
   9242    3   60   69    1   1   1
   9243    0   61   69    1   1   1
   9244    1   61   69    1   1   1
   9245    2   61   69    1   1   1
   9246    3   61   69    1   1   1
   9247    0   62   69    1   1   1
   9248    3   62   69    1   1   1
   9249    0   63   69    1   1   1
   9250    1   63   69    1   1   1
   9251    2   63   69    1   1   1
   9252    3   63   69    1   1   1
   9253    0   64   69    1   1   1
   9254    3   64   69    1   1   1
   9255    0   65   69    1   1   1
   9256    1   65   69    1   1   1
   9257    2   65   69    1   1   1
   9258    3   65   69    1   1   1
   9259    0   66   69    1   1   1
   9260    1   66   69    1   1   1
   9261    2   66   69    1   1   1
   9262    3   66   69    1   1   1
   9263    0   67   69    1   1   1
   9264    1   67   69    1   1   1
   9265    2   67   69    1   1   1
   9266    3   67   69    1   1   1
   9267    1   68   69    1   1   1
   9268    2   68   69    1   1   1
   9269    1   69   69    1   1   1
   9270    2   69   69    1   1   1
   9271    1   70   69    1   1   1
   9272    2   70   69    1   1   1
   9273    1   71   69    1   1   1
   9274    2   71   69    1   1   1
   9275    1   72   69    1   1   1
   9276    2   72   69    1   1   1
   9277    1   73   69    1   1   1
   9278    2   73   69    1   1   1
   9279    1   74   69    1   1   1
   9280    2   74   69    1   1   1
   9281    1   75   69    1   1   1
   9282    2   75   69    1   1   1
   9283    0   76   69    1   1   1
   9284    1   76   69    1   1   1
   9285    2   76   69    1   1   1
   9286    3   76   69    1   1   1
   9287    0   77   69    1   1   1
   9288    1   77   69    1   1   1
   9289    2   77   69    1   1   1
   9290    3   77   69    1   1   1
   9291    1   78   69    1   1   1
   9292    2   78   69    1   1   1
   9293    1   79   69    1   1   1
   9294    2   79   69    1   1   1
   9295    1   80   69    1   1   1
   9296    2   80   69    1   1   1
   9297    1   81   69    1   1   1
   9298    2   81   69    1   1   1
   9299    1   82   69    1   1   1
   9300    2   82   69    1   1   1
   9301    1   83   69    1   1   1
   9302    2   83   69    1   1   1
   9303    1   84   69    1   1   1
   9304    2   84   69    1   1   1
   9305    1   85   69    1   1   1
   9306    2   85   69    1   1   1
   9307    1   86   69    1   1   1
   9308    2   86   69    1   1   1
   9309    1   87   69    1   1   1
   9310    2   87   69    1   1   1
   9311    1    1   70    1   1   1
   9312    2    1   70    1   1   1
   9313    1    2   70    1   1   1
   9314    2    2   70    1   1   1
   9315    1    3   70    1   1   1
   9316    2    3   70    1   1   1
   9317    1    4   70    1   1   1
   9318    2    4   70    1   1   1
   9319    1    5   70    1   1   1
   9320    2    5   70    1   1   1
   9321    1    6   70    1   1   1
   9322    2    6   70    1   1   1
   9323    1    7   70    1   1   1
   9324    2    7   70    1   1   1
   9325    1    8   70    1   1   1
   9326    2    8   70    1   1   1
   9327    0    9   70    1   1   1
   9328    1    9   70    1   1   1
   9329    2    9   70    1   1   1
   9330    3    9   70    1   1   1
   9331    0   10   70    1   1   1
   9332    1   10   70    1   1   1
   9333    2   10   70    1   1   1
   9334    3   10   70    1   1   1
   9335    0   11   70    1   1   1
   9336    1   11   70    1   1   1
   9337    2   11   70    1   1   1
   9338    3   11   70    1   1   1
   9339    1   12   70    1   1   1
   9340    2   12   70    1   1   1
   9341    1   13   70    1   1   1
   9342    2   13   70    1   1   1
   9343    1   14   70    1   1   1
   9344    2   14   70    1   1   1
   9345    1   15   70    1   1   1
   9346    2   15   70    1   1   1
   9347    1   16   70    1   1   1
   9348    2   16   70    1   1   1
   9349    1   17   70    1   1   1
   9350    2   17   70    1   1   1
   9351    1   18   70    1   1   1
   9352    2   18   70    1   1   1
   9353    1   19   70    1   1   1
   9354    2   19   70    1   1   1
   9355    0   20   70    1   1   1
   9356    1   20   70    1   1   1
   9357    2   20   70    1   1   1
   9358    3   20   70    1   1   1
   9359    0   21   70    1   1   1
   9360    1   21   70    1   1   1
   9361    2   21   70    1   1   1
   9362    3   21   70    1   1   1
   9363    1   22   70    1   1   1
   9364    2   22   70    1   1   1
   9365    0   23   70    1   1   1
   9366    1   23   70    1   1   1
   9367    2   23   70    1   1   1
   9368    3   23   70    1   1   1
   9369    0   24   70    1   1   1
   9370    1   24   70    1   1   1
   9371    2   24   70    1   1   1
   9372    3   24   70    1   1   1
   9373    0   25   70    1   1   1
   9374    3   25   70    1   1   1
   9375    0   26   70    1   1   1
   9376    1   26   70    1   1   1
   9377    2   26   70    1   1   1
   9378    3   26   70    1   1   1
   9379    0   27   70    1   1   1
   9380    3   27   70    1   1   1
   9381    0   28   70    1   1   1
   9382    1   28   70    1   1   1
   9383    2   28   70    1   1   1
   9384    3   28   70    1   1   1
   9385    0   38   70    1   1   1
   9386    1   38   70    1   1   1
   9387    2   38   70    1   1   1
   9388    3   38   70    1   1   1
   9389    0   39   70    1   1   1
   9390    1   39   70    1   1   1
   9391    2   39   70    1   1   1
   9392    3   39   70    1   1   1
   9393    0   40   70    1   1   1
   9394    1   40   70    1   1   1
   9395    2   40   70    1   1   1
   9396    3   40   70    1   1   1
   9397    0   41   70    1   1   1
   9398    1   41   70    1   1   1
   9399    2   41   70    1   1   1
   9400    3   41   70    1   1   1
   9401    0   42   70    1   1   1
   9402    1   42   70    1   1   1
   9403    2   42   70    1   1   1
   9404    3   42   70    1   1   1
   9405    1   43   70    1   1   1
   9406    2   43   70    1   1   1
   9407    0   44   70    1   1   1
   9408    1   44   70    1   1   1
   9409    2   44   70    1   1   1
   9410    3   44   70    1   1   1
   9411    0   45   70    1   1   1
   9412    1   45   70    1   1   1
   9413    2   45   70    1   1   1
   9414    3   45   70    1   1   1
   9415    1   46   70    1   1   1
   9416    2   46   70    1   1   1
   9417    0   47   70    1   1   1
   9418    1   47   70    1   1   1
   9419    2   47   70    1   1   1
   9420    3   47   70    1   1   1
   9421    0   48   70    1   1   1
   9422    1   48   70    1   1   1
   9423    2   48   70    1   1   1
   9424    3   48   70    1   1   1
   9425    0   49   70    1   1   1
   9426    1   49   70    1   1   1
   9427    2   49   70    1   1   1
   9428    3   49   70    1   1   1
   9429    0   50   70    1   1   1
   9430    1   50   70    1   1   1
   9431    2   50   70    1   1   1
   9432    3   50   70    1   1   1
   9433    0   51   70    1   1   1
   9434    1   51   70    1   1   1
   9435    2   51   70    1   1   1
   9436    3   51   70    1   1   1
   9437    0   61   70    1   1   1
   9438    1   61   70    1   1   1
   9439    2   61   70    1   1   1
   9440    3   61   70    1   1   1
   9441    0   62   70    1   1   1
   9442    3   62   70    1   1   1
   9443    0   63   70    1   1   1
   9444    1   63   70    1   1   1
   9445    2   63   70    1   1   1
   9446    3   63   70    1   1   1
   9447    0   64   70    1   1   1
   9448    3   64   70    1   1   1
   9449    0   65   70    1   1   1
   9450    1   65   70    1   1   1
   9451    2   65   70    1   1   1
   9452    3   65   70    1   1   1
   9453    0   66   70    1   1   1
   9454    1   66   70    1   1   1
   9455    2   66   70    1   1   1
   9456    3   66   70    1   1   1
   9457    1   67   70    1   1   1
   9458    2   67   70    1   1   1
   9459    0   68   70    1   1   1
   9460    1   68   70    1   1   1
   9461    2   68   70    1   1   1
   9462    3   68   70    1   1   1
   9463    0   69   70    1   1   1
   9464    1   69   70    1   1   1
   9465    2   69   70    1   1   1
   9466    3   69   70    1   1   1
   9467    0   70   70    1   1   1
   9468    1   70   70    1   1   1
   9469    2   70   70    1   1   1
   9470    3   70   70    1   1   1
   9471    1   71   70    1   1   1
   9472    2   71   70    1   1   1
   9473    1   72   70    1   1   1
   9474    2   72   70    1   1   1
   9475    1   73   70    1   1   1
   9476    2   73   70    1   1   1
   9477    1   74   70    1   1   1
   9478    2   74   70    1   1   1
   9479    1   75   70    1   1   1
   9480    2   75   70    1   1   1
   9481    1   76   70    1   1   1
   9482    2   76   70    1   1   1
   9483    1   77   70    1   1   1
   9484    2   77   70    1   1   1
   9485    0   78   70    1   1   1
   9486    1   78   70    1   1   1
   9487    2   78   70    1   1   1
   9488    3   78   70    1   1   1
   9489    0   79   70    1   1   1
   9490    1   79   70    1   1   1
   9491    2   79   70    1   1   1
   9492    3   79   70    1   1   1
   9493    1   80   70    1   1   1
   9494    2   80   70    1   1   1
   9495    1   81   70    1   1   1
   9496    2   81   70    1   1   1
   9497    1   82   70    1   1   1
   9498    2   82   70    1   1   1
   9499    1   83   70    1   1   1
   9500    2   83   70    1   1   1
   9501    1   84   70    1   1   1
   9502    2   84   70    1   1   1
   9503    1   85   70    1   1   1
   9504    2   85   70    1   1   1
   9505    1   86   70    1   1   1
   9506    2   86   70    1   1   1
   9507    1   87   70    1   1   1
   9508    2   87   70    1   1   1
   9509    1   88   70    1   1   1
   9510    2   88   70    1   1   1
   9511    1    1   71    1   1   1
   9512    2    1   71    1   1   1
   9513    1    2   71    1   1   1
   9514    2    2   71    1   1   1
   9515    1    3   71    1   1   1
   9516    2    3   71    1   1   1
   9517    1    4   71    1   1   1
   9518    2    4   71    1   1   1
   9519    1    5   71    1   1   1
   9520    2    5   71    1   1   1
   9521    1    6   71    1   1   1
   9522    2    6   71    1   1   1
   9523    1    7   71    1   1   1
   9524    2    7   71    1   1   1
   9525    0    8   71    1   1   1
   9526    1    8   71    1   1   1
   9527    2    8   71    1   1   1
   9528    3    8   71    1   1   1
   9529    0    9   71    1   1   1
   9530    1    9   71    1   1   1
   9531    2    9   71    1   1   1
   9532    3    9   71    1   1   1
   9533    0   10   71    1   1   1
   9534    1   10   71    1   1   1
   9535    2   10   71    1   1   1
   9536    3   10   71    1   1   1
   9537    1   11   71    1   1   1
   9538    2   11   71    1   1   1
   9539    1   12   71    1   1   1
   9540    2   12   71    1   1   1
   9541    1   13   71    1   1   1
   9542    2   13   71    1   1   1
   9543    1   14   71    1   1   1
   9544    2   14   71    1   1   1
   9545    1   15   71    1   1   1
   9546    2   15   71    1   1   1
   9547    1   16   71    1   1   1
   9548    2   16   71    1   1   1
   9549    1   17   71    1   1   1
   9550    2   17   71    1   1   1
   9551    1   18   71    1   1   1
   9552    2   18   71    1   1   1
   9553    0   19   71    1   1   1
   9554    1   19   71    1   1   1
   9555    2   19   71    1   1   1
   9556    3   19   71    1   1   1
   9557    0   21   71    1   1   1
   9558    1   21   71    1   1   1
   9559    2   21   71    1   1   1
   9560    3   21   71    1   1   1
   9561    0   22   71    1   1   1
   9562    1   22   71    1   1   1
   9563    2   22   71    1   1   1
   9564    3   22   71    1   1   1
   9565    0   23   71    1   1   1
   9566    3   23   71    1   1   1
   9567    0   24   71    1   1   1
   9568    1   24   71    1   1   1
   9569    2   24   71    1   1   1
   9570    3   24   71    1   1   1
   9571    0   38   71    1   1   1
   9572    1   38   71    1   1   1
   9573    2   38   71    1   1   1
   9574    3   38   71    1   1   1
   9575    0   39   71    1   1   1
   9576    1   39   71    1   1   1
   9577    2   39   71    1   1   1
   9578    3   39   71    1   1   1
   9579    0   40   71    1   1   1
   9580    1   40   71    1   1   1
   9581    2   40   71    1   1   1
   9582    3   40   71    1   1   1
   9583    0   41   71    1   1   1
   9584    1   41   71    1   1   1
   9585    2   41   71    1   1   1
   9586    3   41   71    1   1   1
   9587    0   42   71    1   1   1
   9588    1   42   71    1   1   1
   9589    2   42   71    1   1   1
   9590    3   42   71    1   1   1
   9591    1   43   71    1   1   1
   9592    2   43   71    1   1   1
   9593    0   44   71    1   1   1
   9594    1   44   71    1   1   1
   9595    2   44   71    1   1   1
   9596    3   44   71    1   1   1
   9597    1   45   71    1   1   1
   9598    2   45   71    1   1   1
   9599    1   46   71    1   1   1
   9600    2   46   71    1   1   1
   9601    0   47   71    1   1   1
   9602    1   47   71    1   1   1
   9603    2   47   71    1   1   1
   9604    3   47   71    1   1   1
   9605    0   48   71    1   1   1
   9606    1   48   71    1   1   1
   9607    2   48   71    1   1   1
   9608    3   48   71    1   1   1
   9609    0   49   71    1   1   1
   9610    1   49   71    1   1   1
   9611    2   49   71    1   1   1
   9612    3   49   71    1   1   1
   9613    0   50   71    1   1   1
   9614    1   50   71    1   1   1
   9615    2   50   71    1   1   1
   9616    3   50   71    1   1   1
   9617    0   51   71    1   1   1
   9618    1   51   71    1   1   1
   9619    2   51   71    1   1   1
   9620    3   51   71    1   1   1
   9621    0   65   71    1   1   1
   9622    1   65   71    1   1   1
   9623    2   65   71    1   1   1
   9624    3   65   71    1   1   1
   9625    0   66   71    1   1   1
   9626    3   66   71    1   1   1
   9627    0   67   71    1   1   1
   9628    1   67   71    1   1   1
   9629    2   67   71    1   1   1
   9630    3   67   71    1   1   1
   9631    0   68   71    1   1   1
   9632    1   68   71    1   1   1
   9633    2   68   71    1   1   1
   9634    3   68   71    1   1   1
   9635    0   69   71    1   1   1
   9636    1   69   71    1   1   1
   9637    2   69   71    1   1   1
   9638    3   69   71    1   1   1
   9639    1   70   71    1   1   1
   9640    2   70   71    1   1   1
   9641    0   71   71    1   1   1
   9642    1   71   71    1   1   1
   9643    2   71   71    1   1   1
   9644    3   71   71    1   1   1
   9645    1   72   71    1   1   1
   9646    2   72   71    1   1   1
   9647    1   73   71    1   1   1
   9648    2   73   71    1   1   1
   9649    1   74   71    1   1   1
   9650    2   74   71    1   1   1
   9651    1   75   71    1   1   1
   9652    2   75   71    1   1   1
   9653    1   76   71    1   1   1
   9654    2   76   71    1   1   1
   9655    1   77   71    1   1   1
   9656    2   77   71    1   1   1
   9657    1   78   71    1   1   1
   9658    2   78   71    1   1   1
   9659    0   79   71    1   1   1
   9660    1   79   71    1   1   1
   9661    2   79   71    1   1   1
   9662    3   79   71    1   1   1
   9663    0   80   71    1   1   1
   9664    1   80   71    1   1   1
   9665    2   80   71    1   1   1
   9666    3   80   71    1   1   1
   9667    0   81   71    1   1   1
   9668    1   81   71    1   1   1
   9669    2   81   71    1   1   1
   9670    3   81   71    1   1   1
   9671    1   82   71    1   1   1
   9672    2   82   71    1   1   1
   9673    1   83   71    1   1   1
   9674    2   83   71    1   1   1
   9675    1   84   71    1   1   1
   9676    2   84   71    1   1   1
   9677    1   85   71    1   1   1
   9678    2   85   71    1   1   1
   9679    1   86   71    1   1   1
   9680    2   86   71    1   1   1
   9681    1   87   71    1   1   1
   9682    2   87   71    1   1   1
   9683    1   88   71    1   1   1
   9684    2   88   71    1   1   1
   9685    1    1   72    1   1   1
   9686    2    1   72    1   1   1
   9687    1    2   72    1   1   1
   9688    2    2   72    1   1   1
   9689    1    3   72    1   1   1
   9690    2    3   72    1   1   1
   9691    1    4   72    1   1   1
   9692    2    4   72    1   1   1
   9693    1    5   72    1   1   1
   9694    2    5   72    1   1   1
   9695    0    6   72    1   1   1
   9696    1    6   72    1   1   1
   9697    2    6   72    1   1   1
   9698    3    6   72    1   1   1
   9699    0    7   72    1   1   1
   9700    1    7   72    1   1   1
   9701    2    7   72    1   1   1
   9702    3    7   72    1   1   1
   9703    0    8   72    1   1   1
   9704    1    8   72    1   1   1
   9705    2    8   72    1   1   1
   9706    3    8   72    1   1   1
   9707    1    9   72    1   1   1
   9708    2    9   72    1   1   1
   9709    1   10   72    1   1   1
   9710    2   10   72    1   1   1
   9711    1   11   72    1   1   1
   9712    2   11   72    1   1   1
   9713    1   12   72    1   1   1
   9714    2   12   72    1   1   1
   9715    1   13   72    1   1   1
   9716    2   13   72    1   1   1
   9717    1   14   72    1   1   1
   9718    2   14   72    1   1   1
   9719    1   15   72    1   1   1
   9720    2   15   72    1   1   1
   9721    1   16   72    1   1   1
   9722    2   16   72    1   1   1
   9723    0   17   72    1   1   1
   9724    1   17   72    1   1   1
   9725    2   17   72    1   1   1
   9726    3   17   72    1   1   1
   9727    0   18   72    1   1   1
   9728    1   18   72    1   1   1
   9729    2   18   72    1   1   1
   9730    3   18   72    1   1   1
   9731    0   19   72    1   1   1
   9732    1   19   72    1   1   1
   9733    2   19   72    1   1   1
   9734    3   19   72    1   1   1
   9735    0   21   72    1   1   1
   9736    1   21   72    1   1   1
   9737    2   21   72    1   1   1
   9738    3   21   72    1   1   1
   9739    0   22   72    1   1   1
   9740    1   22   72    1   1   1
   9741    2   22   72    1   1   1
   9742    3   22   72    1   1   1
   9743    0   37   72    1   1   1
   9744    3   37   72    1   1   1
   9745    0   38   72    1   1   1
   9746    3   38   72    1   1   1
   9747    0   39   72    1   1   1
   9748    1   39   72    1   1   1
   9749    2   39   72    1   1   1
   9750    3   39   72    1   1   1
   9751    0   40   72    1   1   1
   9752    1   40   72    1   1   1
   9753    2   40   72    1   1   1
   9754    3   40   72    1   1   1
   9755    0   41   72    1   1   1
   9756    1   41   72    1   1   1
   9757    2   41   72    1   1   1
   9758    3   41   72    1   1   1
   9759    0   42   72    1   1   1
   9760    1   42   72    1   1   1
   9761    2   42   72    1   1   1
   9762    3   42   72    1   1   1
   9763    1   43   72    1   1   1
   9764    2   43   72    1   1   1
   9765    0   44   72    1   1   1
   9766    1   44   72    1   1   1
   9767    2   44   72    1   1   1
   9768    3   44   72    1   1   1
   9769    1   45   72    1   1   1
   9770    2   45   72    1   1   1
   9771    1   46   72    1   1   1
   9772    2   46   72    1   1   1
   9773    0   47   72    1   1   1
   9774    1   47   72    1   1   1
   9775    2   47   72    1   1   1
   9776    3   47   72    1   1   1
   9777    0   48   72    1   1   1
   9778    1   48   72    1   1   1
   9779    2   48   72    1   1   1
   9780    3   48   72    1   1   1
   9781    0   49   72    1   1   1
   9782    1   49   72    1   1   1
   9783    2   49   72    1   1   1
   9784    3   49   72    1   1   1
   9785    0   50   72    1   1   1
   9786    3   50   72    1   1   1
   9787    0   51   72    1   1   1
   9788    3   51   72    1   1   1
   9789    0   67   72    1   1   1
   9790    3   67   72    1   1   1
   9791    0   68   72    1   1   1
   9792    1   68   72    1   1   1
   9793    2   68   72    1   1   1
   9794    3   68   72    1   1   1
   9795    0   69   72    1   1   1
   9796    3   69   72    1   1   1
   9797    0   70   72    1   1   1
   9798    1   70   72    1   1   1
   9799    2   70   72    1   1   1
   9800    3   70   72    1   1   1
   9801    0   71   72    1   1   1
   9802    1   71   72    1   1   1
   9803    2   71   72    1   1   1
   9804    3   71   72    1   1   1
   9805    0   72   72    1   1   1
   9806    1   72   72    1   1   1
   9807    2   72   72    1   1   1
   9808    3   72   72    1   1   1
   9809    1   73   72    1   1   1
   9810    2   73   72    1   1   1
   9811    1   74   72    1   1   1
   9812    2   74   72    1   1   1
   9813    1   75   72    1   1   1
   9814    2   75   72    1   1   1
   9815    1   76   72    1   1   1
   9816    2   76   72    1   1   1
   9817    1   77   72    1   1   1
   9818    2   77   72    1   1   1
   9819    1   78   72    1   1   1
   9820    2   78   72    1   1   1
   9821    1   79   72    1   1   1
   9822    2   79   72    1   1   1
   9823    1   80   72    1   1   1
   9824    2   80   72    1   1   1
   9825    0   81   72    1   1   1
   9826    1   81   72    1   1   1
   9827    2   81   72    1   1   1
   9828    3   81   72    1   1   1
   9829    0   82   72    1   1   1
   9830    1   82   72    1   1   1
   9831    2   82   72    1   1   1
   9832    3   82   72    1   1   1
   9833    0   83   72    1   1   1
   9834    1   83   72    1   1   1
   9835    2   83   72    1   1   1
   9836    3   83   72    1   1   1
   9837    1   84   72    1   1   1
   9838    2   84   72    1   1   1
   9839    1   85   72    1   1   1
   9840    2   85   72    1   1   1
   9841    1   86   72    1   1   1
   9842    2   86   72    1   1   1
   9843    1   87   72    1   1   1
   9844    2   87   72    1   1   1
   9845    1   88   72    1   1   1
   9846    2   88   72    1   1   1
   9847    1    1   73    1   1   1
   9848    2    1   73    1   1   1
   9849    1    2   73    1   1   1
   9850    2    2   73    1   1   1
   9851    1    3   73    1   1   1
   9852    2    3   73    1   1   1
   9853    1    4   73    1   1   1
   9854    2    4   73    1   1   1
   9855    0    5   73    1   1   1
   9856    1    5   73    1   1   1
   9857    2    5   73    1   1   1
   9858    3    5   73    1   1   1
   9859    0    6   73    1   1   1
   9860    1    6   73    1   1   1
   9861    2    6   73    1   1   1
   9862    3    6   73    1   1   1
   9863    1    7   73    1   1   1
   9864    2    7   73    1   1   1
   9865    1    8   73    1   1   1
   9866    2    8   73    1   1   1
   9867    1    9   73    1   1   1
   9868    2    9   73    1   1   1
   9869    1   10   73    1   1   1
   9870    2   10   73    1   1   1
   9871    1   11   73    1   1   1
   9872    2   11   73    1   1   1
   9873    1   12   73    1   1   1
   9874    2   12   73    1   1   1
   9875    1   13   73    1   1   1
   9876    2   13   73    1   1   1
   9877    1   14   73    1   1   1
   9878    2   14   73    1   1   1
   9879    0   15   73    1   1   1
   9880    1   15   73    1   1   1
   9881    2   15   73    1   1   1
   9882    3   15   73    1   1   1
   9883    0   16   73    1   1   1
   9884    1   16   73    1   1   1
   9885    2   16   73    1   1   1
   9886    3   16   73    1   1   1
   9887    0   17   73    1   1   1
   9888    1   17   73    1   1   1
   9889    2   17   73    1   1   1
   9890    3   17   73    1   1   1
   9891    0   18   73    1   1   1
   9892    1   18   73    1   1   1
   9893    2   18   73    1   1   1
   9894    3   18   73    1   1   1
   9895    0   19   73    1   1   1
   9896    1   19   73    1   1   1
   9897    2   19   73    1   1   1
   9898    3   19   73    1   1   1
   9899    0   21   73    1   1   1
   9900    1   21   73    1   1   1
   9901    2   21   73    1   1   1
   9902    3   21   73    1   1   1
   9903    0   22   73    1   1   1
   9904    1   22   73    1   1   1
   9905    2   22   73    1   1   1
   9906    3   22   73    1   1   1
   9907    0   36   73    1   1   1
   9908    1   36   73    1   1   1
   9909    2   36   73    1   1   1
   9910    3   36   73    1   1   1
   9911    0   37   73    1   1   1
   9912    1   37   73    1   1   1
   9913    2   37   73    1   1   1
   9914    3   37   73    1   1   1
   9915    0   38   73    1   1   1
   9916    1   38   73    1   1   1
   9917    2   38   73    1   1   1
   9918    3   38   73    1   1   1
   9919    0   39   73    1   1   1
   9920    1   39   73    1   1   1
   9921    2   39   73    1   1   1
   9922    3   39   73    1   1   1
   9923    0   40   73    1   1   1
   9924    1   40   73    1   1   1
   9925    2   40   73    1   1   1
   9926    3   40   73    1   1   1
   9927    0   41   73    1   1   1
   9928    1   41   73    1   1   1
   9929    2   41   73    1   1   1
   9930    3   41   73    1   1   1
   9931    0   42   73    1   1   1
   9932    1   42   73    1   1   1
   9933    2   42   73    1   1   1
   9934    3   42   73    1   1   1
   9935    1   43   73    1   1   1
   9936    2   43   73    1   1   1
   9937    0   44   73    1   1   1
   9938    1   44   73    1   1   1
   9939    2   44   73    1   1   1
   9940    3   44   73    1   1   1
   9941    0   45   73    1   1   1
   9942    1   45   73    1   1   1
   9943    2   45   73    1   1   1
   9944    3   45   73    1   1   1
   9945    1   46   73    1   1   1
   9946    2   46   73    1   1   1
   9947    0   47   73    1   1   1
   9948    1   47   73    1   1   1
   9949    2   47   73    1   1   1
   9950    3   47   73    1   1   1
   9951    0   48   73    1   1   1
   9952    1   48   73    1   1   1
   9953    2   48   73    1   1   1
   9954    3   48   73    1   1   1
   9955    0   49   73    1   1   1
   9956    1   49   73    1   1   1
   9957    2   49   73    1   1   1
   9958    3   49   73    1   1   1
   9959    0   50   73    1   1   1
   9960    1   50   73    1   1   1
   9961    2   50   73    1   1   1
   9962    3   50   73    1   1   1
   9963    0   51   73    1   1   1
   9964    1   51   73    1   1   1
   9965    2   51   73    1   1   1
   9966    3   51   73    1   1   1
   9967    0   52   73    1   1   1
   9968    1   52   73    1   1   1
   9969    2   52   73    1   1   1
   9970    3   52   73    1   1   1
   9971    0   53   73    1   1   1
   9972    1   53   73    1   1   1
   9973    2   53   73    1   1   1
   9974    3   53   73    1   1   1
   9975    0   67   73    1   1   1
   9976    3   67   73    1   1   1
   9977    0   68   73    1   1   1
   9978    1   68   73    1   1   1
   9979    2   68   73    1   1   1
   9980    3   68   73    1   1   1
   9981    0   69   73    1   1   1
   9982    3   69   73    1   1   1
   9983    0   70   73    1   1   1
   9984    1   70   73    1   1   1
   9985    2   70   73    1   1   1
   9986    3   70   73    1   1   1
   9987    0   71   73    1   1   1
   9988    3   71   73    1   1   1
   9989    0   72   73    1   1   1
   9990    1   72   73    1   1   1
   9991    2   72   73    1   1   1
   9992    3   72   73    1   1   1
   9993    0   74   73    1   1   1
   9994    1   74   73    1   1   1
   9995    2   74   73    1   1   1
   9996    3   74   73    1   1   1
   9997    1   75   73    1   1   1
   9998    2   75   73    1   1   1
   9999    1   76   73    1   1   1
  10000    2   76   73    1   1   1
  10001    1   77   73    1   1   1
  10002    2   77   73    1   1   1
  10003    1   78   73    1   1   1
  10004    2   78   73    1   1   1
  10005    1   79   73    1   1   1
  10006    2   79   73    1   1   1
  10007    1   80   73    1   1   1
  10008    2   80   73    1   1   1
  10009    1   81   73    1   1   1
  10010    2   81   73    1   1   1
  10011    1   82   73    1   1   1
  10012    2   82   73    1   1   1
  10013    0   83   73    1   1   1
  10014    1   83   73    1   1   1
  10015    2   83   73    1   1   1
  10016    3   83   73    1   1   1
  10017    0   84   73    1   1   1
  10018    1   84   73    1   1   1
  10019    2   84   73    1   1   1
  10020    3   84   73    1   1   1
  10021    1   85   73    1   1   1
  10022    2   85   73    1   1   1
  10023    1   86   73    1   1   1
  10024    2   86   73    1   1   1
  10025    1   87   73    1   1   1
  10026    2   87   73    1   1   1
  10027    1   88   73    1   1   1
  10028    2   88   73    1   1   1
  10029    1    1   74    1   1   1
  10030    2    1   74    1   1   1
  10031    1    2   74    1   1   1
  10032    2    2   74    1   1   1
  10033    0    3   74    1   1   1
  10034    1    3   74    1   1   1
  10035    2    3   74    1   1   1
  10036    3    3   74    1   1   1
  10037    0    4   74    1   1   1
  10038    1    4   74    1   1   1
  10039    2    4   74    1   1   1
  10040    3    4   74    1   1   1
  10041    0    5   74    1   1   1
  10042    1    5   74    1   1   1
  10043    2    5   74    1   1   1
  10044    3    5   74    1   1   1
  10045    1    6   74    1   1   1
  10046    2    6   74    1   1   1
  10047    1    7   74    1   1   1
  10048    2    7   74    1   1   1
  10049    1    8   74    1   1   1
  10050    2    8   74    1   1   1
  10051    1    9   74    1   1   1
  10052    2    9   74    1   1   1
  10053    1   10   74    1   1   1
  10054    2   10   74    1   1   1
  10055    1   11   74    1   1   1
  10056    2   11   74    1   1   1
  10057    1   12   74    1   1   1
  10058    2   12   74    1   1   1
  10059    1   13   74    1   1   1
  10060    2   13   74    1   1   1
  10061    0   14   74    1   1   1
  10062    1   14   74    1   1   1
  10063    2   14   74    1   1   1
  10064    3   14   74    1   1   1
  10065    0   15   74    1   1   1
  10066    1   15   74    1   1   1
  10067    2   15   74    1   1   1
  10068    3   15   74    1   1   1
  10069    0   16   74    1   1   1
  10070    3   16   74    1   1   1
  10071    0   17   74    1   1   1
  10072    1   17   74    1   1   1
  10073    2   17   74    1   1   1
  10074    3   17   74    1   1   1
  10075    0   18   74    1   1   1
  10076    1   18   74    1   1   1
  10077    2   18   74    1   1   1
  10078    3   18   74    1   1   1
  10079    0   21   74    1   1   1
  10080    1   21   74    1   1   1
  10081    2   21   74    1   1   1
  10082    3   21   74    1   1   1
  10083    0   22   74    1   1   1
  10084    3   22   74    1   1   1
  10085    0   36   74    1   1   1
  10086    1   36   74    1   1   1
  10087    2   36   74    1   1   1
  10088    3   36   74    1   1   1
  10089    0   37   74    1   1   1
  10090    1   37   74    1   1   1
  10091    2   37   74    1   1   1
  10092    3   37   74    1   1   1
  10093    0   38   74    1   1   1
  10094    3   38   74    1   1   1
  10095    0   39   74    1   1   1
  10096    3   39   74    1   1   1
  10097    0   40   74    1   1   1
  10098    1   40   74    1   1   1
  10099    2   40   74    1   1   1
  10100    3   40   74    1   1   1
  10101    0   41   74    1   1   1
  10102    1   41   74    1   1   1
  10103    2   41   74    1   1   1
  10104    3   41   74    1   1   1
  10105    0   42   74    1   1   1
  10106    1   42   74    1   1   1
  10107    2   42   74    1   1   1
  10108    3   42   74    1   1   1
  10109    1   43   74    1   1   1
  10110    2   43   74    1   1   1
  10111    0   44   74    1   1   1
  10112    1   44   74    1   1   1
  10113    2   44   74    1   1   1
  10114    3   44   74    1   1   1
  10115    0   45   74    1   1   1
  10116    1   45   74    1   1   1
  10117    2   45   74    1   1   1
  10118    3   45   74    1   1   1
  10119    1   46   74    1   1   1
  10120    2   46   74    1   1   1
  10121    0   47   74    1   1   1
  10122    1   47   74    1   1   1
  10123    2   47   74    1   1   1
  10124    3   47   74    1   1   1
  10125    0   48   74    1   1   1
  10126    1   48   74    1   1   1
  10127    2   48   74    1   1   1
  10128    3   48   74    1   1   1
  10129    0   49   74    1   1   1
  10130    1   49   74    1   1   1
  10131    2   49   74    1   1   1
  10132    3   49   74    1   1   1
  10133    0   50   74    1   1   1
  10134    3   50   74    1   1   1
  10135    0   51   74    1   1   1
  10136    1   51   74    1   1   1
  10137    2   51   74    1   1   1
  10138    3   51   74    1   1   1
  10139    0   52   74    1   1   1
  10140    1   52   74    1   1   1
  10141    2   52   74    1   1   1
  10142    3   52   74    1   1   1
  10143    0   53   74    1   1   1
  10144    1   53   74    1   1   1
  10145    2   53   74    1   1   1
  10146    3   53   74    1   1   1
  10147    0   67   74    1   1   1
  10148    3   67   74    1   1   1
  10149    0   68   74    1   1   1
  10150    1   68   74    1   1   1
  10151    2   68   74    1   1   1
  10152    3   68   74    1   1   1
  10153    0   70   74    1   1   1
  10154    1   70   74    1   1   1
  10155    2   70   74    1   1   1
  10156    3   70   74    1   1   1
  10157    0   71   74    1   1   1
  10158    3   71   74    1   1   1
  10159    0   72   74    1   1   1
  10160    1   72   74    1   1   1
  10161    2   72   74    1   1   1
  10162    3   72   74    1   1   1
  10163    0   74   74    1   1   1
  10164    1   74   74    1   1   1
  10165    2   74   74    1   1   1
  10166    3   74   74    1   1   1
  10167    0   75   74    1   1   1
  10168    1   75   74    1   1   1
  10169    2   75   74    1   1   1
  10170    3   75   74    1   1   1
  10171    1   76   74    1   1   1
  10172    2   76   74    1   1   1
  10173    1   77   74    1   1   1
  10174    2   77   74    1   1   1
  10175    1   78   74    1   1   1
  10176    2   78   74    1   1   1
  10177    1   79   74    1   1   1
  10178    2   79   74    1   1   1
  10179    1   80   74    1   1   1
  10180    2   80   74    1   1   1
  10181    1   81   74    1   1   1
  10182    2   81   74    1   1   1
  10183    1   82   74    1   1   1
  10184    2   82   74    1   1   1
  10185    1   83   74    1   1   1
  10186    2   83   74    1   1   1
  10187    0   84   74    1   1   1
  10188    1   84   74    1   1   1
  10189    2   84   74    1   1   1
  10190    3   84   74    1   1   1
  10191    0   85   74    1   1   1
  10192    1   85   74    1   1   1
  10193    2   85   74    1   1   1
  10194    3   85   74    1   1   1
  10195    0   86   74    1   1   1
  10196    1   86   74    1   1   1
  10197    2   86   74    1   1   1
  10198    3   86   74    1   1   1
  10199    1   87   74    1   1   1
  10200    2   87   74    1   1   1
  10201    1   88   74    1   1   1
  10202    2   88   74    1   1   1
  10203    1    1   75    1   1   1
  10204    2    1   75    1   1   1
  10205    0    2   75    1   1   1
  10206    1    2   75    1   1   1
  10207    2    2   75    1   1   1
  10208    3    2   75    1   1   1
  10209    1    3   75    1   1   1
  10210    2    3   75    1   1   1
  10211    1    4   75    1   1   1
  10212    2    4   75    1   1   1
  10213    1    5   75    1   1   1
  10214    2    5   75    1   1   1
  10215    1    6   75    1   1   1
  10216    2    6   75    1   1   1
  10217    1    7   75    1   1   1
  10218    2    7   75    1   1   1
  10219    1    8   75    1   1   1
  10220    2    8   75    1   1   1
  10221    1    9   75    1   1   1
  10222    2    9   75    1   1   1
  10223    1   10   75    1   1   1
  10224    2   10   75    1   1   1
  10225    1   11   75    1   1   1
  10226    2   11   75    1   1   1
  10227    1   12   75    1   1   1
  10228    2   12   75    1   1   1
  10229    0   14   75    1   1   1
  10230    1   14   75    1   1   1
  10231    2   14   75    1   1   1
  10232    3   14   75    1   1   1
  10233    0   15   75    1   1   1
  10234    1   15   75    1   1   1
  10235    2   15   75    1   1   1
  10236    3   15   75    1   1   1
  10237    0   16   75    1   1   1
  10238    3   16   75    1   1   1
  10239    0   17   75    1   1   1
  10240    1   17   75    1   1   1
  10241    2   17   75    1   1   1
  10242    3   17   75    1   1   1
  10243    0   18   75    1   1   1
  10244    1   18   75    1   1   1
  10245    2   18   75    1   1   1
  10246    3   18   75    1   1   1
  10247    0   36   75    1   1   1
  10248    1   36   75    1   1   1
  10249    2   36   75    1   1   1
  10250    3   36   75    1   1   1
  10251    0   37   75    1   1   1
  10252    3   37   75    1   1   1
  10253    0   38   75    1   1   1
  10254    1   38   75    1   1   1
  10255    2   38   75    1   1   1
  10256    3   38   75    1   1   1
  10257    0   39   75    1   1   1
  10258    1   39   75    1   1   1
  10259    2   39   75    1   1   1
  10260    3   39   75    1   1   1
  10261    0   40   75    1   1   1
  10262    1   40   75    1   1   1
  10263    2   40   75    1   1   1
  10264    3   40   75    1   1   1
  10265    0   41   75    1   1   1
  10266    1   41   75    1   1   1
  10267    2   41   75    1   1   1
  10268    3   41   75    1   1   1
  10269    0   42   75    1   1   1
  10270    1   42   75    1   1   1
  10271    2   42   75    1   1   1
  10272    3   42   75    1   1   1
  10273    1   43   75    1   1   1
  10274    2   43   75    1   1   1
  10275    0   44   75    1   1   1
  10276    1   44   75    1   1   1
  10277    2   44   75    1   1   1
  10278    3   44   75    1   1   1
  10279    0   45   75    1   1   1
  10280    1   45   75    1   1   1
  10281    2   45   75    1   1   1
  10282    3   45   75    1   1   1
  10283    1   46   75    1   1   1
  10284    2   46   75    1   1   1
  10285    1   47   75    1   1   1
  10286    2   47   75    1   1   1
  10287    0   48   75    1   1   1
  10288    1   48   75    1   1   1
  10289    2   48   75    1   1   1
  10290    3   48   75    1   1   1
  10291    0   49   75    1   1   1
  10292    1   49   75    1   1   1
  10293    2   49   75    1   1   1
  10294    3   49   75    1   1   1
  10295    0   50   75    1   1   1
  10296    1   50   75    1   1   1
  10297    2   50   75    1   1   1
  10298    3   50   75    1   1   1
  10299    0   51   75    1   1   1
  10300    3   51   75    1   1   1
  10301    0   52   75    1   1   1
  10302    3   52   75    1   1   1
  10303    0   53   75    1   1   1
  10304    1   53   75    1   1   1
  10305    2   53   75    1   1   1
  10306    3   53   75    1   1   1
  10307    0   71   75    1   1   1
  10308    1   71   75    1   1   1
  10309    2   71   75    1   1   1
  10310    3   71   75    1   1   1
  10311    0   72   75    1   1   1
  10312    1   72   75    1   1   1
  10313    2   72   75    1   1   1
  10314    3   72   75    1   1   1
  10315    0   74   75    1   1   1
  10316    1   74   75    1   1   1
  10317    2   74   75    1   1   1
  10318    3   74   75    1   1   1
  10319    0   75   75    1   1   1
  10320    1   75   75    1   1   1
  10321    2   75   75    1   1   1
  10322    3   75   75    1   1   1
  10323    1   76   75    1   1   1
  10324    2   76   75    1   1   1
  10325    1   77   75    1   1   1
  10326    2   77   75    1   1   1
  10327    1   78   75    1   1   1
  10328    2   78   75    1   1   1
  10329    1   79   75    1   1   1
  10330    2   79   75    1   1   1
  10331    1   80   75    1   1   1
  10332    2   80   75    1   1   1
  10333    1   81   75    1   1   1
  10334    2   81   75    1   1   1
  10335    1   82   75    1   1   1
  10336    2   82   75    1   1   1
  10337    1   83   75    1   1   1
  10338    2   83   75    1   1   1
  10339    1   84   75    1   1   1
  10340    2   84   75    1   1   1
  10341    1   85   75    1   1   1
  10342    2   85   75    1   1   1
  10343    1   86   75    1   1   1
  10344    2   86   75    1   1   1
  10345    0   87   75    1   1   1
  10346    1   87   75    1   1   1
  10347    2   87   75    1   1   1
  10348    3   87   75    1   1   1
  10349    1   88   75    1   1   1
  10350    2   88   75    1   1   1
  10351    1    0   76    1   1   1
  10352    2    0   76    1   1   1
  10353    1    1   76    1   1   1
  10354    2    1   76    1   1   1
  10355    1    2   76    1   1   1
  10356    2    2   76    1   1   1
  10357    1    3   76    1   1   1
  10358    2    3   76    1   1   1
  10359    1    4   76    1   1   1
  10360    2    4   76    1   1   1
  10361    1    5   76    1   1   1
  10362    2    5   76    1   1   1
  10363    1    6   76    1   1   1
  10364    2    6   76    1   1   1
  10365    1    7   76    1   1   1
  10366    2    7   76    1   1   1
  10367    1    8   76    1   1   1
  10368    2    8   76    1   1   1
  10369    1    9   76    1   1   1
  10370    2    9   76    1   1   1
  10371    1   10   76    1   1   1
  10372    2   10   76    1   1   1
  10373    1   11   76    1   1   1
  10374    2   11   76    1   1   1
  10375    1   12   76    1   1   1
  10376    2   12   76    1   1   1
  10377    0   14   76    1   1   1
  10378    1   14   76    1   1   1
  10379    2   14   76    1   1   1
  10380    3   14   76    1   1   1
  10381    0   15   76    1   1   1
  10382    1   15   76    1   1   1
  10383    2   15   76    1   1   1
  10384    3   15   76    1   1   1
  10385    0   17   76    1   1   1
  10386    1   17   76    1   1   1
  10387    2   17   76    1   1   1
  10388    3   17   76    1   1   1
  10389    0   36   76    1   1   1
  10390    3   36   76    1   1   1
  10391    0   37   76    1   1   1
  10392    1   37   76    1   1   1
  10393    2   37   76    1   1   1
  10394    3   37   76    1   1   1
  10395    0   38   76    1   1   1
  10396    1   38   76    1   1   1
  10397    2   38   76    1   1   1
  10398    3   38   76    1   1   1
  10399    0   39   76    1   1   1
  10400    3   39   76    1   1   1
  10401    0   40   76    1   1   1
  10402    1   40   76    1   1   1
  10403    2   40   76    1   1   1
  10404    3   40   76    1   1   1
  10405    0   41   76    1   1   1
  10406    1   41   76    1   1   1
  10407    2   41   76    1   1   1
  10408    3   41   76    1   1   1
  10409    0   42   76    1   1   1
  10410    1   42   76    1   1   1
  10411    2   42   76    1   1   1
  10412    3   42   76    1   1   1
  10413    1   43   76    1   1   1
  10414    2   43   76    1   1   1
  10415    0   44   76    1   1   1
  10416    1   44   76    1   1   1
  10417    2   44   76    1   1   1
  10418    3   44   76    1   1   1
  10419    1   45   76    1   1   1
  10420    2   45   76    1   1   1
  10421    1   46   76    1   1   1
  10422    2   46   76    1   1   1
  10423    1   47   76    1   1   1
  10424    2   47   76    1   1   1
  10425    0   48   76    1   1   1
  10426    1   48   76    1   1   1
  10427    2   48   76    1   1   1
  10428    3   48   76    1   1   1
  10429    0   49   76    1   1   1
  10430    1   49   76    1   1   1
  10431    2   49   76    1   1   1
  10432    3   49   76    1   1   1
  10433    0   50   76    1   1   1
  10434    3   50   76    1   1   1
  10435    0   51   76    1   1   1
  10436    1   51   76    1   1   1
  10437    2   51   76    1   1   1
  10438    3   51   76    1   1   1
  10439    0   52   76    1   1   1
  10440    1   52   76    1   1   1
  10441    2   52   76    1   1   1
  10442    3   52   76    1   1   1
  10443    0   72   76    1   1   1
  10444    1   72   76    1   1   1
  10445    2   72   76    1   1   1
  10446    3   72   76    1   1   1
  10447    0   74   76    1   1   1
  10448    1   74   76    1   1   1
  10449    2   74   76    1   1   1
  10450    3   74   76    1   1   1
  10451    0   75   76    1   1   1
  10452    1   75   76    1   1   1
  10453    2   75   76    1   1   1
  10454    3   75   76    1   1   1
  10455    1   77   76    1   1   1
  10456    2   77   76    1   1   1
  10457    1   78   76    1   1   1
  10458    2   78   76    1   1   1
  10459    1   79   76    1   1   1
  10460    2   79   76    1   1   1
  10461    1   80   76    1   1   1
  10462    2   80   76    1   1   1
  10463    1   81   76    1   1   1
  10464    2   81   76    1   1   1
  10465    1   82   76    1   1   1
  10466    2   82   76    1   1   1
  10467    1   83   76    1   1   1
  10468    2   83   76    1   1   1
  10469    1   84   76    1   1   1
  10470    2   84   76    1   1   1
  10471    1   85   76    1   1   1
  10472    2   85   76    1   1   1
  10473    1   86   76    1   1   1
  10474    2   86   76    1   1   1
  10475    1   87   76    1   1   1
  10476    2   87   76    1   1   1
  10477    1   88   76    1   1   1
  10478    2   88   76    1   1   1
  10479    1   89   76    1   1   1
  10480    2   89   76    1   1   1
  10481    1    3   77    1   1   1
  10482    2    3   77    1   1   1
  10483    1    4   77    1   1   1
  10484    2    4   77    1   1   1
  10485    1    5   77    1   1   1
  10486    2    5   77    1   1   1
  10487    1    6   77    1   1   1
  10488    2    6   77    1   1   1
  10489    1    7   77    1   1   1
  10490    2    7   77    1   1   1
  10491    1    8   77    1   1   1
  10492    2    8   77    1   1   1
  10493    1    9   77    1   1   1
  10494    2    9   77    1   1   1
  10495    1   10   77    1   1   1
  10496    2   10   77    1   1   1
  10497    1   11   77    1   1   1
  10498    2   11   77    1   1   1
  10499    0   14   77    1   1   1
  10500    1   14   77    1   1   1
  10501    2   14   77    1   1   1
  10502    3   14   77    1   1   1
  10503    0   36   77    1   1   1
  10504    1   36   77    1   1   1
  10505    2   36   77    1   1   1
  10506    3   36   77    1   1   1
  10507    0   37   77    1   1   1
  10508    3   37   77    1   1   1
  10509    0   38   77    1   1   1
  10510    3   38   77    1   1   1
  10511    0   39   77    1   1   1
  10512    1   39   77    1   1   1
  10513    2   39   77    1   1   1
  10514    3   39   77    1   1   1
  10515    0   40   77    1   1   1
  10516    1   40   77    1   1   1
  10517    2   40   77    1   1   1
  10518    3   40   77    1   1   1
  10519    0   41   77    1   1   1
  10520    1   41   77    1   1   1
  10521    2   41   77    1   1   1
  10522    3   41   77    1   1   1
  10523    0   42   77    1   1   1
  10524    1   42   77    1   1   1
  10525    2   42   77    1   1   1
  10526    3   42   77    1   1   1
  10527    1   43   77    1   1   1
  10528    2   43   77    1   1   1
  10529    0   44   77    1   1   1
  10530    1   44   77    1   1   1
  10531    2   44   77    1   1   1
  10532    3   44   77    1   1   1
  10533    0   45   77    1   1   1
  10534    1   45   77    1   1   1
  10535    2   45   77    1   1   1
  10536    3   45   77    1   1   1
  10537    1   46   77    1   1   1
  10538    2   46   77    1   1   1
  10539    1   47   77    1   1   1
  10540    2   47   77    1   1   1
  10541    0   48   77    1   1   1
  10542    1   48   77    1   1   1
  10543    2   48   77    1   1   1
  10544    3   48   77    1   1   1
  10545    0   49   77    1   1   1
  10546    1   49   77    1   1   1
  10547    2   49   77    1   1   1
  10548    3   49   77    1   1   1
  10549    0   50   77    1   1   1
  10550    1   50   77    1   1   1
  10551    2   50   77    1   1   1
  10552    3   50   77    1   1   1
  10553    0   52   77    1   1   1
  10554    3   52   77    1   1   1
  10555    0   74   77    1   1   1
  10556    1   74   77    1   1   1
  10557    2   74   77    1   1   1
  10558    3   74   77    1   1   1
  10559    0   75   77    1   1   1
  10560    1   75   77    1   1   1
  10561    2   75   77    1   1   1
  10562    3   75   77    1   1   1
  10563    1   77   77    1   1   1
  10564    2   77   77    1   1   1
  10565    1   78   77    1   1   1
  10566    2   78   77    1   1   1
  10567    1   79   77    1   1   1
  10568    2   79   77    1   1   1
  10569    1   80   77    1   1   1
  10570    2   80   77    1   1   1
  10571    1   81   77    1   1   1
  10572    2   81   77    1   1   1
  10573    1   82   77    1   1   1
  10574    2   82   77    1   1   1
  10575    1   83   77    1   1   1
  10576    2   83   77    1   1   1
  10577    1   84   77    1   1   1
  10578    2   84   77    1   1   1
  10579    1   85   77    1   1   1
  10580    2   85   77    1   1   1
  10581    1   86   77    1   1   1
  10582    2   86   77    1   1   1
  10583    1    5   78    1   1   1
  10584    2    5   78    1   1   1
  10585    1    6   78    1   1   1
  10586    2    6   78    1   1   1
  10587    1    7   78    1   1   1
  10588    2    7   78    1   1   1
  10589    1    8   78    1   1   1
  10590    2    8   78    1   1   1
  10591    1    9   78    1   1   1
  10592    2    9   78    1   1   1
  10593    1   10   78    1   1   1
  10594    2   10   78    1   1   1
  10595    1   11   78    1   1   1
  10596    2   11   78    1   1   1
  10597    0   37   78    1   1   1
  10598    1   37   78    1   1   1
  10599    2   37   78    1   1   1
  10600    3   37   78    1   1   1
  10601    0   38   78    1   1   1
  10602    1   38   78    1   1   1
  10603    2   38   78    1   1   1
  10604    3   38   78    1   1   1
  10605    0   39   78    1   1   1
  10606    1   39   78    1   1   1
  10607    2   39   78    1   1   1
  10608    3   39   78    1   1   1
  10609    0   40   78    1   1   1
  10610    1   40   78    1   1   1
  10611    2   40   78    1   1   1
  10612    3   40   78    1   1   1
  10613    0   41   78    1   1   1
  10614    1   41   78    1   1   1
  10615    2   41   78    1   1   1
  10616    3   41   78    1   1   1
  10617    0   42   78    1   1   1
  10618    1   42   78    1   1   1
  10619    2   42   78    1   1   1
  10620    3   42   78    1   1   1
  10621    1   43   78    1   1   1
  10622    2   43   78    1   1   1
  10623    0   44   78    1   1   1
  10624    1   44   78    1   1   1
  10625    2   44   78    1   1   1
  10626    3   44   78    1   1   1
  10627    0   45   78    1   1   1
  10628    1   45   78    1   1   1
  10629    2   45   78    1   1   1
  10630    3   45   78    1   1   1
  10631    1   46   78    1   1   1
  10632    2   46   78    1   1   1
  10633    1   47   78    1   1   1
  10634    2   47   78    1   1   1
  10635    0   48   78    1   1   1
  10636    1   48   78    1   1   1
  10637    2   48   78    1   1   1
  10638    3   48   78    1   1   1
  10639    0   49   78    1   1   1
  10640    1   49   78    1   1   1
  10641    2   49   78    1   1   1
  10642    3   49   78    1   1   1
  10643    0   50   78    1   1   1
  10644    1   50   78    1   1   1
  10645    2   50   78    1   1   1
  10646    3   50   78    1   1   1
  10647    0   51   78    1   1   1
  10648    1   51   78    1   1   1
  10649    2   51   78    1   1   1
  10650    3   51   78    1   1   1
  10651    0   52   78    1   1   1
  10652    1   52   78    1   1   1
  10653    2   52   78    1   1   1
  10654    3   52   78    1   1   1
  10655    1   77   78    1   1   1
  10656    2   77   78    1   1   1
  10657    1   78   78    1   1   1
  10658    2   78   78    1   1   1
  10659    1   81   78    1   1   1
  10660    2   81   78    1   1   1
  10661    1   82   78    1   1   1
  10662    2   82   78    1   1   1
  10663    1   83   78    1   1   1
  10664    2   83   78    1   1   1
  10665    1   84   78    1   1   1
  10666    2   84   78    1   1   1
  10667    1    6   79    1   1   1
  10668    2    6   79    1   1   1
  10669    1   10   79    1   1   1
  10670    2   10   79    1   1   1
  10671    1   11   79    1   1   1
  10672    2   11   79    1   1   1
  10673    0   37   79    1   1   1
  10674    1   37   79    1   1   1
  10675    2   37   79    1   1   1
  10676    3   37   79    1   1   1
  10677    0   38   79    1   1   1
  10678    3   38   79    1   1   1
  10679    0   39   79    1   1   1
  10680    3   39   79    1   1   1
  10681    0   40   79    1   1   1
  10682    1   40   79    1   1   1
  10683    2   40   79    1   1   1
  10684    3   40   79    1   1   1
  10685    0   41   79    1   1   1
  10686    1   41   79    1   1   1
  10687    2   41   79    1   1   1
  10688    3   41   79    1   1   1
  10689    1   42   79    1   1   1
  10690    2   42   79    1   1   1
  10691    1   43   79    1   1   1
  10692    2   43   79    1   1   1
  10693    0   44   79    1   1   1
  10694    1   44   79    1   1   1
  10695    2   44   79    1   1   1
  10696    3   44   79    1   1   1
  10697    0   45   79    1   1   1
  10698    1   45   79    1   1   1
  10699    2   45   79    1   1   1
  10700    3   45   79    1   1   1
  10701    1   46   79    1   1   1
  10702    2   46   79    1   1   1
  10703    1   47   79    1   1   1
  10704    2   47   79    1   1   1
  10705    1   48   79    1   1   1
  10706    2   48   79    1   1   1
  10707    0   49   79    1   1   1
  10708    1   49   79    1   1   1
  10709    2   49   79    1   1   1
  10710    3   49   79    1   1   1
  10711    0   50   79    1   1   1
  10712    3   50   79    1   1   1
  10713    0   51   79    1   1   1
  10714    1   51   79    1   1   1
  10715    2   51   79    1   1   1
  10716    3   51   79    1   1   1
  10717    0   52   79    1   1   1
  10718    1   52   79    1   1   1
  10719    2   52   79    1   1   1
  10720    3   52   79    1   1   1
  10721    1   81   79    1   1   1
  10722    2   81   79    1   1   1
  10723    1   82   79    1   1   1
  10724    2   82   79    1   1   1
  10725    0   37   80    1   1   1
  10726    3   37   80    1   1   1
  10727    0   38   80    1   1   1
  10728    1   38   80    1   1   1
  10729    2   38   80    1   1   1
  10730    3   38   80    1   1   1
  10731    0   39   80    1   1   1
  10732    1   39   80    1   1   1
  10733    2   39   80    1   1   1
  10734    3   39   80    1   1   1
  10735    0   40   80    1   1   1
  10736    1   40   80    1   1   1
  10737    2   40   80    1   1   1
  10738    3   40   80    1   1   1
  10739    0   41   80    1   1   1
  10740    1   41   80    1   1   1
  10741    2   41   80    1   1   1
  10742    3   41   80    1   1   1
  10743    1   42   80    1   1   1
  10744    2   42   80    1   1   1
  10745    1   43   80    1   1   1
  10746    2   43   80    1   1   1
  10747    0   44   80    1   1   1
  10748    1   44   80    1   1   1
  10749    2   44   80    1   1   1
  10750    3   44   80    1   1   1
  10751    1   45   80    1   1   1
  10752    2   45   80    1   1   1
  10753    1   46   80    1   1   1
  10754    2   46   80    1   1   1
  10755    1   47   80    1   1   1
  10756    2   47   80    1   1   1
  10757    1   48   80    1   1   1
  10758    2   48   80    1   1   1
  10759    0   49   80    1   1   1
  10760    1   49   80    1   1   1
  10761    2   49   80    1   1   1
  10762    3   49   80    1   1   1
  10763    0   50   80    1   1   1
  10764    1   50   80    1   1   1
  10765    2   50   80    1   1   1
  10766    3   50   80    1   1   1
  10767    0   36   81    1   1   1
  10768    1   36   81    1   1   1
  10769    2   36   81    1   1   1
  10770    3   36   81    1   1   1
  10771    0   37   81    1   1   1
  10772    1   37   81    1   1   1
  10773    2   37   81    1   1   1
  10774    3   37   81    1   1   1
  10775    0   38   81    1   1   1
  10776    1   38   81    1   1   1
  10777    2   38   81    1   1   1
  10778    3   38   81    1   1   1
  10779    0   39   81    1   1   1
  10780    1   39   81    1   1   1
  10781    2   39   81    1   1   1
  10782    3   39   81    1   1   1
  10783    0   40   81    1   1   1
  10784    1   40   81    1   1   1
  10785    2   40   81    1   1   1
  10786    3   40   81    1   1   1
  10787    0   41   81    1   1   1
  10788    1   41   81    1   1   1
  10789    2   41   81    1   1   1
  10790    3   41   81    1   1   1
  10791    1   42   81    1   1   1
  10792    2   42   81    1   1   1
  10793    1   43   81    1   1   1
  10794    2   43   81    1   1   1
  10795    0   44   81    1   1   1
  10796    1   44   81    1   1   1
  10797    2   44   81    1   1   1
  10798    3   44   81    1   1   1
  10799    0   45   81    1   1   1
  10800    1   45   81    1   1   1
  10801    2   45   81    1   1   1
  10802    3   45   81    1   1   1
  10803    1   46   81    1   1   1
  10804    2   46   81    1   1   1
  10805    1   47   81    1   1   1
  10806    2   47   81    1   1   1
  10807    1   48   81    1   1   1
  10808    2   48   81    1   1   1
  10809    1   49   81    1   1   1
  10810    2   49   81    1   1   1
  10811    0   50   81    1   1   1
  10812    1   50   81    1   1   1
  10813    2   50   81    1   1   1
  10814    3   50   81    1   1   1
  10815    0   51   81    1   1   1
  10816    1   51   81    1   1   1
  10817    2   51   81    1   1   1
  10818    3   51   81    1   1   1
  10819    0   52   81    1   1   1
  10820    1   52   81    1   1   1
  10821    2   52   81    1   1   1
  10822    3   52   81    1   1   1
  10823    0   53   81    1   1   1
  10824    3   53   81    1   1   1
  10825    0   36   82    1   1   1
  10826    1   36   82    1   1   1
  10827    2   36   82    1   1   1
  10828    3   36   82    1   1   1
  10829    0   37   82    1   1   1
  10830    1   37   82    1   1   1
  10831    2   37   82    1   1   1
  10832    3   37   82    1   1   1
  10833    0   38   82    1   1   1
  10834    1   38   82    1   1   1
  10835    2   38   82    1   1   1
  10836    3   38   82    1   1   1
  10837    0   39   82    1   1   1
  10838    1   39   82    1   1   1
  10839    2   39   82    1   1   1
  10840    3   39   82    1   1   1
  10841    0   40   82    1   1   1
  10842    1   40   82    1   1   1
  10843    2   40   82    1   1   1
  10844    3   40   82    1   1   1
  10845    0   41   82    1   1   1
  10846    1   41   82    1   1   1
  10847    2   41   82    1   1   1
  10848    3   41   82    1   1   1
  10849    1   42   82    1   1   1
  10850    2   42   82    1   1   1
  10851    1   43   82    1   1   1
  10852    2   43   82    1   1   1
  10853    0   44   82    1   1   1
  10854    1   44   82    1   1   1
  10855    2   44   82    1   1   1
  10856    3   44   82    1   1   1
  10857    0   45   82    1   1   1
  10858    1   45   82    1   1   1
  10859    2   45   82    1   1   1
  10860    3   45   82    1   1   1
  10861    1   46   82    1   1   1
  10862    2   46   82    1   1   1
  10863    1   47   82    1   1   1
  10864    2   47   82    1   1   1
  10865    1   48   82    1   1   1
  10866    2   48   82    1   1   1
  10867    1   49   82    1   1   1
  10868    2   49   82    1   1   1
  10869    0   50   82    1   1   1
  10870    1   50   82    1   1   1
  10871    2   50   82    1   1   1
  10872    3   50   82    1   1   1
  10873    0   51   82    1   1   1
  10874    1   51   82    1   1   1
  10875    2   51   82    1   1   1
  10876    3   51   82    1   1   1
  10877    0   52   82    1   1   1
  10878    1   52   82    1   1   1
  10879    2   52   82    1   1   1
  10880    3   52   82    1   1   1
  10881    0   53   82    1   1   1
  10882    3   53   82    1   1   1
  10883    0   36   83    1   1   1
  10884    1   36   83    1   1   1
  10885    2   36   83    1   1   1
  10886    3   36   83    1   1   1
  10887    0   37   83    1   1   1
  10888    3   37   83    1   1   1
  10889    0   38   83    1   1   1
  10890    1   38   83    1   1   1
  10891    2   38   83    1   1   1
  10892    3   38   83    1   1   1
  10893    0   39   83    1   1   1
  10894    1   39   83    1   1   1
  10895    2   39   83    1   1   1
  10896    3   39   83    1   1   1
  10897    0   40   83    1   1   1
  10898    1   40   83    1   1   1
  10899    2   40   83    1   1   1
  10900    3   40   83    1   1   1
  10901    0   41   83    1   1   1
  10902    1   41   83    1   1   1
  10903    2   41   83    1   1   1
  10904    3   41   83    1   1   1
  10905    1   42   83    1   1   1
  10906    2   42   83    1   1   1
  10907    1   43   83    1   1   1
  10908    2   43   83    1   1   1
  10909    0   44   83    1   1   1
  10910    1   44   83    1   1   1
  10911    2   44   83    1   1   1
  10912    3   44   83    1   1   1
  10913    0   45   83    1   1   1
  10914    1   45   83    1   1   1
  10915    2   45   83    1   1   1
  10916    3   45   83    1   1   1
  10917    1   46   83    1   1   1
  10918    2   46   83    1   1   1
  10919    1   47   83    1   1   1
  10920    2   47   83    1   1   1
  10921    1   48   83    1   1   1
  10922    2   48   83    1   1   1
  10923    1   49   83    1   1   1
  10924    2   49   83    1   1   1
  10925    0   50   83    1   1   1
  10926    1   50   83    1   1   1
  10927    2   50   83    1   1   1
  10928    3   50   83    1   1   1
  10929    0   51   83    1   1   1
  10930    1   51   83    1   1   1
  10931    2   51   83    1   1   1
  10932    3   51   83    1   1   1
  10933    0   52   83    1   1   1
  10934    1   52   83    1   1   1
  10935    2   52   83    1   1   1
  10936    3   52   83    1   1   1
  10937    0   53   83    1   1   1
  10938    1   53   83    1   1   1
  10939    2   53   83    1   1   1
  10940    3   53   83    1   1   1
  10941    0   37   84    1   1   1
  10942    1   37   84    1   1   1
  10943    2   37   84    1   1   1
  10944    3   37   84    1   1   1
  10945    0   38   84    1   1   1
  10946    1   38   84    1   1   1
  10947    2   38   84    1   1   1
  10948    3   38   84    1   1   1
  10949    0   39   84    1   1   1
  10950    1   39   84    1   1   1
  10951    2   39   84    1   1   1
  10952    3   39   84    1   1   1
  10953    0   40   84    1   1   1
  10954    1   40   84    1   1   1
  10955    2   40   84    1   1   1
  10956    3   40   84    1   1   1
  10957    1   41   84    1   1   1
  10958    2   41   84    1   1   1
  10959    1   42   84    1   1   1
  10960    2   42   84    1   1   1
  10961    1   43   84    1   1   1
  10962    2   43   84    1   1   1
  10963    0   44   84    1   1   1
  10964    1   44   84    1   1   1
  10965    2   44   84    1   1   1
  10966    3   44   84    1   1   1
  10967    1   45   84    1   1   1
  10968    2   45   84    1   1   1
  10969    1   46   84    1   1   1
  10970    2   46   84    1   1   1
  10971    1   47   84    1   1   1
  10972    2   47   84    1   1   1
  10973    1   48   84    1   1   1
  10974    2   48   84    1   1   1
  10975    1   49   84    1   1   1
  10976    2   49   84    1   1   1
  10977    0   52   84    1   1   1
  10978    3   52   84    1   1   1
  10979    0   53   84    1   1   1
  10980    1   53   84    1   1   1
  10981    2   53   84    1   1   1
  10982    3   53   84    1   1   1
  10983    0   38   85    1   1   1
  10984    1   38   85    1   1   1
  10985    2   38   85    1   1   1
  10986    3   38   85    1   1   1
  10987    0   39   85    1   1   1
  10988    1   39   85    1   1   1
  10989    2   39   85    1   1   1
  10990    3   39   85    1   1   1
  10991    1   40   85    1   1   1
  10992    2   40   85    1   1   1
  10993    1   41   85    1   1   1
  10994    2   41   85    1   1   1
  10995    1   42   85    1   1   1
  10996    2   42   85    1   1   1
  10997    1   43   85    1   1   1
  10998    2   43   85    1   1   1
  10999    0   44   85    1   1   1
  11000    1   44   85    1   1   1
  11001    2   44   85    1   1   1
  11002    3   44   85    1   1   1
  11003    0   45   85    1   1   1
  11004    1   45   85    1   1   1
  11005    2   45   85    1   1   1
  11006    3   45   85    1   1   1
  11007    1   46   85    1   1   1
  11008    2   46   85    1   1   1
  11009    1   47   85    1   1   1
  11010    2   47   85    1   1   1
  11011    1   48   85    1   1   1
  11012    2   48   85    1   1   1
  11013    1   49   85    1   1   1
  11014    2   49   85    1   1   1
  11015    1   50   85    1   1   1
  11016    2   50   85    1   1   1
  11017    1   51   85    1   1   1
  11018    2   51   85    1   1   1
  11019    0   36   86    1   1   1
  11020    1   36   86    1   1   1
  11021    2   36   86    1   1   1
  11022    3   36   86    1   1   1
  11023    0   37   86    1   1   1
  11024    1   37   86    1   1   1
  11025    2   37   86    1   1   1
  11026    3   37   86    1   1   1
  11027    0   38   86    1   1   1
  11028    1   38   86    1   1   1
  11029    2   38   86    1   1   1
  11030    3   38   86    1   1   1
  11031    0   39   86    1   1   1
  11032    1   39   86    1   1   1
  11033    2   39   86    1   1   1
  11034    3   39   86    1   1   1
  11035    1   40   86    1   1   1
  11036    2   40   86    1   1   1
  11037    1   41   86    1   1   1
  11038    2   41   86    1   1   1
  11039    1   42   86    1   1   1
  11040    2   42   86    1   1   1
  11041    1   43   86    1   1   1
  11042    2   43   86    1   1   1
  11043    0   44   86    1   1   1
  11044    1   44   86    1   1   1
  11045    2   44   86    1   1   1
  11046    3   44   86    1   1   1
  11047    1   45   86    1   1   1
  11048    2   45   86    1   1   1
  11049    1   46   86    1   1   1
  11050    2   46   86    1   1   1
  11051    1   47   86    1   1   1
  11052    2   47   86    1   1   1
  11053    1   48   86    1   1   1
  11054    2   48   86    1   1   1
  11055    1   49   86    1   1   1
  11056    2   49   86    1   1   1
  11057    1   50   86    1   1   1
  11058    2   50   86    1   1   1
  11059    1   51   86    1   1   1
  11060    2   51   86    1   1   1
  11061    1   52   86    1   1   1
  11062    2   52   86    1   1   1
  11063    1   53   86    1   1   1
  11064    2   53   86    1   1   1
  11065    1   54   86    1   1   1
  11066    2   54   86    1   1   1
  11067    0   36   87    1   1   1
  11068    1   36   87    1   1   1
  11069    2   36   87    1   1   1
  11070    3   36   87    1   1   1
  11071    0   37   87    1   1   1
  11072    3   37   87    1   1   1
  11073    0   38   87    1   1   1
  11074    1   38   87    1   1   1
  11075    2   38   87    1   1   1
  11076    3   38   87    1   1   1
  11077    0   39   87    1   1   1
  11078    1   39   87    1   1   1
  11079    2   39   87    1   1   1
  11080    3   39   87    1   1   1
  11081    1   40   87    1   1   1
  11082    2   40   87    1   1   1
  11083    1   41   87    1   1   1
  11084    2   41   87    1   1   1
  11085    1   42   87    1   1   1
  11086    2   42   87    1   1   1
  11087    1   43   87    1   1   1
  11088    2   43   87    1   1   1
  11089    0   44   87    1   1   1
  11090    1   44   87    1   1   1
  11091    2   44   87    1   1   1
  11092    3   44   87    1   1   1
  11093    0   45   87    1   1   1
  11094    1   45   87    1   1   1
  11095    2   45   87    1   1   1
  11096    3   45   87    1   1   1
  11097    1   46   87    1   1   1
  11098    2   46   87    1   1   1
  11099    1   47   87    1   1   1
  11100    2   47   87    1   1   1
  11101    1   48   87    1   1   1
  11102    2   48   87    1   1   1
  11103    1   49   87    1   1   1
  11104    2   49   87    1   1   1
  11105    1   50   87    1   1   1
  11106    2   50   87    1   1   1
  11107    1   51   87    1   1   1
  11108    2   51   87    1   1   1
  11109    1   52   87    1   1   1
  11110    2   52   87    1   1   1
  11111    1   53   87    1   1   1
  11112    2   53   87    1   1   1
  11113    1   54   87    1   1   1
  11114    2   54   87    1   1   1
  11115    1   55   87    1   1   1
  11116    2   55   87    1   1   1
  11117    1   56   87    1   1   1
  11118    2   56   87    1   1   1
  11119    0   37   88    1   1   1
  11120    1   37   88    1   1   1
  11121    2   37   88    1   1   1
  11122    3   37   88    1   1   1
  11123    0   38   88    1   1   1
  11124    1   38   88    1   1   1
  11125    2   38   88    1   1   1
  11126    3   38   88    1   1   1
  11127    1   39   88    1   1   1
  11128    2   39   88    1   1   1
  11129    1   40   88    1   1   1
  11130    2   40   88    1   1   1
  11131    1   41   88    1   1   1
  11132    2   41   88    1   1   1
  11133    1   42   88    1   1   1
  11134    2   42   88    1   1   1
  11135    1   43   88    1   1   1
  11136    2   43   88    1   1   1
  11137    0   44   88    1   1   1
  11138    1   44   88    1   1   1
  11139    2   44   88    1   1   1
  11140    3   44   88    1   1   1
  11141    1   45   88    1   1   1
  11142    2   45   88    1   1   1
  11143    1   46   88    1   1   1
  11144    2   46   88    1   1   1
  11145    1   47   88    1   1   1
  11146    2   47   88    1   1   1
  11147    1   48   88    1   1   1
  11148    2   48   88    1   1   1
  11149    1   49   88    1   1   1
  11150    2   49   88    1   1   1
  11151    1   51   88    1   1   1
  11152    2   51   88    1   1   1
  11153    1   52   88    1   1   1
  11154    2   52   88    1   1   1
  11155    1   53   88    1   1   1
  11156    2   53   88    1   1   1
  11157    1   54   88    1   1   1
  11158    2   54   88    1   1   1
  11159    1   55   88    1   1   1
  11160    2   55   88    1   1   1
  11161    1   56   88    1   1   1
  11162    2   56   88    1   1   1
  11163    0   37   89    1   1   1
  11164    1   37   89    1   1   1
  11165    2   37   89    1   1   1
  11166    3   37   89    1   1   1
  11167    0   38   89    1   1   1
  11168    1   38   89    1   1   1
  11169    2   38   89    1   1   1
  11170    3   38   89    1   1   1
  11171    0   39   89    1   1   1
  11172    1   39   89    1   1   1
  11173    2   39   89    1   1   1
  11174    3   39   89    1   1   1
  11175    1   40   89    1   1   1
  11176    2   40   89    1   1   1
  11177    1   41   89    1   1   1
  11178    2   41   89    1   1   1
  11179    1   42   89    1   1   1
  11180    2   42   89    1   1   1
  11181    1   43   89    1   1   1
  11182    2   43   89    1   1   1
  11183    0   44   89    1   1   1
  11184    1   44   89    1   1   1
  11185    2   44   89    1   1   1
  11186    3   44   89    1   1   1
  11187    0   45   89    1   1   1
  11188    1   45   89    1   1   1
  11189    2   45   89    1   1   1
  11190    3   45   89    1   1   1
  11191    1   46   89    1   1   1
  11192    2   46   89    1   1   1
  11193    1   47   89    1   1   1
  11194    2   47   89    1   1   1
  11195    1   48   89    1   1   1
  11196    2   48   89    1   1   1
  11197    1   49   89    1   1   1
  11198    2   49   89    1   1   1
  11199    1   50   89    1   1   1
  11200    2   50   89    1   1   1
  11201    1   52   89    1   1   1
  11202    2   52   89    1   1   1
  11203    1   53   89    1   1   1
  11204    2   53   89    1   1   1
  11205    1   54   89    1   1   1
  11206    2   54   89    1   1   1
  11207    1   55   89    1   1   1
  11208    2   55   89    1   1   1
  11209    1   56   89    1   1   1
  11210    2   56   89    1   1   1
  11211    0   37   90    1   1   1
  11212    1   37   90    1   1   1
  11213    2   37   90    1   1   1
  11214    3   37   90    1   1   1
  11215    1   40   90    1   1   1
  11216    2   40   90    1   1   1
  11217    1   41   90    1   1   1
  11218    2   41   90    1   1   1
  11219    1   42   90    1   1   1
  11220    2   42   90    1   1   1
  11221    1   43   90    1   1   1
  11222    2   43   90    1   1   1
  11223    0   44   90    1   1   1
  11224    1   44   90    1   1   1
  11225    2   44   90    1   1   1
  11226    3   44   90    1   1   1
  11227    1   45   90    1   1   1
  11228    2   45   90    1   1   1
  11229    1   46   90    1   1   1
  11230    2   46   90    1   1   1
  11231    1   47   90    1   1   1
  11232    2   47   90    1   1   1
  11233    1   48   90    1   1   1
  11234    2   48   90    1   1   1
  11235    1   49   90    1   1   1
  11236    2   49   90    1   1   1
  11237    1   50   90    1   1   1
  11238    2   50   90    1   1   1
  11239    1   51   90    1   1   1
  11240    2   51   90    1   1   1
  11241    1   53   90    1   1   1
  11242    2   53   90    1   1   1
  11243    1   54   90    1   1   1
  11244    2   54   90    1   1   1
  11245    1   55   90    1   1   1
  11246    2   55   90    1   1   1
  11247    1   38   91    1   1   1
  11248    2   38   91    1   1   1
  11249    1   39   91    1   1   1
  11250    2   39   91    1   1   1
  11251    1   40   91    1   1   1
  11252    2   40   91    1   1   1
  11253    1   41   91    1   1   1
  11254    2   41   91    1   1   1
  11255    1   42   91    1   1   1
  11256    2   42   91    1   1   1
  11257    1   43   91    1   1   1
  11258    2   43   91    1   1   1
  11259    0   44   91    1   1   1
  11260    1   44   91    1   1   1
  11261    2   44   91    1   1   1
  11262    3   44   91    1   1   1
  11263    0   45   91    1   1   1
  11264    1   45   91    1   1   1
  11265    2   45   91    1   1   1
  11266    3   45   91    1   1   1
  11267    1   46   91    1   1   1
  11268    2   46   91    1   1   1
  11269    1   47   91    1   1   1
  11270    2   47   91    1   1   1
  11271    1   48   91    1   1   1
  11272    2   48   91    1   1   1
  11273    1   49   91    1   1   1
  11274    2   49   91    1   1   1
  11275    1   50   91    1   1   1
  11276    2   50   91    1   1   1
  11277    1   38   92    1   1   1
  11278    2   38   92    1   1   1
  11279    1   39   92    1   1   1
  11280    2   39   92    1   1   1
  11281    1   40   92    1   1   1
  11282    2   40   92    1   1   1
  11283    1   41   92    1   1   1
  11284    2   41   92    1   1   1
  11285    1   42   92    1   1   1
  11286    2   42   92    1   1   1
  11287    1   43   92    1   1   1
  11288    2   43   92    1   1   1
  11289    0   44   92    1   1   1
  11290    1   44   92    1   1   1
  11291    2   44   92    1   1   1
  11292    3   44   92    1   1   1
  11293    0   45   92    1   1   1
  11294    1   45   92    1   1   1
  11295    2   45   92    1   1   1
  11296    3   45   92    1   1   1
  11297    1   46   92    1   1   1
  11298    2   46   92    1   1   1
  11299    1   47   92    1   1   1
  11300    2   47   92    1   1   1
  11301    1   48   92    1   1   1
  11302    2   48   92    1   1   1
  11303    1   49   92    1   1   1
  11304    2   49   92    1   1   1
  11305    1   51   92    1   1   1
  11306    2   51   92    1   1   1
  11307    1   38   93    1   1   1
  11308    2   38   93    1   1   1
  11309    1   39   93    1   1   1
  11310    2   39   93    1   1   1
  11311    1   40   93    1   1   1
  11312    2   40   93    1   1   1
  11313    1   41   93    1   1   1
  11314    2   41   93    1   1   1
  11315    1   42   93    1   1   1
  11316    2   42   93    1   1   1
  11317    1   43   93    1   1   1
  11318    2   43   93    1   1   1
  11319    0   44   93    1   1   1
  11320    1   44   93    1   1   1
  11321    2   44   93    1   1   1
  11322    3   44   93    1   1   1
  11323    0   45   93    1   1   1
  11324    1   45   93    1   1   1
  11325    2   45   93    1   1   1
  11326    3   45   93    1   1   1
  11327    1   46   93    1   1   1
  11328    2   46   93    1   1   1
  11329    1   47   93    1   1   1
  11330    2   47   93    1   1   1
  11331    1   48   93    1   1   1
  11332    2   48   93    1   1   1
  11333    1   49   93    1   1   1
  11334    2   49   93    1   1   1
  11335    1   50   93    1   1   1
  11336    2   50   93    1   1   1
  11337    1   37   94    1   1   1
  11338    2   37   94    1   1   1
  11339    1   38   94    1   1   1
  11340    2   38   94    1   1   1
  11341    1   39   94    1   1   1
  11342    2   39   94    1   1   1
  11343    1   40   94    1   1   1
  11344    2   40   94    1   1   1
  11345    1   41   94    1   1   1
  11346    2   41   94    1   1   1
  11347    1   42   94    1   1   1
  11348    2   42   94    1   1   1
  11349    1   43   94    1   1   1
  11350    2   43   94    1   1   1
  11351    0   44   94    1   1   1
  11352    1   44   94    1   1   1
  11353    2   44   94    1   1   1
  11354    3   44   94    1   1   1
  11355    0   45   94    1   1   1
  11356    1   45   94    1   1   1
  11357    2   45   94    1   1   1
  11358    3   45   94    1   1   1
  11359    1   46   94    1   1   1
  11360    2   46   94    1   1   1
  11361    1   47   94    1   1   1
  11362    2   47   94    1   1   1
  11363    1   48   94    1   1   1
  11364    2   48   94    1   1   1
  11365    1   49   94    1   1   1
  11366    2   49   94    1   1   1
  11367    1   50   94    1   1   1
  11368    2   50   94    1   1   1
  11369    1   51   94    1   1   1
  11370    2   51   94    1   1   1
  11371    1   38   95    1   1   1
  11372    2   38   95    1   1   1
  11373    1   39   95    1   1   1
  11374    2   39   95    1   1   1
  11375    1   40   95    1   1   1
  11376    2   40   95    1   1   1
  11377    1   41   95    1   1   1
  11378    2   41   95    1   1   1
  11379    1   42   95    1   1   1
  11380    2   42   95    1   1   1
  11381    1   43   95    1   1   1
  11382    2   43   95    1   1   1
  11383    0   44   95    1   1   1
  11384    1   44   95    1   1   1
  11385    2   44   95    1   1   1
  11386    3   44   95    1   1   1
  11387    0   45   95    1   1   1
  11388    1   45   95    1   1   1
  11389    2   45   95    1   1   1
  11390    3   45   95    1   1   1
  11391    1   46   95    1   1   1
  11392    2   46   95    1   1   1
  11393    1   47   95    1   1   1
  11394    2   47   95    1   1   1
  11395    1   48   95    1   1   1
  11396    2   48   95    1   1   1
  11397    1   49   95    1   1   1
  11398    2   49   95    1   1   1
  11399    1   50   95    1   1   1
  11400    2   50   95    1   1   1
  11401    1   38   96    1   1   1
  11402    2   38   96    1   1   1
  11403    1   39   96    1   1   1
  11404    2   39   96    1   1   1
  11405    1   40   96    1   1   1
  11406    2   40   96    1   1   1
  11407    1   41   96    1   1   1
  11408    2   41   96    1   1   1
  11409    1   42   96    1   1   1
  11410    2   42   96    1   1   1
  11411    1   43   96    1   1   1
  11412    2   43   96    1   1   1
  11413    0   44   96    1   1   1
  11414    1   44   96    1   1   1
  11415    2   44   96    1   1   1
  11416    3   44   96    1   1   1
  11417    1   45   96    1   1   1
  11418    2   45   96    1   1   1
  11419    1   46   96    1   1   1
  11420    2   46   96    1   1   1
  11421    1   47   96    1   1   1
  11422    2   47   96    1   1   1
  11423    1   48   96    1   1   1
  11424    2   48   96    1   1   1
  11425    1   49   96    1   1   1
  11426    2   49   96    1   1   1
  11427    1   50   96    1   1   1
  11428    2   50   96    1   1   1
  11429    1   40   97    1   1   1
  11430    2   40   97    1   1   1
  11431    1   41   97    1   1   1
  11432    2   41   97    1   1   1
  11433    1   42   97    1   1   1
  11434    2   42   97    1   1   1
  11435    1   43   97    1   1   1
  11436    2   43   97    1   1   1
  11437    0   44   97    1   1   1
  11438    1   44   97    1   1   1
  11439    2   44   97    1   1   1
  11440    3   44   97    1   1   1
  11441    1   45   97    1   1   1
  11442    2   45   97    1   1   1
  11443    1   46   97    1   1   1
  11444    2   46   97    1   1   1
  11445    1   47   97    1   1   1
  11446    2   47   97    1   1   1
  11447    1   48   97    1   1   1
  11448    2   48   97    1   1   1
  11449    1   49   97    1   1   1
  11450    2   49   97    1   1   1
  11451    1   50   97    1   1   1
  11452    2   50   97    1   1   1
  11453    1   39   98    1   1   1
  11454    2   39   98    1   1   1
  11455    1   40   98    1   1   1
  11456    2   40   98    1   1   1
  11457    1   41   98    1   1   1
  11458    2   41   98    1   1   1
  11459    1   42   98    1   1   1
  11460    2   42   98    1   1   1
  11461    1   43   98    1   1   1
  11462    2   43   98    1   1   1
  11463    0   44   98    1   1   1
  11464    1   44   98    1   1   1
  11465    2   44   98    1   1   1
  11466    3   44   98    1   1   1
  11467    1   45   98    1   1   1
  11468    2   45   98    1   1   1
  11469    1   46   98    1   1   1
  11470    2   46   98    1   1   1
  11471    1   47   98    1   1   1
  11472    2   47   98    1   1   1
  11473    1   48   98    1   1   1
  11474    2   48   98    1   1   1
  11475    1   49   98    1   1   1
  11476    2   49   98    1   1   1
  11477    1   50   98    1   1   1
  11478    2   50   98    1   1   1
  11479    1   41   99    1   1   1
  11480    2   41   99    1   1   1
  11481    1   42   99    1   1   1
  11482    2   42   99    1   1   1
  11483    1   43   99    1   1   1
  11484    2   43   99    1   1   1
  11485    0   44   99    1   1   1
  11486    1   44   99    1   1   1
  11487    2   44   99    1   1   1
  11488    3   44   99    1   1   1
  11489    1   45   99    1   1   1
  11490    2   45   99    1   1   1
  11491    1   46   99    1   1   1
  11492    2   46   99    1   1   1
  11493    1   47   99    1   1   1
  11494    2   47   99    1   1   1
  11495    1   48   99    1   1   1
  11496    2   48   99    1   1   1
  11497    1   43  100    1   1   1
  11498    2   43  100    1   1   1
  11499    1   44  100    1   1   1
  11500    2   44  100    1   1   1
  11501    1   45  100    1   1   1
  11502    2   45  100    1   1   1
  11503    1   46  100    1   1   1
  11504    2   46  100    1   1   1
  11505    1   44  101    1   1   1
  11506    2   44  101    1   1   1
  11507    1   45  101    1   1   1
  11508    2   45  101    1   1   1
 -- > Threshold_CBFM =  1.0E-3
